TIMECODE,TimeStampFromIndex,SRTCNT,DIFFTIME,DATE,ISO,SHUTTER,FNUM,EV,CT,FOCAL_LEN,DZOOM_RATIO,DELTA,LATITUDE,LONGITUDE,ALTITUDE,GPS.LONGITUDE,GPS.LATITUDE,SPEED.TWOD,SPEED.VERTICAL,SPEED.THREED,DISTANCE,NAME
00:00:00.000,0.33333333,1,33,1.71855E+12,100,500,2.8,0,5558,224,10000,0,62.395333,28.759291,41.45399999999991,28.759285295000012,62.39532736000014,0,0,0,0,DJI_0056
00:00:00.033,0.66666667,2,33,1.71855E+12,100,500,2.8,0,5558,224,10000,0,62.395333,28.759291,41.45299999999991,28.759285020000014,62.395327105000135,3.4618223163755117,-0.109090909,3.4635407571734658,0.031749123607423435,DJI_0056
00:00:00.066,1,3,34,1.71855E+12,100,500,2.8,0,5558,224,10000,0,62.395333,28.759291,41.451999999999906,28.759284745000016,62.39532685000013,3.360003734860633,-0.105882353,3.3616716334201753,0.063498245,DJI_0056
00:00:00.100,1.33333333,4,33,1.71855E+12,100,500,2.8,0,5558,224,10000,0,62.395333,28.759291,41.450999999999915,28.759284450000024,62.39532657000012,3.7838699724467117,-0.109090909,3.785442219190504,0.098198132,DJI_0056
00:00:00.133,1.66666667,5,33,1.71855E+12,100,500,2.8,0,5558,224,10000,0,62.395333,28.759291,41.44999999999991,28.759284155000028,62.39532629000012,3.7838698561195097,-0.109090909,3.7854421029116634,0.13289801754232827,DJI_0056
00:00:00.166,2,6,34,1.71855E+12,100,500,2.8,0,5557,224,10000,0,62.395333,28.759291,41.44899999999991,28.759283860000032,62.39532601000012,3.6725794380863936,-0.105882353,3.674105442379039,0.1675979022759081,DJI_0056
00:00:00.200,2.33333333,7,33,1.71855E+12,100,500,2.8,0,5557,224,10000,0,62.395333,28.759291,41.44799999999991,28.759283535000037,62.39532570500011,4.130793984372855,-0.109090909,4.132234234379431,0.2054767160910529,DJI_0056
00:00:00.233,2.66666667,8,33,1.71855E+12,100,500,2.8,0,5556,224,10000,0,62.395333,28.759291,41.44699999999992,28.759283210000035,62.39532540000011,4.130793747247045,-0.109090909,4.132233997336227,0.24335552773330166,DJI_0056
00:00:00.266,3,9,34,1.71855E+12,100,500,2.8,0,5556,224,10000,0,62.395333,28.759291,41.44599999999991,28.75928288500004,62.39532509500011,4.009299925199503,-0.105882353,4.010697814953055,0.2812343404300805,DJI_0056
00:00:00.300,3.33333333,10,33,1.71855E+12,100,500,2.8,0,5556,224,10000,0,62.395333,28.759292,41.444999999999915,28.759282535000043,62.395324765000105,4.465307277518288,-0.109090909,4.4666396663603845,0.32217853737171737,DJI_0056
00:00:00.333,3.66666667,11,33,1.71855E+12,100,500,2.8,0,5556,224,10000,0,62.395333,28.759292,41.44399999999992,28.759282185000043,62.395324435000106,4.465307009770585,-0.109090909,4.466639398692551,0.36312273185973243,DJI_0056
00:00:00.366,4,12,34,1.71855E+12,100,500,2.8,0,5556,224,10000,0,62.395333,28.759292,41.44299999999992,28.759281835000046,62.39532410500011,4.333974594526457,-0.105882353,4.335267795496037,0.4040669277060839,DJI_0056
00:00:00.400,4.33333333,13,33,1.71855E+12,100,500,2.8,0,5556,224,10000,0,62.395333,28.759292,41.441999999999915,28.759281455000046,62.39532375000011,4.812269334674803,-0.109090909,4.813505684622993,0.44819073,DJI_0056
00:00:00.433,4.66666667,14,34,1.71855E+12,100,500,2.8,0,5556,224,10000,0,62.395333,28.759292,41.440999999999924,28.759281075000043,62.395323395000105,4.670732012229466,-0.105882353,4.671931998941045,0.492314532,DJI_0056
00:00:00.467,5,15,33,1.71855E+12,100,500,2.8,0,5556,224,10000,0,62.395333,28.759292,41.43999999999992,28.759280695000047,62.39532304,4.812269341286788,-0.109090909,4.813505691,0.5364383341969874,DJI_0056
00:00:00.500,5.33333333,16,33,1.71855E+12,100,500,2.8,0,5556,224,10000,0,62.395333,28.759292,41.43899999999992,28.759280290000053,62.395322660000105,5.1467669890302865,-0.109090909,5.147923005,0.5836276284098523,DJI_0056
00:00:00.533,5.66666667,17,34,1.71855E+12,100,500,2.8,0,5556,224,10000,0,62.395333,28.759292,41.43799999999992,28.759279885000055,62.39532228,4.995391636227858,-0.105882353,4.9965136517335464,0.630816924,DJI_0056
00:00:00.567,6,18,33,1.71855E+12,100,500,2.8,0,5556,224,10000,0,62.395333,28.759292,41.43699999999993,28.75927948000006,62.39532190000009,5.146767291681664,-0.109090909,5.147923307623208,0.6780062209961041,DJI_0056
00:00:00.600,6.33333333,19,33,1.71855E+12,100,500,2.8,0,5556,224,10000,0,62.395333,28.759292,41.43599999999992,28.759279045000063,62.39532149500009,5.493756606577995,-0.109090909,5.494839622661044,0.7283755842038303,DJI_0056
00:00:00.633,6.66666667,20,34,1.71855E+12,100,500,2.8,0,5556,224,10000,0,62.395333,28.759292,41.434999999999924,28.75927861000006,62.39532109000008,5.332175559703477,-0.105882353,5.333226722366431,0.7787449476928466,DJI_0056
00:00:00.667,7,21,33,1.71855E+12,100,500,2.8,0,5556,224,10000,0,62.395333,28.759292,41.433999999999926,28.759278175000063,62.39532068500008,5.493756620116424,-0.109090909,5.494839636196789,0.8291143110246505,DJI_0056
00:00:00.700,7.33333333,22,33,1.71855E+12,100,500,2.8,0,5556,224,10000,0,62.395333,28.759292,41.43299999999993,28.75927771000006,62.39532025000007,5.8951407474325865,-0.109090909,5.896150036972115,0.8831623530302282,DJI_0056
00:00:00.733,7.66666667,23,34,1.71855E+12,100,500,2.8,0,5556,224,10000,0,62.395333,28.759292,41.431999999999924,28.759277245000057,62.395319815000065,5.721754255807715,-0.105882353,5.722733860360638,0.9372103950447452,DJI_0056
00:00:00.767,8,24,33,1.71855E+12,100,500,2.8,0,5557,224,10000,0,62.395333,28.759292,41.43099999999993,28.75927678000006,62.39531938000005,5.895140749383312,-0.109090909,5.896150038922492,0.9912584370682014,DJI_0056
00:00:00.800,8.33333333,25,34,1.71855E+12,100,500,2.8,0,5557,224,10000,0,62.395333,28.759292,41.429999999999936,28.75927628500006,62.39531892000005,6.058553255006112,-0.105882353,6.0594784112503834,1.0484868442855662,DJI_0056
00:00:00.834,8.66666667,26,33,1.71855E+12,100,500,2.8,0,5558,224,10000,0,62.395333,28.759292,41.42899999999993,28.75927579000006,62.395318460000055,6.242145504470364,-0.109090909,6.243098695794098,1.1057152489970121,DJI_0056
00:00:00.867,9,27,33,1.71855E+12,100,500,2.8,0,5558,224,10000,0,62.395333,28.759292,41.42799999999994,28.759275295000062,62.39531800000006,6.242145661817618,-0.109090909,6.243098853117302,1.1629436551505874,DJI_0056
00:00:00.900,9.33333333,28,34,1.71855E+12,100,500,2.8,0,5558,224,10000,0,62.395333,28.759292,41.42699999999994,28.75927477000006,62.39531751000006,6.448122940381432,-0.105882353,6.4489922101780826,1.2238508038022693,DJI_0056
00:00:00.934,9.66666667,29,33,1.71855E+12,100,500,2.8,0,5558,224,10000,0,62.395333,28.759292,41.42599999999995,28.75927424500006,62.39531702000006,6.643520472428055,-0.109090909,6.644416083751586,1.284757951236659,DJI_0056
00:00:00.967,10,30,33,1.71855E+12,100,500,2.8,0,5559,224,10000,0,62.395333,28.759292,41.42499999999995,28.75927372000006,62.39531653000005,6.643520664130582,-0.109090909,6.644416275428297,1.345665100428085,DJI_0056
00:00:01.000,10.33333333,31,34,1.71855E+12,100,500,2.8,0,5559,224,10000,0,62.395333,28.759292,41.42399999999995,28.759273160000056,62.39531601000005,6.849859324888271,-0.105882353,6.850677619288702,1.410365944610256,DJI_0056
00:00:01.034,10.66666667,32,33,1.71855E+12,100,500,2.8,0,5560,224,10000,0,62.395333,28.759292,41.42299999999996,28.759272600000052,62.39531549000006,7.057430705761571,-0.109090909,7.058273796975598,1.4750667877491992,DJI_0056
00:00:01.067,11,33,34,1.71855E+12,100,500,2.8,0,5560,224,10000,0,62.395333,28.759292,41.42199999999996,28.759272040000052,62.39531497000005,6.849859356782078,-0.105882353,6.850677651178699,1.5397676322325535,DJI_0056
00:00:01.101,11.33333333,34,33,1.71855E+12,100,500,2.8,0,5560,224,10000,0,62.395333,28.759291,41.42099999999996,28.75927144500005,62.39531442000005,7.471367191695099,-0.109090909,7.472163578213762,1.6082624650328463,DJI_0056
00:00:01.134,11.66666667,35,33,1.71855E+12,100,500,2.8,0,5560,224,10000,0,62.395333,28.759291,41.419999999999966,28.759270850000053,62.395313870000045,7.471367325274597,-0.109090909,7.472163711779001,1.676757299057487,DJI_0056
00:00:01.167,12,36,34,1.71855E+12,100,500,2.8,0,5560,224,10000,0,62.395333,28.759291,41.41899999999997,28.75927025500005,62.39531332000004,7.251621136,-0.105882353,7.252394099103282,1.7452521322156846,DJI_0056
00:00:01.201,12.33333333,37,33,1.71855E+12,100,500,2.8,0,5560,224,10000,0,62.395332,28.759291,41.417999999999964,28.759269630000052,62.39531273500004,7.927086979212787,-0.109090909,7.927837586785648,1.8179239767612199,DJI_0056
00:00:01.234,12.66666667,38,33,1.71855E+12,100,500,2.8,0,5561,224,10000,0,62.395332,28.759291,41.41699999999997,28.75926900500005,62.395312150000045,7.927087009680555,-0.109090909,7.927837617250511,1.8905958215860161,DJI_0056
00:00:01.267,13,39,34,1.71855E+12,100,500,2.8,0,5561,224,10000,0,62.395332,28.759291,41.41599999999997,28.759268380000048,62.39531156500005,7.693937421320432,-0.105882353,7.694665952194375,1.9632676666900741,DJI_0056
00:00:01.301,13.33333333,40,33,1.71855E+12,100,500,2.8,0,5561,224,10000,0,62.395332,28.75929,41.41499999999997,28.759267720000054,62.395310950000045,8.340979322,-0.109090909,8.341692686090102,2.0397331829792336,DJI_0056
00:00:01.334,13.66666667,41,33,1.71855E+12,100,500,2.8,0,5561,224,10000,0,62.395332,28.75929,41.413999999999966,28.759267060000052,62.39531033500005,8.340979217169869,-0.109090909,8.341692582,2.116198698311548,DJI_0056
00:00:01.367,14,42,34,1.71855E+12,100,500,2.8,0,5561,224,10000,0,62.395332,28.75929,41.412999999999975,28.75926640000005,62.39530972000005,8.095656481703186,-0.105882353,8.096348864914786,2.1926642153690765,DJI_0056
00:00:01.401,14.33333333,43,33,1.71855E+12,100,500,2.8,0,5561,224,10000,0,62.395331,28.759289,41.41199999999998,28.759265710000044,62.39530907500006,8.742363354,-0.109090909,8.743043968923605,2.2728087850842096,DJI_0056
00:00:01.434,14.66666667,44,34,1.71855E+12,100,500,2.8,0,5561,224,10000,0,62.395331,28.759289,41.41099999999997,28.759265020000043,62.39530843000006,8.485235175166615,-0.105882353,8.485895771841019,2.352953356262708,DJI_0056
00:00:01.468,15,45,33,1.71855E+12,100,500,2.8,0,5561,224,10000,0,62.395331,28.759289,41.40999999999998,28.759264330000036,62.39530778500006,8.742363582727894,-0.109090909,8.743044197477955,2.4330979280729226,DJI_0056
00:00:01.501,15.33333333,46,33,1.71855E+12,100,500,2.8,0,5562,224,10000,0,62.395331,28.759289,41.408999999999985,28.759263605000037,62.39530711000006,9.156261829450127,-0.109090909,9.156911680031188,2.5170362851398753,DJI_0056
00:00:01.534,15.66666667,47,34,1.71855E+12,100,500,2.8,0,5562,224,10000,0,62.395331,28.759289,41.407999999999994,28.759262880000037,62.395306435000045,8.886960334659337,-0.105882353,8.887591072,2.6009746452639897,DJI_0056
00:00:01.568,16,48,33,1.71855E+12,100,500,2.8,0,5564,224,10000,0,62.395331,28.759289,41.40699999999999,28.759262155000037,62.39530576000005,9.156261773044243,-0.109090909,9.156911623629318,2.684913001813925,DJI_0056
00:00:01.601,16.33333333,49,33,1.71855E+12,100,500,2.8,0,5564,224,10000,0,62.395329,28.759288,41.40599999999999,28.759261390000038,62.39530505000004,9.637074850353248,-0.109090909,9.637692280715198,2.7732585143871473,DJI_0056
00:00:01.634,16.66666667,50,34,1.71855E+12,100,500,2.8,0,5564,224,10000,0,62.395329,28.759288,41.405,28.759260625000035,62.39530434000004,9.353631248306288,-0.105882353,9.354230518966057,2.861604024844049,DJI_0056
00:00:01.668,17,51,33,1.71855E+12,100,500,2.8,0,5564,224,10000,0,62.395329,28.759288,41.404,28.759259860000032,62.395303630000036,9.637074803264444,-0.109090909,9.637692233629412,2.9499495369856517,DJI_0056
00:00:01.701,17.33333333,52,33,1.71855E+12,100,500,2.8,0,5564,224,10000,0,62.395328,28.759287,41.403,28.75925906000003,62.395302885000035,10.105336158549166,-0.109090909,10.105924980115754,3.0425871826367126,DJI_0056
00:00:01.734,17.66666667,53,34,1.71855E+12,100,500,2.8,0,5564,224,10000,0,62.395328,28.759287,41.40200000000001,28.759258260000028,62.39530214000004,9.808120422104833,-0.105882353,9.808691925388118,3.1352248285987114,DJI_0056
00:00:01.768,18,54,33,1.71855E+12,100,500,2.8,0,5564,224,10000,0,62.395328,28.759287,41.40100000000001,28.75925746000003,62.39530139500004,10.105336226394124,-0.109090909,10.105925047956752,3.2278624748716482,DJI_0056
00:00:01.801,18.33333333,55,34,1.71855E+12,100,500,2.8,0,5564,224,10000,0,62.395327,28.759285,41.399500000000025,28.75925662500003,62.395300620000036,10.209863984716549,-0.158823529,10.211099230734487,3.3243006342730297,DJI_0056
00:00:01.835,18.66666667,56,33,1.71855E+12,100,500,2.8,0,5564,224,10000,0,62.395327,28.759285,41.39800000000003,28.75925579000003,62.39529984500004,10.519254010943767,-0.163636364,10.520526688634009,3.420738795585508,DJI_0056
00:00:01.868,19,57,33,1.71855E+12,100,500,2.8,0,5564,224,10000,0,62.395327,28.759285,41.39650000000004,28.759254955000028,62.395299070000036,10.519253927005815,-0.163636364,10.520526604706209,3.5171769561286483,DJI_0056
00:00:01.901,19.33333333,58,34,1.71855E+12,100,500,2.8,0,5564,224,10000,0,62.395326,28.759284,41.39550000000003,28.759254085000023,62.39529826000003,10.66435271840918,-0.105882353,10.664878338514034,3.6179008071035033,DJI_0056
00:00:01.935,19.66666667,59,33,1.71855E+12,100,500,2.8,0,5564,224,10000,0,62.395326,28.759284,41.39450000000002,28.759253215000022,62.39529745000004,10.98751494907418,-0.109090909,10.988056497059661,3.7186246583265503,DJI_0056
00:00:01.968,20,60,33,1.71855E+12,100,500,2.8,0,5564,224,10000,0,62.395326,28.759284,41.393500000000024,28.759252345000018,62.395296640000026,10.987515023997167,-0.109090909,10.988056571978944,3.8193485102363574,DJI_0056
00:00:02.001,20.33333333,61,34,1.71855E+12,100,500,2.8,0,5564,224,10000,0,62.395324,28.759282,41.39250000000003,28.759251435000014,62.39529579500002,11.131022916006346,-0.105882353,11.131526500409668,3.9244795938513377,DJI_0056
00:00:02.035,20.66666667,62,33,1.71855E+12,100,500,2.8,0,5562,224,10000,0,62.395324,28.759282,41.391500000000036,28.759250525000006,62.395294950000014,11.46832673718687,-0.109090909,11.468845581719256,4.029610678350431,DJI_0056
00:00:02.068,21,63,33,1.71855E+12,100,500,2.8,0,5562,224,10000,0,62.395324,28.759282,41.39050000000004,28.75924962,62.39529410500001,11.468326631467844,-0.109090909,11.46884547600502,4.134741761880477,DJI_0056
00:00:02.101,21.33333333,64,34,1.71855E+12,100,500,2.8,0,5562,224,10000,0,62.395322,28.75928,41.389500000000034,28.75924867,62.39529322500002,11.585513074464508,-0.105882353,11.585996904507288,4.244165065978601,DJI_0056
00:00:02.135,21.66666667,65,33,1.71855E+12,100,500,2.8,0,5560,224,10000,0,62.395322,28.75928,41.38850000000004,28.759247725000005,62.39529234500001,11.936589574459292,-0.109090909,11.937088066004051,4.353588373250305,DJI_0056
00:00:02.168,22,66,34,1.71855E+12,100,500,2.8,0,5560,224,10000,0,62.395322,28.75928,41.387500000000045,28.75924678,62.39529146500001,11.585513209537847,-0.105882353,11.58599703957498,4.463011678624069,DJI_0056
00:00:02.202,22.33333333,67,33,1.71855E+12,100,500,2.8,0,5560,224,10000,0,62.39532,28.759278,41.38650000000005,28.75924580000001,62.39529055000002,12.404866193230795,-0.109090909,12.405345867746153,4.576727349078409,DJI_0056
00:00:02.235,22.66666667,68,33,1.71855E+12,100,500,2.8,0,5559,224,10000,0,62.39532,28.759278,41.38550000000005,28.759244820000006,62.39528963500002,12.404866544887119,-0.109090909,12.405346219388878,4.690443023,DJI_0056
00:00:02.268,23,69,34,1.71855E+12,100,500,2.8,0,5559,224,10000,0,62.39532,28.759278,41.38450000000005,28.759243840000007,62.395288720000025,12.040017482653733,-0.105882353,12.040483049083695,4.8041586959974865,DJI_0056
00:00:02.302,23.33333333,70,33,1.71855E+12,100,500,2.8,0,5558,224,10000,0,62.395317,28.759275,41.383500000000055,28.75924283,62.395287770000024,12.873156031371249,-0.109090909,12.873618257291778,4.9221668633559945,DJI_0056
00:00:02.335,23.66666667,71,33,1.71855E+12,100,500,2.8,0,5558,224,10000,0,62.395317,28.759275,41.382500000000064,28.759241810000002,62.39528682000003,12.873156111725578,-0.109090909,12.873618337643215,5.040175031451057,DJI_0056
00:00:02.368,24,72,34,1.71855E+12,100,500,2.8,0,5557,224,10000,0,62.395317,28.759275,41.38150000000006,28.7592408,62.39528587000002,12.49453422,-0.105882353,12.494982850934868,5.1581832028209975,DJI_0056
00:00:02.402,24.33333333,73,33,1.71855E+12,100,500,2.8,0,5557,224,10000,0,62.395314,28.759272,41.38050000000007,28.75923975,62.39528488500002,13.341457222311575,-0.109090909,13.341903224098717,5.280483982375236,DJI_0056
00:00:02.435,24.66666667,74,33,1.71855E+12,100,500,2.8,0,5557,224,10000,0,62.395314,28.759272,41.37950000000007,28.7592387,62.395283900000024,13.341457153968417,-0.109090909,13.34190315575785,5.402784761303016,DJI_0056
00:00:02.468,25,75,34,1.71855E+12,100,500,2.8,0,5557,224,10000,0,62.395314,28.759272,41.378500000000074,28.75923765,62.39528291500002,12.949061723101657,-0.105882353,12.949494607179107,5.525085543704152,DJI_0056
00:00:02.502,25.33333333,76,33,1.71855E+12,100,500,2.8,0,5556,224,10000,0,62.395312,28.759269,41.377500000000076,28.75923656,62.39528189500002,13.822230683949831,-0.109090909,13.82266117311607,5.651793271124382,DJI_0056
00:00:02.535,25.66666667,77,34,1.71855E+12,100,500,2.8,0,5556,224,10000,0,62.395312,28.759269,41.37650000000008,28.759235465000007,62.39528087500002,13.415694442920724,-0.105882353,13.41611227064228,5.778500998124892,DJI_0056
00:00:02.569,26,78,33,1.71855E+12,100,500,2.8,0,5555,224,10000,0,62.395312,28.759269,41.37550000000008,28.759234375000005,62.39527985500003,13.822230762592943,-0.109090909,13.822661251756728,5.905208726265996,DJI_0056
00:00:02.602,26.33333333,79,33,1.71855E+12,100,500,2.8,0,5555,224,10000,0,62.395309,28.759266,41.37450000000009,28.75923325,62.395278795000024,14.344992667732702,-0.109090909,14.345407469422089,6.036708294735698,DJI_0056
00:00:02.635,26.66666667,80,34,1.71855E+12,100,500,2.8,0,5555,224,10000,0,62.395309,28.759266,41.373500000000085,28.759232125000004,62.39527773500003,13.923081199286521,-0.105882353,13.9234838,6.1682078639666456,DJI_0056
00:00:02.669,27,81,33,1.71855E+12,100,500,2.8,0,5555,224,10000,0,62.395309,28.759266,41.3725,28.759231000000003,62.39527667500002,14.344993004060049,-0.109090909,14.345407805739704,6.2997074355192595,DJI_0056
00:00:02.702,27.33333333,82,33,1.71855E+12,100,500,2.8,0,5555,224,10000,0,62.395306,28.759263,41.372,28.75922984,62.39527558000003,14.825742066568223,-0.054545455,14.825842405442675,6.435610990902484,DJI_0056
00:00:02.735,27.66666667,83,34,1.71855E+12,100,500,2.8,0,5555,224,10000,0,62.395306,28.759263,41.371500000000104,28.75922867,62.39527448500004,14.389690932147039,-0.052941176,14.389788319877423,6.571514547256882,DJI_0056
00:00:02.769,28,84,33,1.71855E+12,100,500,2.8,0,5554,224,10000,0,62.395306,28.759263,41.371,28.759227504999995,62.39527339000005,14.825742124060943,-0.054545455,14.825842462935007,6.707418103,DJI_0056
00:00:02.802,28.33333333,85,33,1.71855E+12,100,500,2.8,0,5554,224,10000,0,62.395302,28.759259,41.3705,28.75922630499999,62.39527226000005,15.29406176981375,-0.054545455,15.29415903622981,6.847614560999227,DJI_0056
00:00:02.835,28.66666667,86,34,1.71855E+12,100,500,2.8,0,5553,224,10000,0,62.395302,28.759259,41.37,28.759225104999995,62.39527113000005,14.844236367559848,-0.052941176,14.844330773199326,6.987811018301665,DJI_0056
00:00:02.869,29,87,33,1.71855E+12,100,500,2.8,0,5553,224,10000,0,62.395302,28.759259,41.3695,28.759223904999995,62.39527000000005,15.29406184028463,-0.054545455,15.294159106700244,7.128007477,DJI_0056
00:00:02.902,29.33333333,88,34,1.71855E+12,100,500,2.8,0,5552,224,10000,0,62.395299,28.759255,41.369,28.759222664999992,62.39526883000005,15.363726036380807,-0.052941176,15.363817249926255,7.273110195251276,DJI_0056
00:00:02.936,29.66666667,89,33,1.71855E+12,100,500,2.8,0,5552,224,10000,0,62.395299,28.759255,41.3685,28.759221424999996,62.39526766000005,15.829293457690003,-0.054545455,15.829387435282488,7.4182129134080315,DJI_0056
00:00:02.969,30,90,33,1.71855E+12,100,500,2.8,0,5550,224,10000,0,62.395299,28.759255,41.368000000000094,28.75922019,62.39526649000005,15.82929370070676,-0.054545455,15.829387678297802,7.563315633792428,DJI_0056
00:00:03.002,30.33333333,91,34,1.71855E+12,100,500,2.8,0,5550,224,10000,0,62.395295,28.759251,41.36750000000009,28.75921891,62.39526529000004,15.765392402468699,-0.052941176,15.76548129,7.712211845995723,DJI_0056
00:00:03.036,30.66666667,92,33,1.71855E+12,100,500,2.8,0,5547,224,10000,0,62.395295,28.759251,41.36700000000009,28.75921764,62.39526409000004,16.243131570312535,-0.054545455,16.243223153583013,7.861108058,DJI_0056
00:00:03.069,31,93,33,1.71855E+12,100,500,2.8,0,5547,224,10000,0,62.395295,28.759251,41.36650000000009,28.75921636,62.39526289000004,16.243131697244422,-0.054545455,16.243223280514187,8.010004271641614,DJI_0056
00:00:03.102,31.33333333,94,34,1.71855E+12,100,500,2.8,0,5544,224,10000,0,62.395291,28.759246,41.366000000000085,28.75921504500001,62.39526165000004,16.28487935671468,-0.052941176,16.284965410798947,8.163806722743605,DJI_0056
00:00:03.136,31.66666667,95,33,1.71855E+12,100,500,2.8,0,5544,224,10000,0,62.395291,28.759246,41.36550000000008,28.75921373000001,62.395260410000034,16.77836070019994,-0.054545455,16.778449361982933,8.317609175228448,DJI_0056
00:00:03.169,32,96,33,1.71855E+12,100,500,2.8,0,5540,224,10000,0,62.395291,28.759246,41.36500000000008,28.75921241500001,62.39525917000004,16.77836071239642,-0.054545455,16.77844937417935,8.471411627825091,DJI_0056
00:00:03.202,32.33333333,97,34,1.71855E+12,100,500,2.8,0,5540,224,10000,0,62.395287,28.759242,41.36450000000008,28.759211060000005,62.39525789000004,16.804375171680796,-0.052941176,16.80445856547506,8.630120403165689,DJI_0056
00:00:03.236,32.66666667,98,33,1.71855E+12,100,500,2.8,0,5537,224,10000,0,62.395287,28.759242,41.364000000000075,28.75920970500001,62.39525661000003,17.31359880519481,-0.054545455,17.31368472607304,8.78882918,DJI_0056
00:00:03.269,33,99,34,1.71855E+12,100,500,2.8,0,5537,224,10000,0,62.395287,28.759242,41.36350000000007,28.759208350000012,62.395255330000026,16.804375434867868,-0.052941176,16.804458828660824,8.947537958,DJI_0056
00:00:03.303,33.33333333,100,33,1.71855E+12,100,500,2.8,0,5533,224,10000,0,62.395282,28.759236,41.36300000000008,28.759206955000018,62.39525401500003,17.794332430946103,-0.054545455,17.794416030587566,9.110653437927986,DJI_0056
00:00:03.336,33.66666667,101,33,1.71855E+12,100,500,2.8,0,5533,224,10000,0,62.395282,28.759236,41.362500000000075,28.759205560000023,62.39525270000003,17.79433270580332,-0.054545455,17.794416305443495,9.273768920727886,DJI_0056
00:00:03.369,34,102,34,1.71855E+12,100,500,2.8,0,5531,224,10000,0,62.395282,28.759236,41.36200000000007,28.759204165000025,62.39525138500003,17.270970142013542,-0.052941176,17.271051282840002,9.436884405065818,DJI_0056
00:00:03.403,34.33333333,103,33,1.71855E+12,100,500,2.8,0,5531,224,10000,0,62.395277,28.759232,41.36150000000007,28.759202730000016,62.39525003000004,18.329568675548522,-0.054545455,18.329649834032868,9.604906195,DJI_0056
00:00:03.436,34.66666667,104,33,1.71855E+12,100,500,2.8,0,5529,224,10000,0,62.395277,28.759232,41.36100000000007,28.759201295000015,62.39524867500004,18.32956895936749,-0.054545455,18.32965011785058,9.772927987958084,DJI_0056
00:00:03.469,35,105,34,1.71855E+12,100,500,2.8,0,5529,224,10000,0,62.395277,28.759232,41.360500000000066,28.75919986000001,62.395247320000045,17.79046428075098,-0.052941176,17.790543052218577,9.940949783,DJI_0056
00:00:03.503,35.33333333,106,33,1.71855E+12,100,500,2.8,0,5527,224,10000,0,62.395272,28.759226,41.36000000000006,28.759198385000005,62.395245930000044,18.810305036753864,-0.054545455,18.810384121073643,10.1133783,DJI_0056
00:00:03.536,35.66666667,107,33,1.71855E+12,100,500,2.8,0,5527,224,10000,0,62.395272,28.759226,41.359500000000054,28.759196909999996,62.39524454000004,18.810305190878502,-0.054545455,18.810384275197634,10.285806827083746,DJI_0056
00:00:03.569,36,108,34,1.71855E+12,100,500,2.8,0,5524,224,10000,0,62.395272,28.759226,41.35900000000005,28.75919543499999,62.39524315000004,18.257061070150108,-0.052941176,18.25713782845922,10.458235351019194,DJI_0056
00:00:03.603,36.33333333,109,33,1.71855E+12,100,500,2.8,0,5524,224,10000,0,62.395267,28.759221,41.35850000000005,28.759193919999994,62.39524172000003,19.345539814292135,-0.054545455,19.345616710587795,10.635570170866249,DJI_0056
00:00:03.636,36.66666667,110,34,1.71855E+12,100,500,2.8,0,5522,224,10000,0,62.395267,28.759221,41.35800000000005,28.75919240499999,62.39524029000003,18.776553538518076,-0.052941176,18.77662817315723,10.812904992501622,DJI_0056
00:00:03.670,37,111,33,1.71855E+12,100,500,2.8,0,5522,224,10000,0,62.395267,28.759221,41.357500000000044,28.759190884999988,62.39523886000002,19.357955523069474,-0.054545455,19.35803237004597,10.990353622560377,DJI_0056
00:00:03.703,37.33333333,112,33,1.71855E+12,100,500,2.8,0,5520,224,10000,0,62.395262,28.759215,41.35700000000004,28.75918932499998,62.39523739000002,19.893181507415267,-0.054545455,19.89325628683199,11.172708471856337,DJI_0056
00:00:03.736,37.66666667,113,34,1.71855E+12,100,500,2.8,0,5520,224,10000,0,62.395262,28.759215,41.35650000000004,28.75918776499998,62.39523592000001,19.308088237376083,-0.052941176,19.308160817397052,11.355063324020643,DJI_0056
00:00:03.770,38,114,33,1.71855E+12,100,500,2.8,0,5519,224,10000,0,62.395262,28.759215,41.35600000000004,28.759186204999978,62.395234450000004,19.893182010391573,-0.054545455,19.89325679,11.53741818,DJI_0056
00:00:03.803,38.33333333,115,33,1.71855E+12,100,500,2.8,0,5519,224,10000,0,62.395257,28.75921,41.355500000000035,28.759184609999984,62.395232945000004,20.361511112752126,-0.054545455,20.361584172193968,11.724066032838978,DJI_0056
00:00:03.836,38.66666667,116,34,1.71855E+12,100,500,2.8,0,5517,224,10000,0,62.395257,28.75921,41.35500000000004,28.75918301499998,62.395231440000025,19.76264334705732,-0.052941176,19.76271426,11.910713889717174,DJI_0056
00:00:03.870,39,117,33,1.71855E+12,100,500,2.8,0,5517,224,10000,0,62.395257,28.75921,41.35450000000004,28.759181419999987,62.395229935000025,20.36151152601201,-0.054545455,20.361584585452366,12.097361748417153,DJI_0056
00:00:03.903,39.33333333,118,34,1.71855E+12,100,500,2.8,0,5517,224,10000,0,62.395252,28.759204,41.354000000000035,28.759179779999986,62.39522839000002,20.29417955376475,-0.052941176,20.29424860714506,12.289029651929079,DJI_0056
00:00:03.937,39.66666667,119,33,1.71855E+12,100,500,2.8,0,5517,224,10000,0,62.395252,28.759204,41.35350000000003,28.759178139999985,62.39522684500002,20.909154901805824,-0.054545455,20.909226047712096,12.48069755736644,DJI_0056
00:00:03.970,40,120,33,1.71855E+12,100,500,2.8,0,5516,224,10000,0,62.395252,28.759204,41.35300000000003,28.759176499999985,62.395225300000014,20.90915495742006,-0.054545455,20.909226103326148,12.672365463313596,DJI_0056
00:00:04.003,40.33333333,121,34,1.71855E+12,100,500,2.8,0,5516,224,10000,0,62.395246,28.759198,41.35250000000003,28.759174824999988,62.39522372000001,20.748733709835435,-0.052941176,20.748801250429562,12.868326364012098,DJI_0056
00:00:04.037,40.66666667,122,33,1.71855E+12,100,500,2.8,0,5515,224,10000,0,62.395246,28.759198,41.352000000000025,28.759173149999988,62.395222139999994,21.377483589810478,-0.054545455,21.377553177088064,13.064287268135406,DJI_0056
00:00:04.070,41,123,33,1.71855E+12,100,500,2.8,0,5515,224,10000,0,62.395246,28.759198,41.352000000000025,28.759171474999988,62.39522056,21.377483670304475,0,21.377483670304475,13.260247535113196,DJI_0056
00:00:04.103,41.33333333,124,34,1.71855E+12,100,500,2.8,0,5514,224,10000,0,62.395241,28.759192,41.352000000000025,28.75916975999998,62.39521893999999,21.268230549018536,0,21.268230549018536,13.461114156965039,DJI_0056
00:00:04.137,41.66666667,125,33,1.71855E+12,100,500,2.8,0,5514,224,10000,0,62.395241,28.759192,41.35200000000002,28.75916804499998,62.39521731999999,21.91272245918426,-7.75E-13,21.91272245918426,13.66198077950756,DJI_0056
00:00:04.170,42,126,33,1.71855E+12,100,500,2.8,0,5512,224,10000,0,62.395241,28.759192,41.35200000000002,28.75916632999998,62.39521569999999,21.91272296641918,0,21.91272296641918,13.862847406699736,DJI_0056
00:00:04.203,42.33333333,127,34,1.71855E+12,100,500,2.8,0,5512,224,10000,0,62.395235,28.759186,41.35200000000002,28.75916456499998,62.39521403499999,21.86469764742357,0,21.86469764742357,14.069347328925403,DJI_0056
00:00:04.237,42.66666667,128,33,1.71855E+12,100,500,2.8,0,5509,224,10000,0,62.395235,28.759186,41.352000000000004,28.75916279999998,62.39521236999999,22.527264486151864,-1.55E-12,22.527264486151864,14.275847253381794,DJI_0056
00:00:04.270,43,129,34,1.71855E+12,100,500,2.8,0,5509,224,10000,0,62.395235,28.759186,41.352000000000004,28.759161034999984,62.39521070499999,21.864698119812413,0,21.864698119812413,14.482347180068912,DJI_0056
00:00:04.304,43.33333333,130,33,1.71855E+12,100,500,2.8,0,5506,224,10000,0,62.395229,28.759179,41.352000000000004,28.759159229999987,62.39520899999999,23.06250374813325,0,23.06250374813325,14.69375346,DJI_0056
00:00:04.337,43.66666667,131,33,1.71855E+12,100,500,2.8,0,5506,224,10000,0,62.395229,28.759179,41.352000000000004,28.75915742499999,62.395207294999985,23.062503848233845,0,23.062503848233845,14.905159749702277,DJI_0056
00:00:04.370,44,132,34,1.71855E+12,100,500,2.8,0,5504,224,10000,0,62.395229,28.759179,41.352,28.75915561999999,62.395205589999975,22.384195339136753,-7.52E-13,22.384195339136753,15.116566039016346,DJI_0056
00:00:04.404,44.33333333,133,33,1.71855E+12,100,500,2.8,0,5504,224,10000,0,62.395223,28.759172,41.352,28.75915377999999,62.39520384999998,23.53084309399918,0,23.53084309399918,15.332265434044672,DJI_0056
00:00:04.437,44.66666667,134,33,1.71855E+12,100,500,2.8,0,5501,224,10000,0,62.395223,28.759172,41.352,28.75915193999999,62.395202109999985,23.530843390098013,0,23.530843390098013,15.547964831787237,DJI_0056
00:00:04.470,45,135,34,1.71855E+12,100,500,2.8,0,5501,224,10000,0,62.395223,28.759172,41.351499999999994,28.759150104999993,62.39520036999997,22.826757414926593,-0.052941176,22.826818807010152,15.763551453853443,DJI_0056
00:00:04.504,45.33333333,136,33,1.71855E+12,100,500,2.8,0,5498,224,10000,0,62.395216,28.759166,41.350999999999985,28.759148224999993,62.395198589999964,24.066093820560507,-0.054545455,24.06615563372414,15.984157880495914,DJI_0056
00:00:04.537,45.66666667,137,33,1.71855E+12,100,500,2.8,0,5498,224,10000,0,62.395216,28.759166,41.35049999999998,28.759146344999998,62.39519680999996,24.066094081118578,-0.054545455,24.066155894281543,16.20476430952683,DJI_0056
00:00:04.570,46,138,34,1.71855E+12,100,500,2.8,0,5495,224,10000,0,62.395216,28.759166,41.34999999999998,28.75914447,62.39519503499998,23.305347557627087,-0.052941176,23.305407688988428,16.42487093770061,DJI_0056
00:00:04.604,46.33333333,139,33,1.71855E+12,100,500,2.8,0,5495,224,10000,0,62.39521,28.759159,41.34949999999998,28.759142550000007,62.39519322499998,24.479907658046045,-0.054545455,24.479968426308744,16.649270648275106,DJI_0056
00:00:04.637,46.66666667,140,34,1.71855E+12,100,500,2.8,0,5492,224,10000,0,62.39521,28.759159,41.348999999999975,28.759140635000005,62.39519141499997,23.759910532786716,-0.052941176,23.75996951374718,16.873670360349386,DJI_0056
00:00:04.671,47,141,33,1.71855E+12,100,500,2.8,0,5492,224,10000,0,62.39521,28.759159,41.34899999999997,28.75913872500001,62.39518960499997,24.467536003448984,-7.75E-13,24.467536003448984,17.09795610704767,DJI_0056
00:00:04.704,47.33333333,142,33,1.71855E+12,100,500,2.8,0,5492,224,10000,0,62.395204,28.759153,41.34899999999997,28.759136775000012,62.39518775499997,25.002795121237185,0,25.002795121237185,17.32714839565901,DJI_0056
00:00:04.737,47.66666667,143,34,1.71855E+12,100,500,2.8,0,5489,224,10000,0,62.395204,28.759153,41.34899999999997,28.75913482500001,62.39518590499999,24.267418828527116,0,24.267418828527116,17.55634068,DJI_0056
00:00:04.771,48,144,33,1.71855E+12,100,500,2.8,0,5489,224,10000,0,62.395204,28.759153,41.34899999999996,28.759132880000006,62.39518405999999,24.935888133502218,-7.75E-13,24.935888133502218,17.78491966,DJI_0056
00:00:04.804,48.33333333,145,33,1.71855E+12,100,500,2.8,0,5487,224,10000,0,62.395198,28.759146,41.34899999999996,28.75913089000001,62.39518217,25.538059768238234,0,25.538059768238234,18.019018540361053,DJI_0056
00:00:04.837,48.66666667,146,34,1.71855E+12,100,500,2.8,0,5487,224,10000,0,62.395198,28.759146,41.34899999999996,28.75912890000001,62.395180280000005,24.786940544400068,0,24.786940544400068,18.253117423280386,DJI_0056
00:00:04.871,49,147,33,1.71855E+12,100,500,2.8,0,5487,224,10000,0,62.395198,28.759146,41.348999999999954,28.759126910000013,62.39517839000001,25.538060264592495,-7.75E-13,25.538060264592495,18.48721630903915,DJI_0056
00:00:04.904,49.33333333,148,33,1.71855E+12,100,500,2.8,0,5484,224,10000,0,62.395191,28.759138,41.348999999999954,28.759124875000015,62.395176459999995,26.085668047437586,0,26.085668047437586,18.72633493280733,DJI_0056
00:00:04.937,49.66666667,149,34,1.71855E+12,100,500,2.8,0,5484,224,10000,0,62.395191,28.759138,41.34899999999994,28.75912284000001,62.39517452999999,25.318442591978535,-1.50E-12,25.318442591978535,18.965453557287127,DJI_0056
00:00:04.971,50,150,33,1.71855E+12,100,500,2.8,0,5482,224,10000,0,62.395191,28.759138,41.34899999999994,28.75912081000001,62.39517261,25.964219818751857,0,25.964219818751857,19.203458905625684,DJI_0056
00:00:05.004,50.33333333,151,34,1.71855E+12,100,500,2.8,0,5482,224,10000,0,62.395184,28.759131,41.34899999999994,28.759118745000006,62.39517064999998,25.70808247037754,0,25.70808247037754,19.44625746229036,DJI_0056
00:00:05.038,50.66666667,152,33,1.71855E+12,100,500,2.8,0,5480,224,10000,0,62.395184,28.759131,41.34899999999993,28.759116680000012,62.395168689999984,26.487115420067568,-7.75E-13,26.487115420067568,19.689056020307646,DJI_0056
00:00:05.071,51,153,33,1.71855E+12,100,500,2.8,0,5480,224,10000,0,62.395184,28.759131,41.34899999999993,28.75911462000001,62.39516673499997,26.420207947268384,0,26.420207947268384,19.931241259824272,DJI_0056
00:00:05.104,51.33333333,154,34,1.71855E+12,100,500,2.8,0,5478,224,10000,0,62.395178,28.759124,41.34849999999993,28.759112520000002,62.39516473999997,26.162665173589225,-0.052941176,26.16271873780522,20.178333603459098,DJI_0056
00:00:05.138,51.66666667,155,33,1.71855E+12,100,500,2.8,0,5478,224,10000,0,62.395178,28.759124,41.34799999999992,28.75911042,62.395162744999965,26.95547369297746,-0.054545455,26.95552888035053,20.42542595152898,DJI_0056
00:00:05.171,52,156,33,1.71855E+12,100,500,2.8,0,5477,224,10000,0,62.395178,28.759124,41.347499999999926,28.759108329999993,62.39516075499997,26.87624176781461,-0.054545455,26.87629711788129,20.67179200844289,DJI_0056
00:00:05.204,52.33333333,157,34,1.71855E+12,100,500,2.8,0,5477,224,10000,0,62.395171,28.759117,41.34699999999992,28.75910619499999,62.39515872499997,26.617251187339257,-0.052941176,26.61730384,20.92317765579001,DJI_0056
00:00:05.238,52.66666667,158,33,1.71855E+12,100,500,2.8,0,5475,224,10000,0,62.395171,28.759117,41.34649999999992,28.75910405999999,62.395156694999976,27.423835020791802,-0.054545455,27.423889265642433,21.174563307391733,DJI_0056
00:00:05.271,53,159,33,1.71855E+12,100,500,2.8,0,5475,224,10000,0,62.395171,28.759117,41.34599999999992,28.75910192999999,62.39515466999997,27.356926472013665,-0.054545455,27.356980849534065,21.425335631845794,DJI_0056
00:00:05.304,53.33333333,160,34,1.71855E+12,100,500,2.8,0,5473,224,10000,0,62.395164,28.759109,41.34549999999992,28.759099759999984,62.39515260499998,27.071840355051286,-0.052941176,27.071892120381047,21.681014612982725,DJI_0056
00:00:05.338,53.66666667,161,33,1.71855E+12,100,500,2.8,0,5473,224,10000,0,62.395164,28.759109,41.34499999999992,28.75909758999999,62.39515053999999,27.892199351907813,-0.054545455,27.892252685883552,21.936693595936656,DJI_0056
00:00:05.371,54,162,34,1.71855E+12,100,500,2.8,0,5474,224,10000,0,62.395164,28.759109,41.34449999999992,28.759095429999988,62.39514848499998,26.941958509697205,-0.052941176,26.942010524576887,22.19114591755766,DJI_0056
00:00:05.405,54.33333333,163,33,1.71855E+12,100,500,2.8,0,5474,224,10000,0,62.395157,28.759102,41.34399999999992,28.759093229999994,62.395146389999994,28.293656920229793,-0.054545455,28.2937095,22.450504921284313,DJI_0056
00:00:05.438,54.66666667,164,33,1.71855E+12,100,500,2.8,0,5473,224,10000,0,62.395157,28.759102,41.34349999999992,28.759091029999993,62.39514429499998,28.29365745358993,-0.054545455,28.29371003081244,22.709863929900095,DJI_0056
00:00:05.471,55,165,34,1.71855E+12,100,500,2.8,0,5473,224,10000,0,62.395157,28.759102,41.34299999999992,28.75908884,62.395142209999996,27.33160789418197,-0.052941176,27.331659167519934,22.967996266482228,DJI_0056
00:00:05.505,55.33333333,166,33,1.71855E+12,100,500,2.8,0,5474,224,10000,0,62.39515,28.759095,41.342499999999916,28.759086605000004,62.39514007999999,28.762026903500878,-0.054545455,28.762078624541722,23.23164865387386,DJI_0056
00:00:05.538,55.66666667,167,33,1.71855E+12,100,500,2.8,0,5474,224,10000,0,62.39515,28.759095,41.34199999999991,28.759084370000004,62.395137950000006,28.762027016591873,-0.054545455,28.76207873763251,23.49530104230216,DJI_0056
00:00:05.571,56,168,34,1.71855E+12,100,500,2.8,0,5474,224,10000,0,62.39515,28.759095,41.34149999999991,28.75908215,62.39513583000001,27.78620158016349,-0.052941176,27.78625201465009,23.757726755773856,DJI_0056
00:00:05.605,56.33333333,169,33,1.71855E+12,100,500,2.8,0,5474,224,10000,0,62.395143,28.759088,41.34099999999992,28.759079880000005,62.39513366999999,29.163489387846795,-0.054545455,29.16354039690079,24.025059209412113,DJI_0056
00:00:05.638,56.66666667,170,33,1.71855E+12,100,500,2.8,0,5473,224,10000,0,62.395143,28.759088,41.34049999999992,28.759077615000002,62.39513151,29.163489527163545,-0.054545455,29.163540536217294,24.29239166432744,DJI_0056
00:00:05.671,57,171,34,1.71855E+12,100,500,2.8,0,5473,224,10000,0,62.395143,28.759088,41.33999999999992,28.759075365000005,62.395129364999995,28.110913242272893,-0.052941176,28.110963094187287,24.55788409355032,DJI_0056
00:00:05.705,57.33333333,172,33,1.71855E+12,100,500,2.8,0,5475,224,10000,0,62.395136,28.759081,41.339499999999916,28.759073070000003,62.39512718,29.51034459439033,-0.054545455,29.510395003901152,24.828396047752747,DJI_0056
00:00:05.738,57.66666667,173,34,1.71855E+12,100,500,2.8,0,5475,224,10000,0,62.395136,28.759081,41.33899999999991,28.75907078,62.395125,28.642393698047808,-0.052941176,28.64244262492525,25.098908005877043,DJI_0056
00:00:05.772,58,174,33,1.71855E+12,100,500,2.8,0,5478,224,10000,0,62.395136,28.759081,41.338499999999925,28.7590685,62.39512282499998,29.309617309972193,-0.054545455,29.30966806471259,25.367579963136908,DJI_0056
00:00:05.805,58.33333333,175,33,1.71855E+12,100,500,2.8,0,5478,224,10000,0,62.395129,28.759073,41.338499999999925,28.759066174999997,62.395120614999996,29.844894027186964,0,29.844894027186964,25.641158158386123,DJI_0056
00:00:05.838,58.66666667,176,34,1.71855E+12,100,500,2.8,0,5481,224,10000,0,62.395129,28.759073,41.338499999999925,28.75906386,62.39511840499999,28.967103554895672,0,28.967103554895672,25.914736358626804,DJI_0056
00:00:05.872,59,177,33,1.71855E+12,100,500,2.8,0,5481,224,10000,0,62.395129,28.759073,41.338499999999925,28.759061550000002,62.395116204999994,29.698776792043216,0,29.698776792043216,26.18697515,DJI_0056
00:00:05.905,59.33333333,178,33,1.71855E+12,100,500,2.8,0,5481,224,10000,0,62.395121,28.759066,41.33799999999992,28.759059200000006,62.39511396499999,30.246355130750857,-0.054545455,30.246404313605776,26.46423385209525,DJI_0056
00:00:05.938,59.66666667,179,34,1.71855E+12,100,500,2.8,0,5486,224,10000,0,62.395121,28.759066,41.337499999999906,28.759056850000007,62.395111724999985,29.356757020039307,-0.052941176,29.356804756338743,26.741492563682897,DJI_0056
00:00:05.972,60,180,33,1.71855E+12,100,500,2.8,0,5486,224,10000,0,62.395121,28.759066,41.336999999999904,28.759054515000006,62.39510949999999,30.045625981500013,-0.054545455,30.045675492935754,27.016911255701473,DJI_0056
00:00:06.005,60.33333333,181,33,1.71855E+12,100,500,2.8,0,5491,224,10000,0,62.395114,28.759058,41.336499999999916,28.75905214000001,62.39510724,30.580907638897397,-0.054545455,30.58095628369696,27.29723668830203,DJI_0056
00:00:06.038,60.66666667,182,34,1.71855E+12,100,500,2.8,0,5491,224,10000,0,62.395114,28.759058,41.33599999999991,28.759049765000015,62.395104970000006,29.681469607498684,-0.052941176,29.681516821568174,27.577562124950173,DJI_0056
00:00:06.072,61,183,33,1.71855E+12,100,500,2.8,0,5497,224,10000,0,62.395114,28.759058,41.33599999999991,28.759047405000015,62.395102720000004,30.380177600483155,0,30.380177600483155,27.856047086287937,DJI_0056
00:00:06.105,61.33333333,184,34,1.71855E+12,100,500,2.8,0,5497,224,10000,0,62.395107,28.759051,41.33599999999992,28.759045005000015,62.39510043,30.006183311379214,7.523393672754003e-13,30.006183311379214,28.139438817562073,DJI_0056
00:00:06.139,61.66666667,185,33,1.71855E+12,100,500,2.8,0,5503,224,10000,0,62.395107,28.759051,41.33599999999992,28.759042605000012,62.39509814000001,30.915461889872926,0,30.915461889872926,28.422830551552575,DJI_0056
00:00:06.172,62,186,33,1.71855E+12,100,500,2.8,0,5503,224,10000,0,62.395107,28.759051,41.33599999999992,28.759040225000007,62.39509587000001,30.647820247560478,0,30.647820247560478,28.70376890382188,DJI_0056
00:00:06.205,62.33333333,187,34,1.71855E+12,100,500,2.8,0,5510,224,10000,0,62.395099,28.759043,41.33599999999992,28.759037800000005,62.39509356000002,30.27789106646923,0,30.27789106646923,28.98972676389409,DJI_0056
00:00:06.239,62.66666667,188,33,1.71855E+12,100,500,2.8,0,5510,224,10000,0,62.395099,28.759043,41.33599999999993,28.759035375000003,62.395091250000036,31.195403222619195,7.751375299201093e-13,31.195403222619195,29.27568463,DJI_0056
00:00:06.272,63,189,33,1.71855E+12,100,500,2.8,0,5516,224,10000,0,62.395099,28.759043,41.33599999999993,28.759032970000003,62.395088955000034,30.982374459889346,0,30.982374459889346,29.559689725983752,DJI_0056
00:00:06.305,63.33333333,190,34,1.71855E+12,100,500,2.8,0,5516,224,10000,0,62.395093,28.759036,41.33549999999994,28.759030525000004,62.39508662000003,30.59067160336419,-0.052941176,30.590717414160757,29.848602057117493,DJI_0056
00:00:06.339,63.66666667,191,33,1.71855E+12,100,500,2.8,0,5521,224,10000,0,62.395093,28.759036,41.334999999999944,28.759028080000004,62.39508428500003,31.517662243417703,-0.054545455,31.517709442419342,30.137514393673005,DJI_0056
00:00:06.372,64,192,33,1.71855E+12,100,500,2.8,0,5521,224,10000,0,62.395093,28.759036,41.33449999999994,28.759025655000006,62.39508197000003,31.250018763496964,-0.054545455,31.25006636673791,30.423973335368103,DJI_0056
00:00:06.405,64.33333333,193,34,1.71855E+12,100,500,2.8,0,5525,224,10000,0,62.395085,28.759028,41.33399999999994,28.759023190000008,62.39507961500003,30.850445614191553,-0.052941176,30.85049104,30.715339084072056,DJI_0056
00:00:06.439,64.66666667,194,33,1.71855E+12,100,500,2.8,0,5525,224,10000,0,62.395085,28.759028,41.33349999999995,28.759020725000006,62.395077260000036,31.785308062695748,-0.054545455,31.785354864262295,31.006704836994462,DJI_0056
00:00:06.472,65,195,34,1.71855E+12,100,500,2.8,0,5529,224,10000,0,62.395085,28.759028,41.33299999999995,28.759018285000003,62.39507492500004,30.57876298199733,-0.052941176,30.578808810634474,31.295504697983787,DJI_0056
00:00:06.506,65.33333333,196,33,1.71855E+12,100,500,2.8,0,5529,224,10000,0,62.395077,28.75902,41.332499999999946,28.759015799999997,62.39507255000004,32.05295415218946,-0.054545455,32.05300056295776,31.58932387,DJI_0056
00:00:06.539,65.66666667,197,33,1.71855E+12,100,500,2.8,0,5532,224,10000,0,62.395077,28.75902,41.331999999999944,28.759013314999997,62.395070175000036,32.052954898217116,-0.054545455,32.053001308984356,31.88314304847659,DJI_0056
00:00:06.572,66,198,34,1.71855E+12,100,500,2.8,0,5532,224,10000,0,62.395077,28.75902,41.33149999999995,28.759010849999996,62.39506782000005,30.850447807461148,-0.052941176,30.85049323250846,32.174508817894726,DJI_0056
00:00:06.606,66.33333333,199,33,1.71855E+12,100,500,2.8,0,5533,224,10000,0,62.39507,28.759012,41.330999999999946,28.759008344999994,62.39506542500005,32.32060166965444,-0.054545455,32.32064769609484,32.47078142,DJI_0056
00:00:06.639,66.66666667,200,33,1.71855E+12,100,500,2.8,0,5533,224,10000,0,62.39507,28.759012,41.330499999999944,28.759005839999997,62.39506303000004,32.32060216110803,-0.054545455,32.32064818754773,32.767054030161454,DJI_0056
00:00:06.672,67,201,34,1.71855E+12,100,500,2.8,0,5535,224,10000,0,62.39507,28.759012,41.32999999999995,28.75900336499999,62.395060660000034,31.03337455756286,-0.052941176,31.033419714851853,33.06014744,DJI_0056
00:00:06.706,67.33333333,202,33,1.71855E+12,100,500,2.8,0,5535,224,10000,0,62.395062,28.759004,41.32949999999995,28.759000844999992,62.39505825000002,32.52133824143037,-0.054545455,32.52138398377494,33.35826012509744,DJI_0056
00:00:06.739,67.66666667,203,33,1.71855E+12,100,500,2.8,0,5535,224,10000,0,62.395062,28.759004,41.32899999999995,28.75899832499999,62.395055840000026,32.52133846073877,-0.054545455,32.521384203083024,33.65637281,DJI_0056
00:00:06.772,68,204,34,1.71855E+12,100,500,2.8,0,5535,224,10000,0,62.395062,28.759004,41.32849999999995,28.75899582499999,62.395053455000024,31.25203245920304,-0.052941176,31.252077300545107,33.95153132146418,DJI_0056
00:00:06.806,68.33333333,205,33,1.71855E+12,100,500,2.8,0,5533,224,10000,0,62.395055,28.758996,41.32849999999994,28.758993284999985,62.39505102500003,32.78898659680984,-7.75E-13,32.78898659680984,34.25209703193494,DJI_0056
00:00:06.839,68.66666667,206,34,1.71855E+12,100,500,2.8,0,5533,224,10000,0,62.395055,28.758996,41.32849999999994,28.758990744999984,62.395048595000034,31.824605143705234,0,31.824605143705234,34.552662747181046,DJI_0056
00:00:06.873,69,207,33,1.71855E+12,100,500,2.8,0,5532,224,10000,0,62.395055,28.758996,41.32849999999995,28.758988234999983,62.39504619000003,32.44216967400528,7.751375299201093e-13,32.44216967400528,34.850049302526095,DJI_0056
00:00:06.906,69.33333333,208,33,1.71855E+12,100,500,2.8,0,5532,224,10000,0,62.395047,28.758988,41.32849999999995,28.758985679999988,62.39504374500003,32.989723909107624,0,32.989723909107624,35.15245510502625,DJI_0056
00:00:06.939,69.66666667,209,34,1.71855E+12,100,500,2.8,0,5531,224,10000,0,62.395047,28.758988,41.328499999999956,28.758983124999983,62.39504130000004,32.019438303415384,7.523393672754003e-13,32.019438303415384,35.454860911225175,DJI_0056
00:00:06.973,70,210,33,1.71855E+12,100,500,2.8,0,5531,224,10000,0,62.395047,28.758988,41.328499999999956,28.75898059499998,62.39503888000004,32.655165545736835,0,32.655165545736835,35.754199928727765,DJI_0056
00:00:07.006,70.33333333,211,33,1.71855E+12,100,500,2.8,0,5530,224,10000,0,62.395039,28.75898,41.328499999999956,28.75897802999998,62.395036425000036,33.12354957045354,0,33.12354957045354,36.05783246645692,DJI_0056
00:00:07.039,70.66666667,212,34,1.71855E+12,100,500,2.8,0,5530,224,10000,0,62.395039,28.75898,41.328499999999956,28.758975464999985,62.39503397000002,32.14932802448904,0,32.14932802448904,36.36146500891043,DJI_0056
00:00:07.073,71,213,33,1.71855E+12,100,500,2.8,0,5530,224,10000,0,62.395039,28.75898,41.32849999999997,28.758972929999985,62.39503154000002,32.77673589,1.5502750598402186e-12,32.77673589,36.66191842124113,DJI_0056
00:00:07.106,71.33333333,214,34,1.71855E+12,100,500,2.8,0,5530,224,10000,0,62.395032,28.758973,41.32849999999997,28.75897035499999,62.39502907000001,32.332273566035795,0,32.332273566035795,36.96727878269814,DJI_0056
00:00:07.140,71.66666667,215,33,1.71855E+12,100,500,2.8,0,5531,224,10000,0,62.395032,28.758973,41.32849999999997,28.758967779999992,62.39502660000001,33.31203984332381,0,33.31203984332381,37.27263914792861,DJI_0056
00:00:07.173,72,216,33,1.71855E+12,100,500,2.8,0,5531,224,10000,0,62.395032,28.758973,41.32849999999997,28.758965229999994,62.39502416,32.97747554534797,0,32.97747554534797,37.57493267376096,DJI_0056
00:00:07.206,72.33333333,217,34,1.71855E+12,100,500,2.8,0,5531,224,10000,0,62.395024,28.758964,41.32849999999998,28.758962634999993,62.395021670000006,32.53899559,7.523393672754003e-13,32.53899559,37.88224540986717,DJI_0056
00:00:07.240,72.66666667,218,33,1.71855E+12,100,500,2.8,0,5531,224,10000,0,62.395024,28.758964,41.32849999999998,28.75896003999999,62.39501919,33.52502626901115,0,33.52502626901115,38.189558150666436,DJI_0056
00:00:07.273,73,219,33,1.71855E+12,100,500,2.8,0,5531,224,10000,0,62.395024,28.758964,41.32849999999998,28.758957474999992,62.395016725000005,33.17821585933556,0,33.17821585933556,38.49369179604368,DJI_0056
00:00:07.306,73.33333333,220,34,1.71855E+12,100,500,2.8,0,5531,224,10000,0,62.395017,28.758957,41.32899999999998,28.758954869999993,62.39501423000001,32.668885707059616,0.052941176470841025,32.66892860363024,38.802231677300185,DJI_0056
00:00:07.340,73.66666667,221,33,1.71855E+12,100,500,2.8,0,5532,224,10000,0,62.395017,28.758957,41.32949999999999,28.758952264999994,62.39501173500002,33.65885233318334,0.054545455,33.65889652964954,39.11077156215531,DJI_0056
00:00:07.373,74,222,33,1.71855E+12,100,500,2.8,0,5532,224,10000,0,62.395017,28.758957,41.329999999999984,28.758949689999994,62.39500927000001,33.257379594073825,0.054545455,33.25742432,39.415631285125905,DJI_0056
00:00:07.406,74.33333333,223,34,1.71855E+12,100,500,2.8,0,5532,224,10000,0,62.395009,28.758949,41.33049999999999,28.758947069999994,62.395006765000005,32.81067667551052,0.052941176470841025,32.81071938670435,39.72551030155589,DJI_0056
00:00:07.440,74.66666667,224,33,1.71855E+12,100,500,2.8,0,5532,224,10000,0,62.395009,28.758949,41.33099999999999,28.758944449999994,62.39500426000001,33.804940297328535,0.054545454545714994,33.80498430280006,40.03538932433156,DJI_0056
00:00:07.473,75,225,34,1.71855E+12,100,500,2.8,0,5532,224,10000,0,62.395009,28.758949,41.331499999999984,28.75894185999999,62.39500178,32.47405542756168,0.052941176,32.474098581492825,40.34208914426788,DJI_0056
00:00:07.507,75.33333333,226,33,1.71855E+12,100,500,2.8,0,5532,224,10000,0,62.395,28.758939,41.33199999999998,28.75893922999999,62.39499926000001,33.993417361391316,0.054545455,33.99346112287409,40.65369587122756,DJI_0056
00:00:07.540,75.66666667,227,33,1.71855E+12,100,500,2.8,0,5532,224,10000,0,62.395,28.758939,41.33249999999998,28.758936599999988,62.39499674000002,33.993418026844516,0.054545454545714994,33.993461788326435,40.965302604287224,DJI_0056
00:00:07.573,76,228,34,1.71855E+12,100,500,2.8,0,5532,224,10000,0,62.395,28.758939,41.332999999999984,28.758933999999986,62.39499425000002,32.60394538545993,0.052941176470841025,32.603988367471544,41.27322916109112,DJI_0056
00:00:07.607,76.33333333,229,33,1.71855E+12,100,500,2.8,0,5531,224,10000,0,62.394992,28.758931,41.33349999999999,28.758931359999988,62.394991720000014,34.12724439393394,0.054545454545714994,34.12728798381007,41.58606263427605,DJI_0056
00:00:07.640,76.66666667,230,33,1.71855E+12,100,500,2.8,0,5531,224,10000,0,62.394992,28.758931,41.333999999999975,28.758928719999986,62.39498919000002,34.12724494002983,0.054545455,34.12728852990526,41.89889611246684,DJI_0056
00:00:07.673,77,231,34,1.71855E+12,100,500,2.8,0,5530,224,10000,0,62.394992,28.758931,41.33449999999998,28.758926114999987,62.394986690000025,32.721952585659935,0.052941176470841025,32.72199541266307,42.207937180253104,DJI_0056
00:00:07.707,77.33333333,232,33,1.71855E+12,100,500,2.8,0,5530,224,10000,0,62.394985,28.758924,41.33499999999998,28.758923464999988,62.39498415000003,34.26107118533547,0.054545454545714994,34.26111460494588,42.52199739746511,DJI_0056
00:00:07.740,77.66666667,233,33,1.71855E+12,100,500,2.8,0,5530,224,10000,0,62.394985,28.758924,41.33549999999998,28.758920814999996,62.39498161000003,34.26107184353016,0.054545454545714994,34.261115263139736,42.836057620710555,DJI_0056
00:00:07.773,78,234,34,1.71855E+12,100,500,2.8,0,5530,224,10000,0,62.394985,28.758924,41.335999999999984,28.758918199999997,62.394979100000036,32.85184469850128,0.052941176470841025,32.851887356171986,43.14632544574107,DJI_0056
00:00:07.807,78.33333333,235,33,1.71855E+12,100,500,2.8,0,5530,224,10000,0,62.394977,28.758915,41.33649999999998,28.75891555,62.39497655000004,34.38266326810805,0.054545455,34.38270653416799,43.46150025563761,DJI_0056
00:00:07.840,78.66666667,236,34,1.71855E+12,100,500,2.8,0,5530,224,10000,0,62.394977,28.758915,41.33699999999998,28.75891289,62.39497400000004,33.37140913746075,0.052941176470841025,33.371451130988675,43.77667507187473,DJI_0056
00:00:07.874,79,237,33,1.71855E+12,100,500,2.8,0,5530,224,10000,0,62.394977,28.758915,41.337499999999984,28.758910265000004,62.39497148500004,33.9265108,0.054545454545714994,33.92655465,44.08766848946594,DJI_0056
00:00:07.907,79.33333333,238,33,1.71855E+12,100,500,2.8,0,5530,224,10000,0,62.39497,28.758908,41.33849999999998,28.758907600000008,62.39496893000004,34.46181296309564,0.10909090909065484,34.46198562952856,44.40357002440329,DJI_0056
00:00:07.940,79.66666667,239,34,1.71855E+12,100,500,2.8,0,5530,224,10000,0,62.39497,28.758908,41.33949999999999,28.75890493500001,62.39496637500004,33.44823078416772,0.10588235294168205,33.44839837217336,44.71947156458492,DJI_0056
00:00:07.974,80,240,33,1.71855E+12,100,500,2.8,0,5530,224,10000,0,62.39497,28.758908,41.34049999999999,28.75890230500001,62.394963850000046,34.04809840775532,0.10909090909142999,34.048273172227645,45.031580735330344,DJI_0056
00:00:08.007,80.33333333,241,33,1.71855E+12,100,500,2.8,0,5531,224,10000,0,62.394962,28.7589,41.341499999999996,28.75889963000001,62.39496128500004,34.59564046133442,0.10909090909142999,34.59581246,45.348709016212204,DJI_0056
00:00:08.040,80.66666667,242,34,1.71855E+12,100,500,2.8,0,5531,224,10000,0,62.394962,28.7589,41.3425,28.758896955000015,62.39495872000004,33.57812198811148,0.10588235294168205,33.57828892783489,45.66583730053065,DJI_0056
00:00:08.074,81,243,33,1.71855E+12,100,500,2.8,0,5531,224,10000,0,62.394962,28.7589,41.34349999999999,28.758894310000013,62.39495618500004,34.19416471351967,0.10909090908987971,34.194338731459034,45.97928540556902,DJI_0056
00:00:08.107,81.33333333,244,33,1.71855E+12,100,500,2.8,0,5531,224,10000,0,62.394953,28.758891,41.3445,28.758891625000015,62.39495361000004,34.72946778973251,0.10909090909142999,34.72963912545759,46.297640430885714,DJI_0056
00:00:08.140,81.66666667,245,34,1.71855E+12,100,500,2.8,0,5531,224,10000,0,62.394953,28.758891,41.3455,28.758888940000016,62.394951035000034,33.70801353809348,0.10588235294168205,33.70817983452916,46.615995462656265,DJI_0056
00:00:08.174,82,246,33,1.71855E+12,100,500,2.8,0,5531,224,10000,0,62.394953,28.758891,41.3465,28.758886290000014,62.39494849000003,34.315755817617585,0.10909090909065484,34.31592921896188,46.93055814716342,DJI_0056
00:00:08.207,82.33333333,247,34,1.71855E+12,100,500,2.8,0,5531,224,10000,0,62.394945,28.758882,41.3475,28.75888360000001,62.39494591000003,33.77295956521134,0.1058823529409297,33.77312554185745,47.249526555058736,DJI_0056
00:00:08.241,82.66666667,248,33,1.71855E+12,100,500,2.8,0,5531,224,10000,0,62.394945,28.758882,41.3485,28.758880910000016,62.39494333000003,34.79638297914701,0.10909090909142999,34.79655398538652,47.568494966591444,DJI_0056
00:00:08.274,83,249,33,1.71855E+12,100,500,2.8,0,5531,224,10000,0,62.394945,28.758882,41.349500000000006,28.758878260000014,62.39494078500004,34.31575748414724,0.10909090909142999,34.31593088548311,47.88305766637504,DJI_0056
00:00:08.307,83.33333333,250,34,1.71855E+12,100,500,2.8,0,5531,224,10000,0,62.394937,28.758875,41.35000000000001,28.75887556500001,62.39493820000003,33.83790631625849,0.052941176470841025,33.837947730854665,48.20263828383311,DJI_0056
00:00:08.341,83.66666667,251,33,1.71855E+12,100,500,2.8,0,5529,224,10000,0,62.394937,28.758875,41.35050000000001,28.758872870000015,62.394935615000016,34.86329780010709,0.054545454545714994,34.86334046969056,48.52221890480527,DJI_0056
00:00:08.374,84,252,33,1.71855E+12,100,500,2.8,0,5529,224,10000,0,62.394937,28.758875,41.35100000000001,28.75887021000001,62.39493306500001,34.39490803890923,0.054545454545714994,34.39495128956623,48.837505958292965,DJI_0056
00:00:08.407,84.33333333,253,34,1.71855E+12,100,500,2.8,0,5528,224,10000,0,62.394929,28.758867,41.351500000000016,28.75886751000001,62.39493047500001,33.90285279339051,0.052941176470841025,33.902894128650324,49.15769995839688,DJI_0056
00:00:08.441,84.66666667,254,33,1.71855E+12,100,500,2.8,0,5528,224,10000,0,62.394929,28.758867,41.35200000000002,28.75886481000001,62.39492788500001,34.93021255582303,0.054545454545714994,34.93025514366576,49.47789396388048,DJI_0056
00:00:08.474,85,255,33,1.71855E+12,100,500,2.8,0,5525,224,10000,0,62.394929,28.758867,41.35300000000001,28.758862105000013,62.39492529,35.05181198203284,0.10909090908987971,35.05198174212447,49.79920379651662,DJI_0056
00:00:08.507,85.33333333,256,34,1.71855E+12,100,500,2.8,0,5525,224,10000,0,62.394921,28.758858,41.35400000000001,28.758859400000016,62.39492268499999,34.02087687718406,0.10588235294168205,34.02104164,50.12051363426862,DJI_0056
00:00:08.541,85.66666667,257,33,1.71855E+12,100,500,2.8,0,5523,224,10000,0,62.394921,28.758858,41.35500000000001,28.758856695000016,62.39492008499999,35.05181311376963,0.10909090909065484,35.05198287385578,50.441823477278966,DJI_0056
00:00:08.574,86,258,34,1.71855E+12,100,500,2.8,0,5523,224,10000,0,62.394921,28.758858,41.3555,28.758854025000023,62.39491751999998,33.56625784244015,0.052941176,33.566299592200224,50.75883852898308,DJI_0056
00:00:08.608,86.33333333,259,33,1.71855E+12,100,500,2.8,0,5521,224,10000,0,62.394913,28.75885,41.356,28.758851315000026,62.39491491499998,35.11872799762973,0.054545454545714994,35.11877035686349,51.08076059058766,DJI_0056
00:00:08.641,86.66666667,260,33,1.71855E+12,100,500,2.8,0,5521,224,10000,0,62.394913,28.75885,41.356500000000004,28.758848605000022,62.39491230999998,35.11872860448805,0.054545454545714994,35.118770963721076,51.40268266,DJI_0056
00:00:08.674,87,261,34,1.71855E+12,100,500,2.8,0,5518,224,10000,0,62.394913,28.75885,41.357,28.758845935000018,62.394909739999974,33.61935082506616,0.052941176,33.619392508893476,51.72019914256132,DJI_0056
00:00:08.708,87.33333333,262,33,1.71855E+12,100,500,2.8,0,5518,224,10000,0,62.394905,28.758842,41.3575,28.758843220000017,62.394907129999964,35.185643803725725,0.054545454545714994,35.18568608,52.04273459831666,DJI_0056
00:00:08.741,87.66666667,263,33,1.71855E+12,100,500,2.8,0,5518,224,10000,0,62.394905,28.758842,41.35799999999999,28.758840505000016,62.394904519999955,35.18564450526312,0.054545455,35.18568678393764,52.36527006050276,DJI_0056
00:00:08.774,88,264,34,1.71855E+12,100,500,2.8,0,5515,224,10000,0,62.394905,28.758842,41.35849999999999,28.758837825000015,62.39490194499996,33.69615231185918,0.052941176470841025,33.69619390067933,52.68351189178695,DJI_0056
00:00:08.808,88.33333333,265,33,1.71855E+12,100,500,2.8,0,5515,224,10000,0,62.394896,28.758833,41.35899999999999,28.75883510500002,62.39489932999995,35.25255960221225,0.054545455,35.25260180063507,53.006660741626106,DJI_0056
00:00:08.841,88.66666667,266,33,1.71855E+12,100,500,2.8,0,5512,224,10000,0,62.394896,28.758833,41.35949999999999,28.758832385000023,62.39489671499996,35.25255990390568,0.054545454545714994,35.25260210232813,53.32980959423078,DJI_0056
00:00:08.874,89,267,34,1.71855E+12,100,500,2.8,0,5512,224,10000,0,62.394896,28.758833,41.35999999999999,28.758829700000025,62.39489413499996,33.761099657601825,0.052941176470841025,33.76114116641628,53.64866481635804,DJI_0056
00:00:08.908,89.33333333,268,33,1.71855E+12,100,500,2.8,0,5510,224,10000,0,62.394888,28.758825,41.36049999999998,28.75882697500002,62.394891514999955,35.31947533147318,0.054545455,35.31951744994761,53.97242705964923,DJI_0056
00:00:08.941,89.66666667,269,34,1.71855E+12,100,500,2.8,0,5510,224,10000,0,62.394888,28.758825,41.36099999999998,28.758824250000018,62.39488889499996,34.28066767855243,0.052941176470841025,34.280708558247674,54.29618930714379,DJI_0056
00:00:08.975,90,270,33,1.71855E+12,100,500,2.8,0,5509,224,10000,0,62.394888,28.758825,41.36149999999998,28.758821560000015,62.394886309999954,34.85107892546401,0.054545455,34.851121610007525,54.61565792190219,DJI_0056
00:00:09.008,90.33333333,271,33,1.71855E+12,100,500,2.8,0,5509,224,10000,0,62.39488,28.758816,41.36199999999998,28.75881883000001,62.39488368999996,35.331701419433514,0.054545454545714994,35.331743523333394,54.939532237532745,DJI_0056
00:00:09.041,90.66666667,272,34,1.71855E+12,100,500,2.8,0,5508,224,10000,0,62.39488,28.758816,41.362499999999976,28.758816100000008,62.39488106999997,34.29253416253293,0.052941176,34.292575028082304,55.26340655724241,DJI_0056
00:00:09.075,91,273,33,1.71855E+12,100,500,2.8,0,5508,224,10000,0,62.39488,28.758816,41.36299999999997,28.75881341,62.394878484999964,34.86331056521616,0.054545455,34.86335323,55.58298729522793,DJI_0056
00:00:09.108,91.33333333,274,33,1.71855E+12,100,500,2.8,0,5507,224,10000,0,62.394872,28.758808,41.363499999999966,28.758810665000002,62.394875859999956,35.41085844552333,0.054545455,35.41090045530476,55.90758721606822,DJI_0056
00:00:09.141,91.66666667,275,34,1.71855E+12,100,500,2.8,0,5507,224,10000,0,62.394872,28.758808,41.36399999999997,28.758807925000006,62.39487323499994,34.36936317980597,0.052941176470841025,34.369403954004916,56.23218714230049,DJI_0056
00:00:09.175,92,276,33,1.71855E+12,100,500,2.8,0,5506,224,10000,0,62.394872,28.758808,41.36449999999997,28.758805225000007,62.39487064499994,34.93022518190373,0.054545454545714994,34.93026776973107,56.552381263523024,DJI_0056
00:00:09.208,92.33333333,277,33,1.71855E+12,100,500,2.8,0,5506,224,10000,0,62.394864,28.758799,41.36499999999997,28.75880248,62.39486800999994,35.532445003521225,0.054545455,35.53248686955181,56.87809572649392,DJI_0056
00:00:09.241,92.66666667,278,34,1.71855E+12,100,500,2.8,0,5505,224,10000,0,62.394864,28.758799,41.36549999999997,28.758799734999997,62.39486537499994,34.48737366486895,0.052941176470841025,34.48741429954502,57.20381019487851,DJI_0056
00:00:09.275,93,279,33,1.71855E+12,100,500,2.8,0,5505,224,10000,0,62.394864,28.758799,41.365999999999964,28.75879703,62.39486277999994,35.009386592388424,0.054545455,35.009429083918484,57.52472996148109,DJI_0056
00:00:09.308,93.33333333,280,34,1.71855E+12,100,500,2.8,0,5504,224,10000,0,62.394856,28.758791,41.36649999999996,28.75879428,62.39486014499994,34.49925512671717,0.052941176,34.499295747398776,57.85055664353986,DJI_0056
00:00:09.342,93.66666667,281,33,1.71855E+12,100,500,2.8,0,5504,224,10000,0,62.394856,28.758791,41.36699999999996,28.758791525000003,62.39485750999994,35.54468766162182,0.054545454545714994,35.54472951323251,58.17638333074449,DJI_0056
00:00:09.375,94,282,33,1.71855E+12,100,500,2.8,0,5503,224,10000,0,62.394856,28.758791,41.36699999999996,28.758788815000003,62.39485490999994,35.064054870189224,0,35.064054870189224,58.49780383372123,DJI_0056
00:00:09.408,94.33333333,283,34,1.71855E+12,100,500,2.8,0,5503,224,10000,0,62.394848,28.758783,41.366999999999955,28.758786060000002,62.39485226999994,34.56420143349942,-7.52E-13,34.56420143349942,58.824243513926504,DJI_0056
00:00:09.442,94.66666667,284,33,1.71855E+12,100,500,2.8,0,5504,224,10000,0,62.394848,28.758783,41.366999999999955,28.75878331,62.394849629999946,35.61160205605712,0,35.61160205605712,59.15068319944036,DJI_0056
00:00:09.475,95,285,33,1.71855E+12,100,500,2.8,0,5504,224,10000,0,62.394848,28.758783,41.366999999999955,28.758780585000004,62.39484702499995,35.14321494619647,0,35.14321494619647,59.47282933644716,DJI_0056
00:00:09.508,95.33333333,286,34,1.71855E+12,100,500,2.8,0,5505,224,10000,0,62.39484,28.758774,41.366999999999955,28.758777820000006,62.39484437999995,34.64104394677945,0,34.64104394677945,59.79999475150008,DJI_0056
00:00:09.542,95.66666667,287,33,1.71855E+12,100,500,2.8,0,5505,224,10000,0,62.39484,28.758774,41.36699999999994,28.758775055000005,62.39484173499996,35.69077330470573,-1.55E-12,35.69077330470573,60.127160173459885,DJI_0056
00:00:09.575,96,288,33,1.71855E+12,100,500,2.8,0,5507,224,10000,0,62.39484,28.758774,41.36699999999994,28.758772330000006,62.394839129999944,35.15548012335456,0,35.15548012335456,60.449418741257304,DJI_0056
00:00:09.608,96.33333333,289,34,1.71855E+12,100,500,2.8,0,5507,224,10000,0,62.394832,28.758766,41.36699999999994,28.75876956500001,62.39483648999995,34.58801637977568,0,34.58801637977568,60.77608334039963,DJI_0056
00:00:09.642,96.66666667,290,33,1.71855E+12,100,500,2.8,0,5509,224,10000,0,62.394832,28.758766,41.36699999999994,28.758766800000004,62.39483384999995,35.636138996113075,0,35.636138996113075,61.10274795,DJI_0056
00:00:09.675,97,291,34,1.71855E+12,100,500,2.8,0,5509,224,10000,0,62.394832,28.758766,41.36699999999994,28.75876407,62.39483123999996,34.18644044938331,0,34.18644044938331,61.42561988544151,DJI_0056
00:00:09.709,97.33333333,292,33,1.71855E+12,100,500,2.8,0,5510,224,10000,0,62.394824,28.758758,41.36699999999993,28.7587613,62.39482858999995,35.76996226132299,-7.75E-13,35.76996226132299,61.75351120617031,DJI_0056
00:00:09.742,97.66666667,293,33,1.71855E+12,100,500,2.8,0,5510,224,10000,0,62.394824,28.758758,41.36699999999993,28.758758519999994,62.394825939999954,35.76996272529616,0,35.76996272529616,62.08140253115219,DJI_0056
00:00:09.775,98,294,34,1.71855E+12,100,500,2.8,0,5513,224,10000,0,62.394824,28.758758,41.36699999999993,28.75875578499999,62.39482332999995,34.198361807194466,0,34.198361807194466,62.40438705933125,DJI_0056
00:00:09.809,98.33333333,295,33,1.71855E+12,100,500,2.8,0,5513,224,10000,0,62.394816,28.758749,41.36699999999993,28.75875300499999,62.39482068499994,35.727656372728966,0,35.727656372728966,62.73189057608126,DJI_0056
00:00:09.842,98.66666667,296,33,1.71855E+12,100,500,2.8,0,5516,224,10000,0,62.394816,28.758749,41.366999999999926,28.75875022499999,62.39481803999993,35.72765696177562,-7.75E-13,35.72765696177562,63.059394098230875,DJI_0056
00:00:09.875,99,297,34,1.71855E+12,100,500,2.8,0,5516,224,10000,0,62.394816,28.758749,41.366999999999926,28.758747484999994,62.39481543499993,34.15731439698185,0,34.15731439698185,63.381990956424595,DJI_0056
00:00:09.909,99.33333333,298,33,1.71855E+12,100,500,2.8,0,5521,224,10000,0,62.394808,28.758741,41.366999999999926,28.758744699999994,62.39481278999993,35.7399866,0,35.7399866,63.70960750029795,DJI_0056
00:00:09.942,99.66666667,299,33,1.71855E+12,100,500,2.8,0,5521,224,10000,0,62.394808,28.758741,41.366999999999926,28.75874191499999,62.39481014499993,35.739987211053894,0,35.739987211053894,64.03722404973261,DJI_0056
00:00:09.975,100,300,34,1.71855E+12,100,500,2.8,0,5524,224,10000,0,62.394808,28.758741,41.36699999999992,28.758739169999995,62.394807534999934,34.222257141169415,-7.52E-13,34.222257141169415,64.36043425606589,DJI_0056
00:00:10.009,100.3333333,301,33,1.71855E+12,100,500,2.8,0,5524,224,10000,0,62.3948,28.758732,41.36699999999992,28.75873637999999,62.39480488499992,35.80689708878249,0,35.80689708878249,64.68866414604639,DJI_0056
00:00:10.042,100.6666667,302,34,1.71855E+12,100,500,2.8,0,5528,224,10000,0,62.3948,28.758732,41.36699999999992,28.75873358999999,62.394802234999915,34.753753362955344,0,34.753753362955344,65.01689403891875,DJI_0056
00:00:10.076,101,303,33,1.71855E+12,100,500,2.8,0,5528,224,10000,0,62.3948,28.758732,41.36699999999992,28.75873078999999,62.39479958999992,35.777082661517944,0,35.777082661517944,65.34485062998266,DJI_0056
00:00:10.109,101.3333333,304,33,1.71855E+12,100,500,2.8,0,5531,224,10000,0,62.394791,28.758724,41.366999999999905,28.758727989999993,62.394796944999925,35.77708325835876,-1.55E-12,35.77708325835876,65.67280722651762,DJI_0056
00:00:10.142,101.6666667,305,34,1.71855E+12,100,500,2.8,0,5531,224,10000,0,62.394791,28.758724,41.366999999999905,28.758725189999993,62.39479429999993,34.72481671358906,0,34.72481671358906,66.00076382881262,DJI_0056
00:00:10.176,102,306,33,1.71855E+12,100,500,2.8,0,5534,224,10000,0,62.394791,28.758724,41.367,28.75872242999999,62.39479168999993,35.296358726840495,-7.75E-13,35.296358726840495,66.32431378380866,DJI_0056
00:00:10.209,102.3333333,307,33,1.71855E+12,100,500,2.8,0,5534,224,10000,0,62.394783,28.758715,41.367,28.75871962499999,62.39478903999992,35.84399064494072,0,35.84399064494072,66.65288369805396,DJI_0056
00:00:10.242,102.6666667,308,34,1.71855E+12,100,500,2.8,0,5537,224,10000,0,62.394783,28.758715,41.367,28.75871681999999,62.394786389999915,34.789756222696774,0,34.789756222696774,66.98145361793497,DJI_0056
00:00:10.276,103,309,33,1.71855E+12,100,500,2.8,0,5537,224,10000,0,62.394783,28.758715,41.36699999999989,28.758714054999988,62.39478377999992,35.30875004846581,-7.75E-13,35.30875004846581,67.30511716004591,DJI_0056
00:00:10.309,103.3333333,310,34,1.71855E+12,100,500,2.8,0,5539,224,10000,0,62.394776,28.758708,41.36749999999989,28.75871124499999,62.39478112999992,34.801791579052185,0.052941176470841025,34.80183184661339,67.63380112748615,DJI_0056
00:00:10.343,103.6666667,311,33,1.71855E+12,100,500,2.8,0,5539,224,10000,0,62.394776,28.758708,41.36799999999988,28.75870843499999,62.39477847999992,35.856391940659925,0.054545455,35.856433428449535,67.96248510058027,DJI_0056
00:00:10.376,104,312,33,1.71855E+12,100,500,2.8,0,5543,224,10000,0,62.394776,28.758708,41.368499999999884,28.75870566499999,62.39477586999992,35.32115943295285,0.054545454545714994,35.321201549419094,68.28626278144993,DJI_0056
00:00:10.409,104.3333333,313,34,1.71855E+12,100,500,2.8,0,5543,224,10000,0,62.394768,28.7587,41.368999999999886,28.758702849999985,62.394773224999916,34.76097948355575,0.052941176470841025,34.761019798394145,68.6145613,DJI_0056
00:00:10.443,104.6666667,314,33,1.71855E+12,100,500,2.8,0,5548,224,10000,0,62.394768,28.7587,41.36949999999988,28.75870003499999,62.394770579999914,35.81434296235499,0.054545455,35.814384498854615,68.94285982634094,DJI_0056
00:00:10.476,105,315,33,1.71855E+12,100,500,2.8,0,5548,224,10000,0,62.394768,28.7587,41.369999999999884,28.758697209999983,62.39476792999991,35.89369819193145,0.054545454545714994,35.89373963660062,69.27188577300977,DJI_0056
00:00:10.509,105.3333333,316,34,1.71855E+12,100,500,2.8,0,5553,224,10000,0,62.39476,28.758691,41.370499999999886,28.75869438499998,62.39476528,34.838001775326106,0.052941176470841025,34.838042001033735,69.60091172524176,DJI_0056
00:00:10.543,105.6666667,317,33,1.71855E+12,100,500,2.8,0,5553,224,10000,0,62.39476,28.758691,41.370999999999874,28.758691559999978,62.394762629999896,35.89369942156362,0.054545455,35.89374086623137,69.92993768318222,DJI_0056
00:00:10.576,106,318,33,1.71855E+12,100,500,2.8,0,5557,224,10000,0,62.39476,28.758691,41.37149999999987,28.75868877999998,62.39476001999989,35.34603236864621,0.054545455,35.34607445547522,70.25394336569074,DJI_0056
00:00:10.609,106.3333333,319,34,1.71855E+12,100,500,2.8,0,5557,224,10000,0,62.394753,28.758683,41.37199999999988,28.758685949999975,62.394757374999905,34.797296206808184,0.052941176,34.79733647957144,70.58258488,DJI_0056
00:00:10.643,106.6666667,320,33,1.71855E+12,100,500,2.8,0,5561,224,10000,0,62.394753,28.758683,41.372499999999874,28.758683119999972,62.39475472999991,35.85176019840678,0.054545455,35.851801691556254,70.91122639239263,DJI_0056
00:00:10.676,107,321,34,1.71855E+12,100,500,2.8,0,5561,224,10000,0,62.394753,28.758683,41.37299999999988,28.75868027999997,62.394752079999904,34.87436616447631,0.052941176470841025,34.87440634823962,71.24059578568156,DJI_0056
00:00:10.710,107.3333333,322,33,1.71855E+12,100,500,2.8,0,5567,224,10000,0,62.394745,28.758674,41.37349999999988,28.758677439999964,62.39474942999991,35.93116562950009,0.054545454545714994,35.931207030952635,71.56996518,DJI_0056
00:00:10.743,107.6666667,323,33,1.71855E+12,100,500,2.8,0,5567,224,10000,0,62.394745,28.758674,41.37399999999988,28.758674599999964,62.39474677999991,35.93116636475049,0.054545454545714994,35.931207766202185,71.89933458798882,DJI_0056
00:00:10.776,108,324,34,1.71855E+12,100,500,2.8,0,5572,224,10000,0,62.394745,28.758674,41.37449999999988,28.75867175499996,62.39474413499992,34.83376720715375,0.052941176,34.83380743775141,72.22832054712313,DJI_0056
00:00:10.810,108.3333333,325,33,1.71855E+12,100,500,2.8,0,5572,224,10000,0,62.394737,28.758666,41.37499999999987,28.75866890999996,62.39474148999993,35.88933666,0.054545455,35.88937811289061,72.55730651315797,DJI_0056
00:00:10.843,108.6666667,326,33,1.71855E+12,100,500,2.8,0,5578,224,10000,0,62.394737,28.758666,41.37549999999988,28.758666064999964,62.394738844999935,35.88933715538701,0.054545455,35.88937860509226,72.88629248370465,DJI_0056
00:00:10.876,109,327,34,1.71855E+12,100,500,2.8,0,5578,224,10000,0,62.394737,28.758666,41.37599999999988,28.758663224999967,62.394736209999934,34.71610796785436,0.052941176,34.71614833480072,73.21416721797777,DJI_0056
00:00:10.910,109.3333333,328,33,1.71855E+12,100,500,2.8,0,5584,224,10000,0,62.394729,28.758658,41.376499999999886,28.75866038499997,62.39473357499994,35.768111867616334,0.054545455,35.768153457802754,73.54204195800763,DJI_0056
00:00:10.943,109.6666667,329,33,1.71855E+12,100,500,2.8,0,5584,224,10000,0,62.394729,28.758658,41.37699999999988,28.75865754499997,62.39473093999994,35.76811237339993,0.054545455,35.768153963585775,73.86991670267383,DJI_0056
00:00:10.976,110,330,34,1.71855E+12,100,500,2.8,0,5590,224,10000,0,62.394729,28.758658,41.37749999999989,28.758654699999976,62.394728304999944,34.728320001263654,0.052941176,34.72836035401521,74.19790677268398,DJI_0056
00:00:11.010,110.3333333,331,33,1.71855E+12,100,500,2.8,0,5590,224,10000,0,62.394721,28.758649,41.377999999999886,28.75865185499997,62.39472566999994,35.780693980651904,0.054545455,35.78073555621336,74.52589684861593,DJI_0056
00:00:11.043,110.6666667,332,34,1.71855E+12,100,500,2.8,0,5595,224,10000,0,62.394721,28.758649,41.378499999999896,28.75864900999997,62.39472303499994,34.728321224205935,0.052941176,34.72836157695607,74.85388693017607,DJI_0056
00:00:11.077,111,333,33,1.71855E+12,100,500,2.8,0,5595,224,10000,0,62.394721,28.758649,41.378999999999884,28.75864614999997,62.39472039999994,35.81854195826608,0.054545455,35.818583489896405,75.18222394550013,DJI_0056
00:00:11.110,111.3333333,334,33,1.71855E+12,100,500,2.8,0,5600,224,10000,0,62.394713,28.758641,41.37949999999989,28.758643289999974,62.39471776499995,35.81854242406359,0.054545454545714994,35.81858395569336,75.51056096509399,DJI_0056
00:00:11.143,111.6666667,335,34,1.71855E+12,100,500,2.8,0,5600,224,10000,0,62.394713,28.758641,41.37999999999989,28.75864042999997,62.39471512999996,34.76505653068345,0.052941176470841025,34.765096840793966,75.83889799,DJI_0056
00:00:11.177,112,336,33,1.71855E+12,100,500,2.8,0,5604,224,10000,0,62.394713,28.758641,41.38049999999989,28.758637564999976,62.394712489999954,35.88543140044417,0.054545454545714994,35.88547285466079,76.16784815864699,DJI_0056
00:00:11.210,112.3333333,337,33,1.71855E+12,100,500,2.8,0,5604,224,10000,0,62.394705,28.758633,41.380999999999894,28.758634699999973,62.39470984999996,35.88543177870281,0.054545454545714994,35.88547323291899,76.49679832994875,DJI_0056
00:00:11.243,112.6666667,338,34,1.71855E+12,100,500,2.8,0,5609,224,10000,0,62.394705,28.758633,41.381499999999896,28.758631834999974,62.39470720999996,34.82997879025801,0.052941176470841025,34.83001902523151,76.82574850963148,DJI_0056
00:00:11.277,113,339,33,1.71855E+12,100,500,2.8,0,5609,224,10000,0,62.394705,28.758633,41.382,28.758628954999978,62.394704569999966,35.92343391151034,0.054545454545714994,35.92347532187361,77.15504703341533,DJI_0056
00:00:11.310,113.3333333,340,33,1.71855E+12,100,500,2.8,0,5615,224,10000,0,62.394697,28.758624,41.382499999999894,28.75862607499998,62.394701929999975,35.92343455576242,0.054545455,35.92347596612495,77.48434556310481,DJI_0056
00:00:11.343,113.6666667,341,34,1.71855E+12,100,500,2.8,0,5615,224,10000,0,62.394697,28.758624,41.382999999999896,28.758623194999988,62.39469928999997,34.86686382846479,0.052941176470841025,34.86690402087447,77.81364410107973,DJI_0056
00:00:11.377,114,342,33,1.71855E+12,100,500,2.8,0,5621,224,10000,0,62.394697,28.758624,41.38349999999989,28.758620314999987,62.39469665999998,35.815098688104484,0.054545455,35.81514022372766,78.14194955313057,DJI_0056
00:00:11.410,114.3333333,343,34,1.71855E+12,100,500,2.8,0,5621,224,10000,0,62.394689,28.758616,41.383999999999894,28.75861743499999,62.39469402999998,34.76171405739132,0.052941176470841025,34.761754371377805,78.47025501108247,DJI_0056
00:00:11.444,114.6666667,344,33,1.71855E+12,100,500,2.8,0,5627,224,10000,0,62.394689,28.758616,41.384499999999896,28.758614554999994,62.39469139999999,35.81509995941343,0.054545454545714994,35.815141495035135,78.79856047478697,DJI_0056
00:00:11.477,115,345,33,1.71855E+12,100,500,2.8,0,5627,224,10000,0,62.394689,28.758616,41.385,28.758611674999997,62.394688774999985,35.760963751811154,0.054545454545714994,35.761005350310874,79.12636969049815,DJI_0056
00:00:11.510,115.3333333,346,34,1.71855E+12,100,500,2.8,0,5634,224,10000,0,62.394682,28.758608,41.3855,28.758608794999997,62.39468614999998,34.70917132486292,0.052941176470841025,34.70921169987663,79.45417891210809,DJI_0056
00:00:11.544,115.6666667,347,33,1.71855E+12,100,500,2.8,0,5634,224,10000,0,62.394682,28.758608,41.386,28.758605914999997,62.394683524999984,35.760964901093764,0.054545454545714994,35.761006499592156,79.78198813835435,DJI_0056
00:00:11.577,116,348,33,1.71855E+12,100,500,2.8,0,5641,224,10000,0,62.394682,28.758608,41.386499999999906,28.758603019999995,62.394680894999986,35.853376744559995,0.054545454545714994,35.85341823583865,80.11064447218287,DJI_0056
00:00:11.610,116.3333333,349,34,1.71855E+12,100,500,2.8,0,5641,224,10000,0,62.394674,28.758599,41.38699999999991,28.758600124999997,62.394678264999996,34.79886626293627,0.052941176470841025,34.79890653,80.43930081166954,DJI_0056
00:00:11.644,116.6666667,350,33,1.71855E+12,100,500,2.8,0,5649,224,10000,0,62.394674,28.758599,41.38749999999991,28.758597229999996,62.39467563499999,35.85337818175294,0.054545454545714994,35.85341967302992,80.76795715867232,DJI_0056
00:00:11.677,117,351,33,1.71855E+12,100,500,2.8,0,5649,224,10000,0,62.394674,28.758599,41.38799999999991,28.758594319999993,62.39467301,35.83778946102369,0.054545454545714994,35.837830970348534,81.09647060923385,DJI_0056
00:00:11.710,117.3333333,352,34,1.71855E+12,100,500,2.8,0,5657,224,10000,0,62.394666,28.758591,41.388499999999915,28.75859140999999,62.39467038499999,34.783737599490344,0.052941176470841025,34.78377789,81.42498407,DJI_0056
00:00:11.744,117.6666667,353,33,1.71855E+12,100,500,2.8,0,5657,224,10000,0,62.394666,28.758591,41.388999999999925,28.758588499999988,62.39466775999999,35.83779093,0.054545455,35.83783243526965,81.75349753105448,DJI_0056
00:00:11.777,118,354,34,1.71855E+12,100,500,2.8,0,5662,224,10000,0,62.394658,28.758583,41.38999999999993,28.75858558499998,62.394665135000004,34.79622516812116,0.10588235294168205,34.79638626385293,82.08213006799086,DJI_0056
00:00:11.811,118.3333333,355,33,1.71855E+12,100,500,2.8,0,5662,224,10000,0,62.394658,28.758583,41.390999999999934,28.758582669999978,62.39466251000002,35.85065690778893,0.10909090909142999,35.85082288520642,82.41076261110526,DJI_0056
00:00:11.844,118.6666667,356,33,1.71855E+12,100,500,2.8,0,5668,224,10000,0,62.394658,28.758583,41.391999999999925,28.758579754999975,62.39465988500002,35.85065782375408,0.10909090908987971,35.850823801167316,82.73939516261595,DJI_0056
00:00:11.877,119,357,34,1.71855E+12,100,500,2.8,0,5668,224,10000,0,62.394658,28.758583,41.39249999999993,28.75857683499997,62.39465726500002,34.75635702996637,0.052941176470841025,34.75639735016646,83.06765002647863,DJI_0056
00:00:11.911,119.3333333,358,33,1.71855E+12,100,500,2.8,0,5668,224,10000,0,62.39465,28.758575,41.39299999999992,28.75857391499997,62.39465464500002,35.80958059676367,0.054545455,35.809622138787276,83.39590489608418,DJI_0056
00:00:11.944,119.6666667,359,33,1.71855E+12,100,500,2.8,0,5675,224,10000,0,62.39465,28.758575,41.39349999999993,28.758570994999967,62.39465202500002,35.80958127253429,0.054545455,35.80962281455713,83.72415977188429,DJI_0056
00:00:11.977,120,360,34,1.71855E+12,100,500,2.8,0,5675,224,10000,0,62.39465,28.758575,41.39399999999992,28.758568059999966,62.39464940500002,34.79402774870432,0.052941176,34.79406802525069,84.05277041434499,DJI_0056
00:00:12.011,120.3333333,361,33,1.71855E+12,100,500,2.8,0,5681,224,10000,0,62.394642,28.758566,41.39449999999992,28.758565124999965,62.39464678500001,35.84839275422952,0.054545454545714994,35.84843425127668,84.38138106164836,DJI_0056
00:00:12.044,120.6666667,362,33,1.71855E+12,100,500,2.8,0,5681,224,10000,0,62.394642,28.758566,41.394999999999925,28.758562189999967,62.39464416500001,35.84839354,0.054545454545714994,35.84843503732426,84.70999171615716,DJI_0056
00:00:12.077,121,363,34,1.71855E+12,100,500,2.8,0,5681,224,10000,0,62.394642,28.758566,41.39549999999992,28.758559244999965,62.39464154500001,34.81922634320821,0.052941176,34.81926659060656,85.03884034506845,DJI_0056
00:00:12.111,121.3333333,364,33,1.71855E+12,100,500,2.8,0,5689,224,10000,0,62.394634,28.758558,41.39599999999992,28.758556299999967,62.39463892500002,35.87435534,0.054545454545714994,35.87439680821721,85.36768898,DJI_0056
00:00:12.144,121.6666667,365,34,1.71855E+12,100,500,2.8,0,5689,224,10000,0,62.394634,28.758558,41.396499999999925,28.758553354999968,62.394636305000034,34.81922764277397,0.052941176470841025,34.81926789017083,85.69653762366205,DJI_0056
00:00:12.178,122,366,33,1.71855E+12,100,500,2.8,0,5697,224,10000,0,62.394634,28.758558,41.39699999999993,28.758550409999966,62.39463370000003,35.71289796580991,0.054545454545714994,35.712939620296744,86.02390624,DJI_0056
00:00:12.211,122.3333333,367,33,1.71855E+12,100,500,2.8,0,5697,224,10000,0,62.394626,28.75855,41.397499999999916,28.758547464999964,62.39463109500003,35.712898480992784,0.054545455,35.71294013547902,86.35127485475667,DJI_0056
00:00:12.244,122.6666667,368,34,1.71855E+12,100,500,2.8,0,5705,224,10000,0,62.394626,28.75855,41.39799999999992,28.758544519999965,62.39462849000003,34.66251991184172,0.052941176470841025,34.662560341195075,86.67864348020129,DJI_0056
00:00:12.278,123,369,33,1.71855E+12,100,500,2.8,0,5705,224,10000,0,62.394626,28.75855,41.39849999999992,28.75854156499996,62.39462588500004,35.73904721689202,0.054545454545714994,35.73908884090149,87.00625179457622,DJI_0056
00:00:12.311,123.3333333,370,33,1.71855E+12,100,500,2.8,0,5710,224,10000,0,62.394619,28.758542,41.39899999999992,28.758538609999956,62.39462328000006,35.73904788959806,0.054545454545714994,35.73908951360674,87.33386011511762,DJI_0056
00:00:12.344,123.6666667,371,34,1.71855E+12,100,500,2.8,0,5710,224,10000,0,62.394619,28.758542,41.399499999999925,28.758535654999957,62.39462067500006,34.68790032448056,0.052941176470841025,34.687940724252634,87.66146844,DJI_0056
00:00:12.378,124,372,33,1.71855E+12,100,500,2.8,0,5714,224,10000,0,62.394619,28.758542,41.39949999999992,28.758532694999957,62.39461807500006,35.69843323,-7.75E-13,35.69843323,87.98870408213928,DJI_0056
00:00:12.411,124.3333333,373,33,1.71855E+12,100,500,2.8,0,5714,224,10000,0,62.394611,28.758533,41.39949999999992,28.75852973499996,62.394615475000066,35.698433753026265,0,35.698433753026265,88.31593972487535,DJI_0056
00:00:12.444,124.6666667,374,34,1.71855E+12,100,500,2.8,0,5716,224,10000,0,62.394611,28.758533,41.39949999999992,28.758526774999964,62.39461287500006,34.64848048994308,0,34.64848048994308,88.64317537394703,DJI_0056
00:00:12.478,125,375,33,1.71855E+12,100,500,2.8,0,5716,224,10000,0,62.394611,28.758533,41.39899999999992,28.758523804999967,62.39461027500006,35.72472618,-0.054545455,35.724767817345345,88.97065241,DJI_0056
00:00:12.511,125.3333333,376,34,1.71855E+12,100,500,2.8,0,5716,224,10000,0,62.394602,28.758524,41.39849999999992,28.75852083499997,62.39460767500005,34.673999759763966,-0.052941176,34.67404017573202,89.29812945837683,DJI_0056
00:00:12.545,125.6666667,377,33,1.71855E+12,100,500,2.8,0,5716,224,10000,0,62.394602,28.758524,41.39799999999993,28.758517864999977,62.39460507500005,35.72472767023991,-0.054545455,35.72476931093351,89.62560651039372,DJI_0056
00:00:12.578,126,378,33,1.71855E+12,100,500,2.8,0,5716,224,10000,0,62.394602,28.758524,41.39799999999993,28.758514894999976,62.394602480000046,35.67107423456096,0,35.67107423456096,89.95259135754387,DJI_0056
00:00:12.611,126.3333333,379,34,1.71855E+12,100,500,2.8,0,5716,224,10000,0,62.394594,28.758516,41.39799999999993,28.75851192499998,62.394599885000055,34.621925634376474,0,34.621925634376474,90.27957621075743,DJI_0056
00:00:12.645,126.6666667,380,33,1.71855E+12,100,500,2.8,0,5716,224,10000,0,62.394594,28.758516,41.39799999999994,28.758508954999982,62.39459729000006,35.67107559103014,7.751375299201093e-13,35.67107559103014,90.60656107034187,DJI_0056
00:00:12.678,127,381,33,1.71855E+12,100,500,2.8,0,5716,224,10000,0,62.394594,28.758516,41.39849999999994,28.758505974999984,62.39459470000004,35.64388490402548,0.054545454545714994,35.643926639162906,90.93329706,DJI_0056
00:00:12.711,127.3333333,382,34,1.71855E+12,100,500,2.8,0,5715,224,10000,0,62.394586,28.758507,41.398999999999944,28.75850299499999,62.39459211000005,34.59553559666797,0.052941176470841025,34.59557610430107,91.26003306107482,DJI_0056
00:00:12.745,127.6666667,383,33,1.71855E+12,100,500,2.8,0,5715,224,10000,0,62.394586,28.758507,41.399499999999954,28.758500014999992,62.39458952000005,35.64388587589845,0.054545455,35.643927611034734,91.58676906417597,DJI_0056
00:00:12.778,128,384,33,1.71855E+12,100,500,2.8,0,5715,224,10000,0,62.394586,28.758507,41.399999999999956,28.758497019999997,62.394586925000056,35.73720780009433,0.054545454545714994,35.73724942624621,91.91436051724989,DJI_0056
00:00:12.811,128.3333333,385,34,1.71855E+12,100,500,2.8,0,5715,224,10000,0,62.394578,28.758498,41.400499999999944,28.75849403,62.39458433000007,34.68611401,0.052941176,34.686154407215646,92.24195197554026,DJI_0056
00:00:12.845,128.6666667,386,33,1.71855E+12,100,500,2.8,0,5714,224,10000,0,62.394578,28.758498,41.40099999999995,28.758491030000002,62.394581735000074,35.73720934694428,0.054545454545714994,35.73725097309436,92.56954344279363,DJI_0056
00:00:12.878,129,387,34,1.71855E+12,100,500,2.8,0,5714,224,10000,0,62.394578,28.758498,41.40149999999995,28.75848803,62.39457914500007,34.64706436935734,0.052941176470841025,34.64710481674561,92.89676609939623,DJI_0056
00:00:12.912,129.3333333,388,33,1.71855E+12,100,500,2.8,0,5714,224,10000,0,62.394571,28.75849,41.40199999999995,28.758485030000003,62.394576555000064,35.696976373282446,0.054545454545714994,35.69701804634802,93.22398876482109,DJI_0056
00:00:12.945,129.6666667,389,33,1.71855E+12,100,500,2.8,0,5714,224,10000,0,62.394571,28.75849,41.402499999999954,28.758482030000003,62.39457396500007,35.69697679119581,0.054545454545714994,35.69701846,93.55121143,DJI_0056
00:00:12.978,130,390,34,1.71855E+12,100,500,2.8,0,5713,224,10000,0,62.394571,28.75849,41.40349999999995,28.75847902000001,62.39457138000007,34.62105264422718,0.1058823529409297,34.62121455505301,93.87818957,DJI_0056
00:00:13.012,130.3333333,391,33,1.71855E+12,100,500,2.8,0,5713,224,10000,0,62.394563,28.758481,41.404499999999956,28.758476010000003,62.39456879500007,35.67017617958331,0.10909090909142999,35.670342996794396,94.20516771567848,DJI_0056
00:00:13.045,130.6666667,392,33,1.71855E+12,100,500,2.8,0,5712,224,10000,0,62.394563,28.758481,41.405499999999954,28.758473000000002,62.39456621000006,35.67017701,0.10909090909065484,35.67034383,94.53214586742341,DJI_0056
00:00:13.078,131,393,34,1.71855E+12,100,500,2.8,0,5712,224,10000,0,62.394563,28.758481,41.40649999999995,28.758469980000005,62.39456362500005,34.64702326654583,0.1058823529409297,34.647185056007544,94.85936928184125,DJI_0056
00:00:13.112,131.3333333,394,33,1.71855E+12,100,500,2.8,0,5711,224,10000,0,62.394556,28.758472,41.407499999999956,28.758466960000007,62.394561040000056,35.696933760556995,0.10909090909142999,35.69710045272641,95.18659270265792,DJI_0056
00:00:13.145,131.6666667,395,34,1.71855E+12,100,500,2.8,0,5711,224,10000,0,62.394556,28.758472,41.40849999999995,28.758463940000006,62.39455845500005,34.64702450626403,0.10588235294017737,34.64718629571996,95.51381612878416,DJI_0056
00:00:13.179,132,396,33,1.71855E+12,100,500,2.8,0,5711,224,10000,0,62.394556,28.758472,41.40949999999995,28.758460910000004,62.39455587000005,35.72375945369965,0.10909090909142999,35.723926020697135,95.84128545064054,DJI_0056
00:00:13.212,132.3333333,397,33,1.71855E+12,100,500,2.8,0,5711,224,10000,0,62.394548,28.758463,41.410499999999956,28.75845788,62.39455328500005,35.72375988432915,0.10909090909142999,35.723926451324616,96.16875477644435,DJI_0056
00:00:13.245,132.6666667,398,34,1.71855E+12,100,500,2.8,0,5710,224,10000,0,62.394548,28.758463,41.411499999999954,28.75845485,62.394550700000046,34.673062009250955,0.1058823529409297,34.67322367721273,96.49622411117358,DJI_0056
00:00:13.279,133,399,33,1.71855E+12,100,500,2.8,0,5710,224,10000,0,62.394548,28.758463,41.41249999999995,28.758451809999997,62.39454811500005,35.75065389378946,0.10909090909065484,35.750820335482786,96.82393996424884,DJI_0056
00:00:13.312,133.3333333,400,33,1.71855E+12,100,500,2.8,0,5708,224,10000,0,62.39454,28.758454,41.41349999999996,28.758448769999994,62.39454553000006,35.75065460005846,0.10909090909142999,35.75082104174851,97.15165582,DJI_0056
00:00:13.345,133.6666667,401,34,1.71855E+12,100,500,2.8,0,5708,224,10000,0,62.39454,28.758454,41.414499999999954,28.758445729999995,62.39454294500007,34.699165427752035,0.1058823529409297,34.699326974095136,97.47937168966465,DJI_0056
00:00:13.379,134,402,33,1.71855E+12,100,500,2.8,0,5708,224,10000,0,62.394533,28.758444,41.41549999999996,28.75844268499999,62.394540365000054,35.71084311899703,0.10909090909142999,35.71100974624023,97.80672261233852,DJI_0056
00:00:13.412,134.3333333,403,33,1.71855E+12,100,500,2.8,0,5708,224,10000,0,62.394533,28.758444,41.41649999999995,28.758439639999988,62.39453778500005,35.71084370863412,0.10909090908987971,35.711010335874555,98.13407354041736,DJI_0056
00:00:13.445,134.6666667,404,34,1.71855E+12,100,500,2.8,0,5706,224,10000,0,62.394533,28.758444,41.417499999999954,28.75843659499999,62.39453520500005,34.66052531498097,0.10588235294168205,34.66068704,98.46142447,DJI_0056
00:00:13.479,135,405,33,1.71855E+12,100,500,2.8,0,5706,224,10000,0,62.394533,28.758444,41.41799999999996,28.758433539999988,62.39453263000006,35.68465927,0.054545454545714994,35.68470096207905,98.78853423240537,DJI_0056
00:00:13.512,135.3333333,406,34,1.71855E+12,100,500,2.8,0,5706,224,10000,0,62.394525,28.758435,41.41849999999996,28.75843048499999,62.39453005500007,34.63511101516684,0.052941176470841025,34.63515148,99.11564399635023,DJI_0056
00:00:13.546,135.6666667,407,33,1.71855E+12,100,500,2.8,0,5706,224,10000,0,62.394525,28.758435,41.418999999999954,28.758427429999994,62.39452748000007,35.68466068100663,0.054545455,35.68470236845464,99.44275376806107,DJI_0056
00:00:13.579,136,408,33,1.71855E+12,100,500,2.8,0,5705,224,10000,0,62.394525,28.758435,41.41999999999995,28.758424369999997,62.39452491000007,35.64504804267944,0.10909090909065484,35.64521497748852,99.76950157202138,DJI_0056
00:00:13.612,136.3333333,409,34,1.71855E+12,100,500,2.8,0,5705,224,10000,0,62.394517,28.758426,41.42099999999996,28.75842131,62.394522340000066,34.596665083792296,0.10588235294168205,34.596827108750276,100.09624938360402,DJI_0056
00:00:13.646,136.6666667,410,33,1.71855E+12,100,500,2.8,0,5704,224,10000,0,62.394517,28.758426,41.421999999999954,28.75841825,62.39451977000006,35.64504962,0.10909090909065484,35.645216557144785,100.42299720204451,DJI_0056
00:00:13.679,137,411,33,1.71855E+12,100,500,2.8,0,5704,224,10000,0,62.394517,28.758426,41.42299999999996,28.758415170000003,62.394517195000056,35.75265053655144,0.10909090909142999,35.75281696894971,100.75073135759322,DJI_0056
00:00:13.712,137.3333333,412,34,1.71855E+12,100,500,2.8,0,5703,224,10000,0,62.39451,28.758417,41.42399999999996,28.75841209,62.394514620000045,34.701102577939515,0.1058823529409297,34.701264115264514,101.07846551868184,DJI_0056
00:00:13.746,137.6666667,413,33,1.71855E+12,100,500,2.8,0,5703,224,10000,0,62.39451,28.758417,41.42499999999996,28.758409010000005,62.394512045000035,35.75265211594727,0.10909090909142999,35.75281854833818,101.40619968870827,DJI_0056
00:00:13.779,138,414,33,1.71855E+12,100,500,2.8,0,5702,224,10000,0,62.394502,28.758408,41.42599999999996,28.75840592000001,62.39450947000004,35.77996604264187,0.10909090909065484,35.780132347981215,101.73418423523142,DJI_0056
00:00:13.812,138.3333333,415,34,1.71855E+12,100,500,2.8,0,5702,224,10000,0,62.394502,28.758408,41.42699999999995,28.75840283000001,62.394506895000035,34.727614822009464,0.10588235294017737,34.727776236011934,102.06216878857154,DJI_0056
00:00:13.846,138.6666667,416,33,1.71855E+12,100,500,2.8,0,5700,224,10000,0,62.394502,28.758408,41.427999999999955,28.75839974000001,62.39450432000003,35.779967647614534,0.10909090909142999,35.780133952946414,102.39015334980688,DJI_0056
00:00:13.879,139,417,34,1.71855E+12,100,500,2.8,0,5700,224,10000,0,62.394502,28.758408,41.42899999999996,28.75839664500001,62.394501750000025,34.689421115613115,0.10588235294168205,34.68958270733462,102.71777718648727,DJI_0056
00:00:13.913,139.3333333,418,33,1.71855E+12,100,500,2.8,0,5699,224,10000,0,62.394495,28.758398,41.429999999999964,28.758393550000005,62.39449918000002,35.74061632286102,0.10909090909142999,35.74078281129845,103.04540102892418,DJI_0056
00:00:13.946,139.6666667,419,33,1.71855E+12,100,500,2.8,0,5699,224,10000,0,62.394495,28.758398,41.430999999999955,28.758390455000004,62.394496610000026,35.740617050874356,0.10909090908987971,35.740783539308374,103.3730248780345,DJI_0056
00:00:13.979,140,420,34,1.71855E+12,100,500,2.8,0,5699,224,10000,0,62.394487,28.758389,41.43149999999996,28.75838735500001,62.39449404000002,34.70273889721666,0.052941176470841025,34.702779279714186,103.70077334900958,DJI_0056
00:00:14.013,140.3333333,421,33,1.71855E+12,100,500,2.8,0,5698,224,10000,0,62.394487,28.758389,41.43199999999995,28.75838425500001,62.39449147000001,35.75433794549504,0.054545455,35.754379551703565,104.02852182823354,DJI_0056
00:00:14.046,140.6666667,422,33,1.71855E+12,100,500,2.8,0,5698,224,10000,0,62.394487,28.758389,41.43249999999996,28.75838115500001,62.394488900000006,35.75433866,0.054545455,35.75438026432529,104.35627031398985,DJI_0056
00:00:14.079,141,423,34,1.71855E+12,100,500,2.8,0,5697,224,10000,0,62.39448,28.75838,41.43299999999996,28.758378045000015,62.39448633,34.729421873348684,0.052941176,34.729462224819954,104.68427079055759,DJI_0056
00:00:14.113,141.3333333,424,33,1.71855E+12,100,500,2.8,0,5697,224,10000,0,62.39448,28.75838,41.43349999999996,28.758374935000017,62.39448375999999,35.78182921377429,0.054545454545714994,35.78187079,105.01227127278108,DJI_0056
00:00:14.146,141.6666667,425,33,1.71855E+12,100,500,2.8,0,5697,224,10000,0,62.39448,28.75838,41.43399999999996,28.75837182500002,62.394481189999986,35.78183010028014,0.054545454545714994,35.78187167452152,105.34027176313086,DJI_0056
00:00:14.179,142,426,34,1.71855E+12,100,500,2.8,0,5697,224,10000,0,62.394473,28.758371,41.43449999999995,28.75836870000002,62.39447861999998,34.769567466155884,0.052941176,34.76960777103665,105.66865139207954,DJI_0056
00:00:14.213,142.3333333,427,33,1.71855E+12,100,500,2.8,0,5696,224,10000,0,62.394473,28.758371,41.43499999999997,28.758365575000017,62.39447604999999,35.823191480762475,0.054545454547265275,35.82323300700237,105.99703102797706,DJI_0056
00:00:14.246,142.6666667,428,34,1.71855E+12,100,500,2.8,0,5696,224,10000,0,62.394473,28.758371,41.435499999999955,28.758362450000018,62.39447347999998,34.769569034210306,0.052941176,34.76960933908925,106.32541067173513,DJI_0056
00:00:14.280,143,429,33,1.71855E+12,100,500,2.8,0,5695,224,10000,0,62.394465,28.758362,41.43549999999995,28.758359315000018,62.39447090999998,35.85085024147106,-7.75E-13,35.85085024147106,106.65404346561527,DJI_0056
00:00:14.313,143.3333333,430,33,1.71855E+12,100,500,2.8,0,5695,224,10000,0,62.394465,28.758362,41.435499999999955,28.758356180000018,62.39446833999998,35.850850968513164,7.751375299201093e-13,35.850850968513164,106.98267626615998,DJI_0056
00:00:14.346,143.6666667,431,34,1.71855E+12,100,500,2.8,0,5694,224,10000,0,62.394465,28.758362,41.435499999999955,28.75835304500002,62.39446576999999,34.79641489807647,0,34.79641489807647,107.31130907353071,DJI_0056
00:00:14.380,144,432,33,1.71855E+12,100,500,2.8,0,5694,224,10000,0,62.394458,28.758352,41.43599999999995,28.758349905000017,62.39446319999998,35.86470622488473,0.054545455,35.8647477,107.64006926080873,DJI_0056
00:00:14.413,144.3333333,433,33,1.71855E+12,100,500,2.8,0,5694,224,10000,0,62.394458,28.758352,41.43649999999995,28.758346765000013,62.394460629999976,35.86470712371175,0.054545454545714994,35.864748601882496,107.96882945632599,DJI_0056
00:00:14.446,144.6666667,434,34,1.71855E+12,100,500,2.8,0,5694,224,10000,0,62.394458,28.758352,41.436999999999955,28.758343625000013,62.39445805999998,34.80986337371712,0.052941176470841025,34.809903631941005,108.29758965729432,DJI_0056
00:00:14.480,145,435,33,1.71855E+12,100,500,2.8,0,5694,224,10000,0,62.394449,28.758342,41.43749999999994,28.758340470000007,62.394455489999984,35.906369831496804,0.054545455,35.906411261539844,108.6267317605251,DJI_0056
00:00:14.513,145.3333333,436,33,1.71855E+12,100,500,2.8,0,5694,224,10000,0,62.394449,28.758342,41.437999999999946,28.758337315000002,62.394452919999985,35.90637088849794,0.054545454545714994,35.90641231853976,108.95587387344506,DJI_0056
00:00:14.546,145.6666667,437,34,1.71855E+12,100,500,2.8,0,5694,224,10000,0,62.394449,28.758342,41.43849999999995,28.75833416,62.39445034999998,34.85030172265972,0.052941176470841025,34.850341934170245,109.28501599171221,DJI_0056
00:00:14.580,146,438,33,1.71855E+12,100,500,2.8,0,5694,224,10000,0,62.394442,28.758332,41.437999999999946,28.758330994999998,62.394447784999976,35.88150581138864,-0.054545455,35.88154727014052,109.61393017502184,DJI_0056
00:00:14.613,146.3333333,439,34,1.71855E+12,100,500,2.8,0,5695,224,10000,0,62.394442,28.758332,41.43749999999994,28.758327829999995,62.39444521999997,34.826168009587114,-0.052941176,34.82620824896324,109.94284436403981,DJI_0056
00:00:14.647,146.6666667,440,33,1.71855E+12,100,500,2.8,0,5695,224,10000,0,62.394442,28.758332,41.43699999999994,28.758324664999996,62.39444265499996,35.88150719097324,-0.054545455,35.88154864972353,110.27175855999562,DJI_0056
00:00:14.680,147,441,33,1.71855E+12,100,500,2.8,0,5693,224,10000,0,62.394436,28.758324,41.43649999999994,28.75832149499999,62.39444008999997,35.89548223,-0.054545455,35.895523675023234,110.60080086034999,DJI_0056
00:00:14.713,147.3333333,442,34,1.71855E+12,100,500,2.8,0,5693,224,10000,0,62.394436,28.758324,41.43599999999994,28.75831832499999,62.39443752499997,34.839733474353004,-0.052941176,34.83977369806123,110.92984316749835,DJI_0056
00:00:14.747,147.6666667,443,33,1.71855E+12,100,500,2.8,0,5692,224,10000,0,62.394436,28.758324,41.43549999999994,28.758315154999988,62.39443495999999,35.89548334810719,-0.054545455,35.89552479071524,111.2588854780799,DJI_0056
00:00:14.780,148,444,33,1.71855E+12,100,500,2.8,0,5692,224,10000,0,62.394428,28.758315,41.43499999999994,28.758311969999987,62.394432394999995,35.937506915734446,-0.054545455,35.93754830988158,111.58831300425382,DJI_0056
00:00:14.813,148.3333333,445,34,1.71855E+12,100,500,2.8,0,5691,224,10000,0,62.394428,28.758315,41.434499999999936,28.758308784999986,62.39442983,34.880522160959934,-0.052941176,34.88056234,111.91774053744255,DJI_0056
00:00:14.847,148.6666667,446,33,1.71855E+12,100,500,2.8,0,5691,224,10000,0,62.394428,28.758315,41.43399999999993,28.758305599999986,62.394427265000004,35.93750844624364,-0.054545455,35.93754984038901,112.24716807764612,DJI_0056
00:00:14.880,149,447,33,1.71855E+12,100,500,2.8,0,5690,224,10000,0,62.394419,28.758303,41.433499999999924,28.75830240499999,62.394424695000005,36.018207889064094,-0.054545455,36.01824919046525,112.57733536189205,DJI_0056
00:00:14.913,149.3333333,448,34,1.71855E+12,100,500,2.8,0,5690,224,10000,0,62.394419,28.758303,41.43299999999992,28.75829920999999,62.39442213,34.95884987525765,-0.052941176,34.958889961910515,112.90750265597677,DJI_0056
00:00:14.947,149.6666667,449,33,1.71855E+12,100,500,2.8,0,5689,224,10000,0,62.394419,28.758303,41.43249999999992,28.758296014999992,62.394419555000006,36.01820958,-0.054545455,36.01825088188461,113.23766995572738,DJI_0056
00:00:14.980,150,450,34,1.71855E+12,100,500,2.8,0,5689,224,10000,0,62.394412,28.758293,41.43249999999992,28.75829280999999,62.39441698500001,34.98614677889852,0,34.98614677889852,113.56809467530587,DJI_0056
00:00:15.014,150.3333333,451,33,1.71855E+12,100,500,2.8,0,5688,224,10000,0,62.394412,28.758293,41.43249999999992,28.75828960499999,62.39441442,36.04633395,0,36.04633395,113.89851940320614,DJI_0056
00:00:15.047,150.6666667,452,33,1.71855E+12,100,500,2.8,0,5688,224,10000,0,62.394412,28.758293,41.43249999999992,28.758286399999992,62.39441184500001,36.04633445928166,0,36.04633445928166,114.22894413574956,DJI_0056
00:00:15.080,151,453,34,1.71855E+12,100,500,2.8,0,5687,224,10000,0,62.394404,28.758284,41.43249999999991,28.758283184999996,62.39440928,34.96253444890127,-7.52E-13,34.96253444890127,114.55914584998918,DJI_0056
00:00:15.114,151.3333333,454,33,1.71855E+12,100,500,2.8,0,5687,224,10000,0,62.394404,28.758284,41.43249999999991,28.758279969999993,62.39440671499999,36.022005967687015,0,36.022005967687015,114.88934757135964,DJI_0056
00:00:15.147,151.6666667,455,33,1.71855E+12,100,500,2.8,0,5686,224,10000,0,62.394404,28.758284,41.43249999999991,28.758276794999997,62.39440418999999,35.48894239526342,0,35.48894239526342,115.21466287664956,DJI_0056
00:00:15.180,152,456,34,1.71855E+12,100,500,2.8,0,5686,224,10000,0,62.394397,28.758274,41.43249999999991,28.758273569999997,62.39440162499999,34.98999964756237,0,34.98999964756237,115.5451239844321,DJI_0056
00:00:15.214,152.3333333,457,33,1.71855E+12,100,500,2.8,0,5684,224,10000,0,62.394397,28.758274,41.4325,28.758270344999993,62.39439906,36.05030361886146,-1.55E-12,36.05030361886146,115.87558510093832,DJI_0056
00:00:15.247,152.6666667,458,33,1.71855E+12,100,500,2.8,0,5684,224,10000,0,62.394397,28.758274,41.4325,28.758267119999985,62.3943965,36.05030426751022,0,36.05030426751022,116.2060462233905,DJI_0056
00:00:15.280,153,459,34,1.71855E+12,100,500,2.8,0,5683,224,10000,0,62.394389,28.758263,41.4325,28.758263879999987,62.39439393,35.03131621267217,0,35.03131621267217,116.53689754317685,DJI_0056
00:00:15.314,153.3333333,460,33,1.71855E+12,100,500,2.8,0,5683,224,10000,0,62.394389,28.758263,41.4325,28.758260639999985,62.394391365000004,36.09287204,0,36.09287204,116.86774887019115,DJI_0056
00:00:15.347,153.6666667,461,34,1.71855E+12,100,500,2.8,0,5682,224,10000,0,62.394389,28.758263,41.4325,28.758257399999987,62.39438879999999,35.03131787,0,35.03131787,117.19860020565565,DJI_0056
00:00:15.381,154,462,33,1.71855E+12,100,500,2.8,0,5682,224,10000,0,62.394381,28.758253,41.4325,28.75825415499999,62.394386234999985,36.10709514,0,36.10709514,117.52958191113152,DJI_0056
00:00:15.414,154.3333333,463,33,1.71855E+12,100,500,2.8,0,5681,224,10000,0,62.394381,28.758253,41.4325,28.758250909999994,62.39438366999997,36.10709580016613,0,36.10709580016613,117.86056362263304,DJI_0056
00:00:15.447,154.6666667,464,34,1.71855E+12,100,500,2.8,0,5681,224,10000,0,62.394381,28.758253,41.4325,28.758247664999995,62.39438110499997,35.045123179224156,0,35.045123179224156,118.19154534154794,DJI_0056
00:00:15.481,155,465,33,1.71855E+12,100,500,2.8,0,5681,224,10000,0,62.394375,28.758244,41.4325,28.758244404999992,62.39437853999996,36.149859582156175,0,36.149859582156175,118.52291905438437,DJI_0056
00:00:15.514,155.3333333,466,33,1.71855E+12,100,500,2.8,0,5681,224,10000,0,62.394375,28.758244,41.4325,28.75824114499999,62.39437597499996,36.14986024604081,0,36.14986024604081,118.85429277330641,DJI_0056
00:00:15.547,155.6666667,467,34,1.71855E+12,100,500,2.8,0,5680,224,10000,0,62.394375,28.758244,41.4325,28.75823788499999,62.39437340999995,35.086629965113595,0,35.086629965113595,119.1856665007547,DJI_0056
00:00:15.581,156,468,33,1.71855E+12,100,500,2.8,0,5680,224,10000,0,62.394367,28.758234,41.4325,28.758234614999992,62.39437084499995,36.17845120463385,0,36.17845120463385,119.51730230346385,DJI_0056
00:00:15.614,156.3333333,469,33,1.71855E+12,100,500,2.8,0,5681,224,10000,0,62.394367,28.758234,41.4325,28.75823134499999,62.39436827999995,36.17845202411478,0,36.17845202411478,119.84893811368491,DJI_0056
00:00:15.647,156.6666667,470,34,1.71855E+12,100,500,2.8,0,5681,224,10000,0,62.394367,28.758234,41.4325,28.75822807499999,62.39436571499996,35.11438053668619,0,35.11438053668619,120.18057392986472,DJI_0056
00:00:15.681,157,471,33,1.71855E+12,100,500,2.8,0,5681,224,10000,0,62.39436,28.758224,41.4325,28.758224794999993,62.394363149999954,36.207107889022005,0,36.207107889022005,120.51247241884742,DJI_0056
00:00:15.714,157.3333333,472,34,1.71855E+12,100,500,2.8,0,5681,224,10000,0,62.39436,28.758224,41.4325,28.758221514999992,62.39436058499995,35.14219375067291,0,35.14219375067291,120.84437091538156,DJI_0056
00:00:15.748,157.6666667,473,33,1.71855E+12,100,500,2.8,0,5681,224,10000,0,62.39436,28.758224,41.4325,28.75821823499999,62.394358019999935,36.20710978419033,0,36.20710978419033,121.17626942173663,DJI_0056
00:00:15.781,158,474,33,1.71855E+12,100,500,2.8,0,5681,224,10000,0,62.394352,28.758214,41.431999999999896,28.75821494499999,62.39435545499993,36.235829330162495,-0.054545455,36.23587038,121.5084315669189,DJI_0056
00:00:15.814,158.3333333,475,34,1.71855E+12,100,500,2.8,0,5682,224,10000,0,62.394352,28.758214,41.431499999999886,28.758211654999997,62.39435288999994,35.17007042998466,-0.052941176,35.17011027588978,121.84059371952452,DJI_0056
00:00:15.848,158.6666667,476,33,1.71855E+12,100,500,2.8,0,5682,224,10000,0,62.394352,28.758214,41.430999999999884,28.75820837,62.394350324999934,36.23583093151688,-0.054545455,36.23587198487277,122.17275587938586,DJI_0056
00:00:15.881,159,477,33,1.71855E+12,100,500,2.8,0,5684,224,10000,0,62.394345,28.758205,41.43049999999988,28.75820507,62.39434776499993,36.212474021171765,-0.054545455,36.212515101006886,122.50470393447843,DJI_0056
00:00:15.914,159.3333333,478,34,1.71855E+12,100,500,2.8,0,5684,224,10000,0,62.394345,28.758205,41.42999999999989,28.75820177,62.39434520499993,35.14740203,-0.052941176,35.1474419,122.83665199686153,DJI_0056
00:00:15.948,159.6666667,479,33,1.71855E+12,100,500,2.8,0,5685,224,10000,0,62.394345,28.758205,41.42949999999989,28.75819847,62.39434264499993,36.212475497555495,-0.054545455,36.21251657738894,123.1686000654876,DJI_0056
00:00:15.981,160,480,33,1.71855E+12,100,500,2.8,0,5685,224,10000,0,62.394338,28.758195,41.42899999999989,28.758195155000006,62.39434008499994,36.24136584865606,-0.054545455,36.241406895742124,123.5008129620319,DJI_0056
00:00:16.014,160.3333333,481,34,1.71855E+12,100,500,2.8,0,5687,224,10000,0,62.394338,28.758195,41.428499999999886,28.75819184500001,62.394337524999955,35.17544411761245,-0.052941176,35.17548395743038,123.8330258660743,DJI_0056
00:00:16.048,160.6666667,482,33,1.71855E+12,100,500,2.8,0,5687,224,10000,0,62.394338,28.758195,41.42799999999989,28.758188535000013,62.394334964999956,36.241367503003424,-0.054545455,36.24140855008763,124.16523877778343,DJI_0056
00:00:16.081,161,483,34,1.71855E+12,100,500,2.8,0,5689,224,10000,0,62.394329,28.758184,41.42749999999989,28.75818521500001,62.39433240499996,35.203548132668324,-0.052941176,35.20358794068102,124.4977171083343,DJI_0056
00:00:16.115,161.3333333,484,33,1.71855E+12,100,500,2.8,0,5689,224,10000,0,62.394329,28.758184,41.427,28.758181895000018,62.39432984499996,36.27032310389823,-0.054545455,36.27036411821344,124.83019544608459,DJI_0056
00:00:16.148,161.6666667,485,33,1.71855E+12,100,500,2.8,0,5691,224,10000,0,62.394329,28.758184,41.4265,28.75817857500002,62.39432728499996,36.270323830617585,-0.054545455,36.270364844931976,125.16267379049647,DJI_0056
00:00:16.181,162,486,34,1.71855E+12,100,500,2.8,0,5691,224,10000,0,62.394322,28.758174,41.426,28.75817525000002,62.39432472499997,35.21762489144544,-0.052941176,35.21766468354657,125.4952850680633,DJI_0056
00:00:16.215,162.3333333,487,33,1.71855E+12,100,500,2.8,0,5693,224,10000,0,62.394322,28.758174,41.425499999999914,28.758171925000013,62.39432216499998,36.28482650706615,-0.054545455,36.28486750498755,125.82789635352569,DJI_0056
00:00:16.248,162.6666667,488,33,1.71855E+12,100,500,2.8,0,5693,224,10000,0,62.394322,28.758174,41.42499999999991,28.75816860000001,62.394319604999986,36.28482729456592,-0.054545455,36.28486829248643,126.16050764620681,DJI_0056
00:00:16.281,163,489,34,1.71855E+12,100,500,2.8,0,5694,224,10000,0,62.394315,28.758164,41.42449999999992,28.758165260000006,62.39431703999999,35.310390654280596,-0.052941176,35.31043034184195,126.49399504387976,DJI_0056
00:00:16.315,163.3333333,490,33,1.71855E+12,100,500,2.8,0,5694,224,10000,0,62.394315,28.758164,41.423999999999914,28.758161920000006,62.394314474999995,36.380403191314066,-0.054545455,36.380444081528005,126.82748244796043,DJI_0056
00:00:16.348,163.6666667,491,34,1.71855E+12,100,500,2.8,0,5696,224,10000,0,62.394315,28.758164,41.42349999999992,28.758158580000003,62.39431191,35.31039226799503,-0.052941176,35.31043195555456,127.1609699,DJI_0056
00:00:16.382,164,492,33,1.71855E+12,100,500,2.8,0,5696,224,10000,0,62.394307,28.758154,41.42299999999992,28.758155235000007,62.39430935,36.39494912387331,-0.054545455,36.39498999774472,127.49459060251999,DJI_0056
00:00:16.415,164.3333333,493,33,1.71855E+12,100,500,2.8,0,5697,224,10000,0,62.394307,28.758154,41.42249999999993,28.758151890000008,62.39430678000001,36.39494984,-0.054545455,36.394990717492995,127.82821135076368,DJI_0056
00:00:16.448,164.6666667,494,34,1.71855E+12,100,500,2.8,0,5697,224,10000,0,62.394307,28.758154,41.42199999999993,28.758148545000008,62.39430421500001,35.324511079631336,-0.052941176,35.324550751328225,128.16183210785957,DJI_0056
00:00:16.482,165,495,33,1.71855E+12,100,500,2.8,0,5698,224,10000,0,62.394299,28.758143,41.42149999999993,28.758145190000008,62.39430164500001,36.47602772162363,-0.054545455,36.476068504641056,128.49619606915212,DJI_0056
00:00:16.515,165.3333333,496,33,1.71855E+12,100,500,2.8,0,5698,224,10000,0,62.394299,28.758143,41.42099999999994,28.75814183500001,62.39429907500003,36.47602827693345,-0.054545455,36.47606905995025,128.83056,DJI_0056
00:00:16.548,165.6666667,497,34,1.71855E+12,100,500,2.8,0,5700,224,10000,0,62.394299,28.758143,41.42049999999994,28.75813848000001,62.39429650500002,35.40320513231391,-0.052941176,35.403244715828855,129.1649240134067,DJI_0056
00:00:16.582,166,498,33,1.71855E+12,100,500,2.8,0,5700,224,10000,0,62.394291,28.758133,41.419999999999945,28.758135115000005,62.39429393500002,36.50518854,-0.054545455,36.505229292996454,129.49955528192584,DJI_0056
00:00:16.615,166.3333333,499,33,1.71855E+12,100,500,2.8,0,5702,224,10000,0,62.394291,28.758133,41.41949999999994,28.758131750000004,62.394291365000036,36.50518912093652,-0.054545455,36.505229871375334,129.83418655574678,DJI_0056
00:00:16.648,166.6666667,500,34,1.71855E+12,100,500,2.8,0,5702,224,10000,0,62.394291,28.758133,41.418999999999954,28.758128384999996,62.39428879500004,35.43150792376277,-0.052941176,35.43154747565833,130.16881783746135,DJI_0056
00:00:16.682,167,501,33,1.71855E+12,100,500,2.8,0,5704,224,10000,0,62.394284,28.758123,41.41849999999995,28.758125009999993,62.394286225000045,36.53441253043696,-0.054545455,36.534453248280045,130.50371699223726,DJI_0056
00:00:16.715,167.3333333,502,34,1.71855E+12,100,500,2.8,0,5704,224,10000,0,62.394284,28.758123,41.41799999999996,28.758121634999995,62.394283655000045,35.45987178934594,-0.052941176,35.459911309604514,130.83861615460575,DJI_0056
00:00:16.749,167.6666667,503,33,1.71855E+12,100,500,2.8,0,5706,224,10000,0,62.394284,28.758123,41.41749999999996,28.75811830999999,62.39428112000005,36.02505955,-0.054545455,36.02510084804128,131.16884624571279,DJI_0056
00:00:16.782,168,504,33,1.71855E+12,100,500,2.8,0,5706,224,10000,0,62.394276,28.758113,41.41699999999996,28.758114934999984,62.39427854500005,36.58629929,-0.054545455,36.58633995063883,131.50422102859363,DJI_0056
00:00:16.815,168.3333333,505,34,1.71855E+12,100,500,2.8,0,5707,224,10000,0,62.394276,28.758113,41.41649999999997,28.758111559999985,62.39427597000005,35.51023235859659,-0.052941176,35.51027182280764,131.83959581803126,DJI_0056
00:00:16.849,168.6666667,506,33,1.71855E+12,100,500,2.8,0,5707,224,10000,0,62.394276,28.758113,41.41599999999997,28.75810818499998,62.39427339500006,36.58630085316265,-0.054545455,36.58634151325794,132.17497061523613,DJI_0056
00:00:16.882,169,507,33,1.71855E+12,100,500,2.8,0,5709,224,10000,0,62.394269,28.758103,41.41549999999997,28.758104799999977,62.39427082000007,36.61554507541982,-0.054545455,36.61558570304061,132.51061348418068,DJI_0056
00:00:16.915,169.3333333,508,34,1.71855E+12,100,500,2.8,0,5709,224,10000,0,62.394269,28.758103,41.41499999999997,28.758101414999974,62.394268245000056,35.538618215708496,-0.052941176,35.53865764839823,132.84625636197111,DJI_0056
00:00:16.949,169.6666667,509,33,1.71855E+12,100,500,2.8,0,5710,224,10000,0,62.394269,28.758103,41.41449999999998,28.758098029999974,62.39426567000006,36.615546760165465,-0.054545455,36.61558738778439,133.18189924635914,DJI_0056
00:00:16.982,170,510,33,1.71855E+12,100,500,2.8,0,5710,224,10000,0,62.394261,28.758092,41.41349999999998,28.758094634999974,62.39426309500004,36.64485434,-0.109090909,36.64501672207876,133.51781189964487,DJI_0056
00:00:17.015,170.3333333,511,34,1.71855E+12,100,500,2.8,0,5711,224,10000,0,62.394261,28.758092,41.41249999999998,28.75809123999997,62.394260520000046,35.56706510131032,-0.105882353,35.567222705652895,133.85372455853158,DJI_0056
00:00:17.049,170.6666667,512,33,1.71855E+12,100,500,2.8,0,5711,224,10000,0,62.394261,28.758092,41.411499999999975,28.758087844999963,62.39425794500004,36.64485580890354,-0.109090909,36.64501819,134.1896372252653,DJI_0056
00:00:17.082,171,513,34,1.71855E+12,100,500,2.8,0,5712,224,10000,0,62.394253,28.758082,41.410499999999985,28.758084439999966,62.394255365000056,35.645836171253684,-0.105882353,35.64599342731974,134.52629382985666,DJI_0056
00:00:17.116,171.3333333,514,33,1.71855E+12,100,500,2.8,0,5712,224,10000,0,62.394253,28.758082,41.40949999999998,28.758081034999964,62.39425278500004,36.726014017586266,-0.109090909,36.726176038983276,134.86295044354733,DJI_0056
00:00:17.149,171.6666667,515,33,1.71855E+12,100,500,2.8,0,5713,224,10000,0,62.394253,28.758082,41.40849999999998,28.758077674999964,62.39425024500005,36.17951157239112,-0.109090909,36.17967604,135.19459747392463,DJI_0056
00:00:17.182,172,516,34,1.71855E+12,100,500,2.8,0,5713,224,10000,0,62.394246,28.758072,41.407499999999985,28.758074254999965,62.39424766500003,35.688651147028345,-0.105882353,35.688808214438204,135.53165844039432,DJI_0056
00:00:17.216,172.3333333,517,33,1.71855E+12,100,500,2.8,0,5714,224,10000,0,62.394246,28.758072,41.40649999999999,28.758070834999966,62.39424508500003,36.77012615997916,-0.109090909,36.77028798700425,135.86871941360852,DJI_0056
00:00:17.249,172.6666667,518,33,1.71855E+12,100,500,2.8,0,5714,224,10000,0,62.394246,28.758072,41.40549999999998,28.758067414999974,62.39424250500003,36.77012687701174,-0.109090909,36.77028870403369,136.2057803933955,DJI_0056
00:00:17.282,173,519,34,1.71855E+12,100,500,2.8,0,5715,224,10000,0,62.394239,28.758063,41.40449999999999,28.75806398999997,62.394239920000025,35.75316468024637,-0.105882353,35.753321464242745,136.54345065166888,DJI_0056
00:00:17.316,173.3333333,520,33,1.71855E+12,100,500,2.8,0,5715,224,10000,0,62.394239,28.758063,41.40349999999999,28.75806056499998,62.39423733500003,36.83659474558824,-0.109090909,36.83675628061115,136.8811209175745,DJI_0056
00:00:17.349,173.6666667,521,33,1.71855E+12,100,500,2.8,0,5716,224,10000,0,62.394239,28.758063,41.40249999999999,28.758057184999974,62.394234790000034,36.29015926674955,-0.109090909,36.29032323405916,137.2137822138867,DJI_0056
00:00:17.382,174,522,34,1.71855E+12,100,500,2.8,0,5716,224,10000,0,62.394231,28.758052,41.401499999999984,28.758053754999978,62.39423221000003,35.71727345212914,-0.105882353,35.71743039367241,137.55111350093804,DJI_0056
00:00:17.416,174.3333333,523,33,1.71855E+12,100,500,2.8,0,5717,224,10000,0,62.394231,28.758052,41.400499999999994,28.75805032499998,62.394229630000034,36.79961596246105,-0.109090909,36.79977765980475,137.88844479615292,DJI_0056
00:00:17.449,174.6666667,524,34,1.71855E+12,100,500,2.8,0,5717,224,10000,0,62.394231,28.758052,41.39949999999999,28.758046939999982,62.39422708500004,35.23712498373005,-0.105882353,35.23728406378217,138.2212413678664,DJI_0056
00:00:17.483,175,525,33,1.71855E+12,100,500,2.8,0,5717,224,10000,0,62.394223,28.758041,41.398499999999984,28.75804349999998,62.39422450000003,36.88083418,-0.109090909,36.880995521277484,138.5593171601448,DJI_0056
00:00:17.516,175.3333333,526,33,1.71855E+12,100,500,2.8,0,5717,224,10000,0,62.394223,28.758041,41.397499999999994,28.75804005999998,62.39422191500003,36.88083483123665,-0.109090909,36.880996172492466,138.89739295839263,DJI_0056
00:00:17.549,175.6666667,527,34,1.71855E+12,100,500,2.8,0,5718,224,10000,0,62.394223,28.758041,41.39649999999999,28.75803666499998,62.394219365000055,35.31595831335827,-0.105882353,35.316117038308775,139.23093406375443,DJI_0056
00:00:17.583,176,528,33,1.71855E+12,100,500,2.8,0,5718,224,10000,0,62.394215,28.758031,41.39599999999999,28.758033219999984,62.39421678000005,36.89561282121433,-0.054545455,36.89565314043874,139.56914421754178,DJI_0056
00:00:17.616,176.3333333,529,33,1.71855E+12,100,500,2.8,0,5718,224,10000,0,62.394215,28.758031,41.39549999999999,28.758029774999983,62.39421419500007,36.89561341835015,-0.054545455,36.89565374,139.90735437680286,DJI_0056
00:00:17.649,176.6666667,530,34,1.71855E+12,100,500,2.8,0,5718,224,10000,0,62.394215,28.758031,41.39499999999999,28.758026374999982,62.39421165000006,35.280184864836265,-0.052941176,35.28022458637684,140.24055649789642,DJI_0056
00:00:17.683,177,531,33,1.71855E+12,100,500,2.8,0,5719,224,10000,0,62.394207,28.758021,41.39449999999999,28.75802291999998,62.39420906500008,36.92521415975318,-0.054545455,36.92525444665545,140.57903799699076,DJI_0056
00:00:17.716,177.3333333,532,33,1.71855E+12,100,500,2.8,0,5719,224,10000,0,62.394207,28.758021,41.394,28.75801946499998,62.39420648000007,36.92521502415524,-0.054545455,36.925255311056574,140.9175195040088,DJI_0056
00:00:17.749,177.6666667,533,34,1.71855E+12,100,500,2.8,0,5720,224,10000,0,62.394207,28.758021,41.393499999999996,28.75801605999998,62.39420393000009,35.344671690259624,-0.052941176,35.34471133932779,141.2513307,DJI_0056
00:00:17.783,178,534,33,1.71855E+12,100,500,2.8,0,5720,224,10000,0,62.394199,28.75801,41.392999999999994,28.758012594999983,62.39420134000009,37.00647121877558,-0.054545455,37.00651141721788,141.59055702131582,DJI_0056
00:00:17.816,178.3333333,535,34,1.71855E+12,100,500,2.8,0,5721,224,10000,0,62.394199,28.75801,41.392499999999984,28.758009129999984,62.39419875000009,35.91804634756294,-0.052941176,35.91808536,141.92978338308407,DJI_0056
00:00:17.850,178.6666667,536,33,1.71855E+12,100,500,2.8,0,5721,224,10000,0,62.394199,28.75801,41.39199999999998,28.75800571499998,62.39419621,36.39378751692962,-0.054545455,36.39382839210563,142.26339347667837,DJI_0056
00:00:17.883,179,537,33,1.71855E+12,100,500,2.8,0,5721,224,10000,0,62.394192,28.758,41.39149999999998,28.758002239999982,62.39419362,36.98460296638124,-0.054545455,36.98464318859204,142.6024193725738,DJI_0056
00:00:17.916,179.3333333,538,34,1.71855E+12,100,500,2.8,0,5721,224,10000,0,62.394192,28.758,41.39099999999998,28.757998764999982,62.39419103500011,35.89682139202704,-0.052941176,35.89686043,142.94144527664653,DJI_0056
00:00:17.950,179.6666667,539,33,1.71855E+12,100,500,2.8,0,5722,224,10000,0,62.394192,28.758,41.390499999999975,28.75799533999998,62.39418848500013,36.475072286619586,-0.054545455,36.47511307070529,143.27580047979467,DJI_0056
00:00:17.983,180,540,33,1.71855E+12,100,500,2.8,0,5722,224,10000,0,62.394184,28.75799,41.38999999999998,28.75799185999998,62.39418589500013,37.051021606978615,-0.054545455,37.051061757086096,143.61543521256795,DJI_0056
00:00:18.016,180.3333333,541,34,1.71855E+12,100,500,2.8,0,5723,224,10000,0,62.394184,28.75799,41.38949999999998,28.75798837999998,62.394183305000126,35.96128655,-0.052941176,35.96132551502962,143.95506995354322,DJI_0056
00:00:18.050,180.6666667,542,33,1.71855E+12,100,500,2.8,0,5723,224,10000,0,62.394184,28.75799,41.38899999999998,28.75798493999998,62.39418074500013,36.62277972915721,-0.054545455,36.622820348752214,144.29077914007345,DJI_0056
00:00:18.083,181,543,33,1.71855E+12,100,500,2.8,0,5723,224,10000,0,62.394176,28.757979,41.38849999999998,28.75798143999998,62.394178150000116,37.16210980227675,-0.054545455,37.16214983236419,144.63143218020346,DJI_0056
00:00:18.116,181.3333333,544,34,1.71855E+12,100,500,2.8,0,5723,224,10000,0,62.394176,28.757979,41.38799999999998,28.757977939999982,62.39417556,36.06910759589571,-0.052941176,36.06914644862653,144.97208522999605,DJI_0056
00:00:18.150,181.6666667,545,33,1.71855E+12,100,500,2.8,0,5723,224,10000,0,62.394176,28.757979,41.38749999999998,28.757974484999988,62.394173,36.61600259757487,-0.054545455,36.61604322468801,145.30773229288903,DJI_0056
00:00:18.183,182,546,34,1.71855E+12,100,500,2.8,0,5723,224,10000,0,62.394168,28.757969,41.38699999999998,28.757970969999988,62.394170405000104,36.11259688835661,-0.052941176,36.112635694298326,145.6487960744463,DJI_0056
00:00:18.217,182.3333333,547,33,1.71855E+12,100,500,2.8,0,5723,224,10000,0,62.394168,28.757969,41.38649999999998,28.757967454999992,62.39416781000009,37.206919047824925,-0.054545455,37.20695902970315,145.98985986555192,DJI_0056
00:00:18.250,182.6666667,548,33,1.71855E+12,100,500,2.8,0,5723,224,10000,0,62.394168,28.757969,41.385999999999974,28.757963999999998,62.394165260000094,36.56456665067254,-0.054545455,36.56460733493642,146.32503543278884,DJI_0056
00:00:18.283,183,549,34,1.71855E+12,100,500,2.8,0,5723,224,10000,0,62.39416,28.757958,41.385499999999986,28.757960490000002,62.394162670000085,36.04816656927709,-0.052941176,36.04820544457813,146.66549070643208,DJI_0056
00:00:18.317,183.3333333,550,33,1.71855E+12,100,500,2.8,0,5723,224,10000,0,62.39416,28.757958,41.384999999999984,28.75795698,62.39416008000006,37.140536199332224,-0.054545455,37.14057625267167,147.00594598874824,DJI_0056
00:00:18.350,183.6666667,551,33,1.71855E+12,100,500,2.8,0,5723,224,10000,0,62.39416,28.757958,41.38449999999998,28.757953519999997,62.394157525000075,36.630955825569146,-0.054545455,36.630996436097796,147.3417301227458,DJI_0056
00:00:18.383,184,552,34,1.71855E+12,100,500,2.8,0,5723,224,10000,0,62.394153,28.757948,41.38399999999998,28.757949999999997,62.39415493500007,36.07724579420649,-0.052941176,36.07728463817303,147.6824600332174,DJI_0056
00:00:18.417,184.3333333,553,33,1.71855E+12,100,500,2.8,0,5723,224,10000,0,62.394153,28.757948,41.383499999999984,28.757946479999998,62.394152345000066,37.17049644853493,-0.054545455,37.17053646959052,148.0231899508553,DJI_0056
00:00:18.450,184.6666667,554,33,1.71855E+12,100,500,2.8,0,5723,224,10000,0,62.394153,28.757948,41.38299999999998,28.757943004999998,62.39414979500006,36.62454049299149,-0.054545455,36.62458111063368,148.35891527770278,DJI_0056
00:00:18.483,185,555,34,1.71855E+12,100,500,2.8,0,5723,224,10000,0,62.394145,28.757938,41.38249999999998,28.75793947,62.39414720500006,36.12097427545011,-0.052941176,36.12101307239174,148.70005817894204,DJI_0056
00:00:18.517,185.3333333,556,33,1.71855E+12,100,500,2.8,0,5723,224,10000,0,62.394145,28.757938,41.38199999999998,28.75793594,62.39414461500005,37.21555019181697,-0.054545455,37.21559016442249,149.04120108878257,DJI_0056
00:00:18.550,185.6666667,557,34,1.71855E+12,100,500,2.8,0,5724,224,10000,0,62.394145,28.757938,41.38199999999998,28.75793245000001,62.39414206000005,35.62634636694713,0,35.62634636694713,149.37767213780373,DJI_0056
00:00:18.584,186,558,33,1.71855E+12,100,500,2.8,0,5724,224,10000,0,62.394137,28.757927,41.38199999999998,28.757928905000007,62.39413946500005,37.296951911126634,0,37.296951911126634,149.71956086365572,DJI_0056
00:00:18.617,186.3333333,559,33,1.71855E+12,100,500,2.8,0,5723,224,10000,0,62.394137,28.757927,41.38199999999998,28.757925360000012,62.394136870000054,37.29695281614055,0,37.29695281614055,150.06144959780366,DJI_0056
00:00:18.650,186.6666667,560,34,1.71855E+12,100,500,2.8,0,5723,224,10000,0,62.394137,28.757927,41.38199999999998,28.757921870000015,62.39413431500006,35.64094727280819,0,35.64094727280819,150.39805854426908,DJI_0056
00:00:18.684,187,561,33,1.71855E+12,100,500,2.8,0,5723,224,10000,0,62.394129,28.757917,41.38249999999999,28.757918325000013,62.39413172500005,37.24566471264908,0.054545454547265275,37.24570465293528,150.73947750358764,DJI_0056
00:00:18.717,187.3333333,562,33,1.71855E+12,100,500,2.8,0,5723,224,10000,0,62.394129,28.757917,41.38299999999998,28.757914780000014,62.39412913500005,37.24566548665755,0.054545455,37.24570542694291,151.08089647000128,DJI_0056
00:00:18.750,187.6666667,563,34,1.71855E+12,100,500,2.8,0,5722,224,10000,0,62.394129,28.757917,41.383499999999984,28.757911285000013,62.39412658500006,35.605800602058615,0.052941176470841025,35.60583996034532,151.41717384740454,DJI_0056
00:00:18.784,188,564,33,1.71855E+12,100,500,2.8,0,5722,224,10000,0,62.394121,28.757906,41.383499999999984,28.757907730000014,62.394123995000044,37.275838041216836,0,37.275838041216836,151.75886902944902,DJI_0056
00:00:18.817,188.3333333,565,33,1.71855E+12,100,500,2.8,0,5722,224,10000,0,62.394121,28.757906,41.383499999999984,28.757904175000018,62.394121405000035,37.27583898854433,0,37.27583898854433,152.10056422017735,DJI_0056
00:00:18.850,188.6666667,566,34,1.71855E+12,100,500,2.8,0,5722,224,10000,0,62.394121,28.757906,41.3835,28.757900665000026,62.39411884500003,35.74922398137182,1.5046787345508005e-12,35.74922398137182,152.43819578000142,DJI_0056
00:00:18.884,189,567,33,1.71855E+12,100,500,2.8,0,5722,224,10000,0,62.394113,28.757896,41.3835,28.757897095000025,62.39411624500001,37.423611547901054,0,37.423611547901054,152.78124555252384,DJI_0056
00:00:18.917,189.3333333,568,34,1.71855E+12,100,500,2.8,0,5722,224,10000,0,62.394113,28.757896,41.3835,28.75789352500003,62.39411364500002,36.322917727270685,0,36.322917727270685,153.1242953310592,DJI_0056
00:00:18.951,189.6666667,569,33,1.71855E+12,100,500,2.8,0,5721,224,10000,0,62.394113,28.757896,41.3835,28.757890005000025,62.39411108500001,36.86274465989202,0,36.86274465989202,153.46220382377487,DJI_0056
00:00:18.984,190,570,33,1.71855E+12,100,500,2.8,0,5721,224,10000,0,62.394106,28.757886,41.383499999999984,28.757886425000027,62.394108485000004,37.45385284418489,-1.55E-12,37.45385284418489,153.8055308081799,DJI_0056
00:00:19.017,190.3333333,571,34,1.71855E+12,100,500,2.8,0,5721,224,10000,0,62.394106,28.757886,41.3835,28.757882845000037,62.39410589,36.352269831016955,1.5046787345508005e-12,36.352269831016955,154.14885780102838,DJI_0056
00:00:19.051,190.6666667,572,33,1.71855E+12,100,500,2.8,0,5721,224,10000,0,62.394106,28.757886,41.383999999999986,28.75787931500004,62.394103320000006,36.94419735711942,0.054545455,36.94423762332092,154.4875133125755,DJI_0056
00:00:19.084,191,573,33,1.71855E+12,100,500,2.8,0,5721,224,10000,0,62.394098,28.757875,41.38449999999999,28.75787572500004,62.39410072,37.48415453635518,0.054545454545714994,37.484194222524884,154.83111842628196,DJI_0056
00:00:19.117,191.3333333,574,34,1.71855E+12,100,500,2.8,0,5721,224,10000,0,62.394098,28.757875,41.38499999999999,28.75787213500004,62.39409811999999,36.38168006737607,0.052941176470841025,36.38171858630478,155.17472354626372,DJI_0056
00:00:19.151,191.6666667,575,33,1.71855E+12,100,500,2.8,0,5721,224,10000,0,62.394098,28.757875,41.385499999999986,28.75786859500004,62.39409556,36.92334951881249,0.054545455,36.92338980774926,155.51318795283476,DJI_0056
00:00:19.184,192,576,33,1.71855E+12,100,500,2.8,0,5721,224,10000,0,62.39409,28.757864,41.38599999999999,28.757864995000045,62.394092959999995,37.51451580523233,0.054545454545714994,37.51455545928325,155.85707137787819,DJI_0056
00:00:19.217,192.3333333,577,34,1.71855E+12,100,500,2.8,0,5721,224,10000,0,62.39409,28.757864,41.38649999999998,28.75786139500005,62.39409036,36.41114861474987,0.052941176,36.411187102504186,156.20095481162406,DJI_0056
00:00:19.251,192.6666667,578,33,1.71855E+12,100,500,2.8,0,5721,224,10000,0,62.39409,28.757864,41.38699999999998,28.757857840000053,62.3940878,37.020037383576856,0.054545454545714994,37.020077567288254,156.54030552265755,DJI_0056
00:00:19.284,193,579,34,1.71855E+12,100,500,2.8,0,5721,224,10000,0,62.394082,28.757854,41.38749999999998,28.757854225000045,62.39408519,36.50501367455364,0.052941176470841025,36.50505206334479,156.88507545881137,DJI_0056
00:00:19.318,193.3333333,580,33,1.71855E+12,100,500,2.8,0,5721,224,10000,0,62.394082,28.757854,41.38799999999998,28.757850610000045,62.39408259,37.61122701749723,0.054545455,37.61126656958424,157.2298454023659,DJI_0056
00:00:19.351,193.6666667,581,33,1.71855E+12,100,500,2.8,0,5721,224,10000,0,62.394082,28.757854,41.38799999999998,28.757847045000045,62.39408002,37.10154314217301,0,37.10154314217301,157.56994288116914,DJI_0056
00:00:19.384,194,582,34,1.71855E+12,100,500,2.8,0,5721,224,10000,0,62.394074,28.757843,41.387499999999974,28.757843430000044,62.39407741,36.50501641006704,-0.052941176,36.505054798855326,157.91471284315833,DJI_0056
00:00:19.418,194.3333333,583,33,1.71855E+12,100,500,2.8,0,5721,224,10000,0,62.394074,28.757843,41.38699999999997,28.757839815000047,62.39407481,37.61122985526629,-0.054545455,37.61126940735031,158.2594828127257,DJI_0056
00:00:19.451,194.6666667,584,33,1.71855E+12,100,500,2.8,0,5721,224,10000,0,62.394074,28.757843,41.38649999999996,28.757836255000047,62.394072245000004,36.98420052654342,-0.054545455,36.98424075,158.5985050195933,DJI_0056
00:00:19.484,195,585,34,1.71855E+12,100,500,2.8,0,5721,224,10000,0,62.394066,28.757833,41.38599999999997,28.757832635000046,62.39406965000001,36.420754127711255,-0.052941176,36.42079260531492,158.94247917197683,DJI_0056
00:00:19.518,195.3333333,586,33,1.71855E+12,100,500,2.8,0,5721,224,10000,0,62.394066,28.757833,41.385499999999965,28.757829015000038,62.394067055000015,37.52441419122377,-0.054545455,37.52445383481454,159.2864533321293,DJI_0056
00:00:19.551,195.6666667,587,34,1.71855E+12,100,500,2.8,0,5721,224,10000,0,62.394066,28.757833,41.38499999999996,28.757825445000034,62.39406449500001,35.92604753677624,-0.052941176,35.92608654422121,159.6257552606025,DJI_0056
00:00:19.585,196,588,33,1.71855E+12,100,500,2.8,0,5721,224,10000,0,62.394058,28.757822,41.384499999999974,28.75782181000003,62.39406189000001,37.672227221198106,-0.054545455,37.672266709241036,159.97108437210386,DJI_0056
00:00:19.618,196.3333333,589,33,1.71855E+12,100,500,2.8,0,5722,224,10000,0,62.394058,28.757822,41.38399999999997,28.757818175000033,62.39405928500001,37.67222831664675,-0.054545455,37.67226780468854,160.31641349364685,DJI_0056
00:00:19.651,196.6666667,590,34,1.71855E+12,100,500,2.8,0,5722,224,10000,0,62.394058,28.757822,41.38349999999997,28.75781459000003,62.39405671500001,36.069513061421446,-0.052941176,36.06955191371551,160.65707037283195,DJI_0056
00:00:19.685,197,591,33,1.71855E+12,100,500,2.8,0,5722,224,10000,0,62.39405,28.757812,41.38299999999997,28.75781094500003,62.39405411000001,37.70281539735212,-0.054545455,37.70285485335856,161.0026798756544,DJI_0056
00:00:19.718,197.3333333,592,33,1.71855E+12,100,500,2.8,0,5722,224,10000,0,62.39405,28.757812,41.38249999999997,28.757807300000035,62.394051505000014,37.70281651670307,-0.054545455,37.70285597270834,161.34828938873756,DJI_0056
00:00:19.751,197.6666667,593,34,1.71855E+12,100,500,2.8,0,5723,224,10000,0,62.39405,28.757812,41.38199999999997,28.757803705000036,62.39404894000002,36.04975618702936,-0.052941176,36.04979506061619,161.68875967542115,DJI_0056
00:00:19.785,198,594,33,1.71855E+12,100,500,2.8,0,5723,224,10000,0,62.394042,28.757801,41.38149999999997,28.757800050000032,62.39404633500002,37.733462769726685,-0.054545455,37.73350219368673,162.0346501121966,DJI_0056
00:00:19.818,198.3333333,595,33,1.71855E+12,100,500,2.8,0,5723,224,10000,0,62.394042,28.757801,41.38099999999998,28.75779639500003,62.39404373000002,37.733463744508754,-0.054545455,37.73350316846778,162.38054055790755,DJI_0056
00:00:19.851,198.6666667,596,34,1.71855E+12,100,500,2.8,0,5723,224,10000,0,62.394042,28.757801,41.38049999999998,28.75779279500003,62.39404116500003,36.06464074493424,-0.052941176,36.06467960247722,162.72115142081984,DJI_0056
00:00:19.885,199,597,33,1.71855E+12,100,500,2.8,0,5723,224,10000,0,62.394034,28.75779,41.379999999999974,28.757789135000024,62.39403856000003,37.74881016366129,-0.054545455,37.748849571592906,163.06718254189278,DJI_0056
00:00:19.918,199.3333333,598,34,1.71855E+12,100,500,2.8,0,5723,224,10000,0,62.394034,28.75779,41.37949999999998,28.75778547500002,62.39403595500003,36.63855200847383,-0.052941176,36.638590257347616,163.41321367210105,DJI_0056
00:00:19.952,199.6666667,599,33,1.71855E+12,100,500,2.8,0,5723,224,10000,0,62.394034,28.75779,41.37899999999998,28.757781865000016,62.394033390000025,37.18822228643864,-0.054545455,37.188262288418144,163.75410607641155,DJI_0056
00:00:19.985,200,600,33,1.71855E+12,100,500,2.8,0,5723,224,10000,0,62.394026,28.757779,41.378499999999974,28.757778200000022,62.394030790000016,37.713321960186654,-0.054545455,37.713361405201056,164.09981188929257,DJI_0056
00:00:20.018,200.3333333,601,34,1.71855E+12,100,500,2.8,0,5722,224,10000,0,62.394026,28.757779,41.377999999999986,28.75777453500002,62.39402819,36.60410772193844,-0.052941176,36.60414600680419,164.44551771269016,DJI_0056
00:00:20.052,200.6666667,602,33,1.71855E+12,100,500,2.8,0,5722,224,10000,0,62.394026,28.757779,41.37749999999998,28.757770920000027,62.39402563,37.20360287507661,-0.054545455,37.20364286051865,164.78655110557824,DJI_0056
00:00:20.085,201,603,33,1.71855E+12,100,500,2.8,0,5721,224,10000,0,62.394018,28.757769,41.37699999999998,28.75776724500003,62.39402301999999,37.794937419967646,-0.054545455,37.79497677980345,165.1330050593931,DJI_0056
00:00:20.118,201.3333333,604,34,1.71855E+12,100,500,2.8,0,5721,224,10000,0,62.394018,28.757769,41.37649999999998,28.757763570000023,62.39402041499999,36.68332258744814,-0.052941176,36.68336079,165.47945902240636,DJI_0056
00:00:20.152,201.6666667,605,33,1.71855E+12,100,500,2.8,0,5721,224,10000,0,62.394018,28.757769,41.37599999999998,28.75775994500002,62.39401784999999,37.23440601192821,-0.054545455,37.234445964291275,165.82077477707904,DJI_0056
00:00:20.185,202,606,33,1.71855E+12,100,500,2.8,0,5721,224,10000,0,62.39401,28.757758,41.37549999999998,28.757756255000018,62.394015244999984,37.84119390114753,-0.054545455,37.841233212870534,166.1676527,DJI_0056
00:00:20.218,202.3333333,607,34,1.71855E+12,100,500,2.8,0,5721,224,10000,0,62.39401,28.757758,41.37499999999998,28.757752565000015,62.39401263999997,36.72821869687163,-0.052941176,36.72825685236637,166.51453072958049,DJI_0056
00:00:20.252,202.6666667,608,33,1.71855E+12,100,500,2.8,0,5721,224,10000,0,62.39401,28.757758,41.37399999999999,28.757748925000016,62.394010069999965,37.33146892851957,-0.109090909,37.33162832,166.85673732253406,DJI_0056
00:00:20.285,203,609,34,1.71855E+12,100,500,2.8,0,5721,224,10000,0,62.394002,28.757747,41.37299999999999,28.75774522500001,62.394007459999976,36.80746242324983,-0.105882353,36.807614716409056,167.2043647948557,DJI_0056
00:00:20.319,203.3333333,610,33,1.71855E+12,100,500,2.8,0,5721,224,10000,0,62.394002,28.757747,41.371999999999986,28.75774152500001,62.39400484999997,37.92284119742065,-0.109090909,37.92299810551945,167.55199227748963,DJI_0056
00:00:20.352,203.6666667,611,33,1.71855E+12,100,500,2.8,0,5722,224,10000,0,62.394002,28.757747,41.370999999999995,28.757737880000008,62.394002279999974,37.34691785194613,-0.109090909,37.347077179699866,167.8943404849702,DJI_0056
00:00:20.385,204,612,34,1.71855E+12,100,500,2.8,0,5722,224,10000,0,62.393994,28.757736,41.36999999999999,28.75773417500001,62.393999674999975,36.77324422791515,-0.105882353,36.77339666278544,168.2416447867854,DJI_0056
00:00:20.419,204.3333333,613,33,1.71855E+12,100,500,2.8,0,5722,224,10000,0,62.393994,28.757736,41.369,28.75773047000001,62.39399706999998,37.88758585035285,-0.109090909,37.887742904457944,168.58894909674294,DJI_0056
00:00:20.452,204.6666667,614,33,1.71855E+12,100,500,2.8,0,5722,224,10000,0,62.393994,28.757736,41.367999999999995,28.75772681500001,62.39399450499998,37.32717205113261,-0.109090909,37.32733146,168.9311163,DJI_0056
00:00:20.485,205,615,34,1.71855E+12,100,500,2.8,0,5723,224,10000,0,62.393986,28.757724,41.36749999999999,28.75772309500001,62.39399189999998,36.81839517579163,-0.052941176,36.81843323783513,169.2788459490682,DJI_0056
00:00:20.519,205.3333333,616,33,1.71855E+12,100,500,2.8,0,5723,224,10000,0,62.393986,28.757724,41.367,28.75771937500001,62.39398929499999,37.934105124934206,-0.054545455,37.93414434037193,169.6265756055216,DJI_0056
00:00:20.552,205.6666667,617,33,1.71855E+12,100,500,2.8,0,5723,224,10000,0,62.393986,28.757724,41.366499999999995,28.75771570500001,62.39398673,37.42437528714299,-0.054545455,37.42441503670473,169.96963274335806,DJI_0056
00:00:20.585,206,618,34,1.71855E+12,100,500,2.8,0,5723,224,10000,0,62.393978,28.757713,41.36599999999999,28.75771197500001,62.39398412,36.89768908475963,-0.052941176,36.897727065007075,170.3181112767498,DJI_0056
00:00:20.619,206.3333333,619,33,1.71855E+12,100,500,2.8,0,5724,224,10000,0,62.393978,28.757713,41.36549999999999,28.757708245000007,62.39398151,38.01580201361275,-0.054545455,38.01584114477561,170.6665898205769,DJI_0056
00:00:20.652,206.6666667,620,34,1.71855E+12,100,500,2.8,0,5724,224,10000,0,62.393978,28.757713,41.36499999999999,28.75770456000001,62.39397893,36.41803800826235,-0.052941176,36.41807648873575,171.01053832074828,DJI_0056
00:00:20.686,207,621,33,1.71855E+12,100,500,2.8,0,5724,224,10000,0,62.393971,28.757703,41.36449999999999,28.75770081500001,62.39397632,38.11305350198978,-0.054545455,38.11309253,171.3599083356369,DJI_0056
00:00:20.719,207.3333333,622,33,1.71855E+12,100,500,2.8,0,5724,224,10000,0,62.393971,28.757703,41.36399999999999,28.757697070000013,62.3939737,38.113054608210454,-0.054545455,38.11309363952294,171.70927836066585,DJI_0056
00:00:20.752,207.6666667,623,34,1.71855E+12,100,500,2.8,0,5725,224,10000,0,62.393971,28.757703,41.36349999999999,28.75769338000001,62.39397113,36.43314092,-0.052941176,36.43317938175601,172.05336949927133,DJI_0056
00:00:20.786,208,624,33,1.71855E+12,100,500,2.8,0,5725,224,10000,0,62.393963,28.757692,41.36299999999997,28.75768963000001,62.39396852,38.07806480083287,-0.054545455,38.07810386801106,172.4024187847281,DJI_0056
00:00:20.819,208.3333333,625,33,1.71855E+12,100,500,2.8,0,5725,224,10000,0,62.393963,28.757692,41.362499999999976,28.757685880000007,62.393965904999995,38.07806581961355,-0.054545455,38.07810488679069,172.75146807952368,DJI_0056
00:00:20.852,208.6666667,626,34,1.71855E+12,100,500,2.8,0,5725,224,10000,0,62.393963,28.757692,41.36199999999997,28.757682185000007,62.39396333499999,36.39919782913795,-0.052941176,36.39923632952877,173.0952386448581,DJI_0056
00:00:20.886,209,627,33,1.71855E+12,100,500,2.8,0,5725,224,10000,0,62.393956,28.757682,41.36149999999997,28.757678430000006,62.393960724999985,38.09366835693815,-0.054545455,38.09370740811404,173.44443096276584,DJI_0056
00:00:20.919,209.3333333,628,33,1.71855E+12,100,500,2.8,0,5725,224,10000,0,62.393956,28.757682,41.36099999999997,28.757674674999997,62.39395811499999,38.09366924946976,-0.054545455,38.09370830064474,173.7936232888551,DJI_0056
00:00:20.952,209.6666667,629,34,1.71855E+12,100,500,2.8,0,5726,224,10000,0,62.393956,28.757682,41.36099999999997,28.757670969999996,62.39395554499998,36.429512494914555,0,36.429512494914555,174.1376797957515,DJI_0056
00:00:20.986,210,630,33,1.71855E+12,100,500,2.8,0,5726,224,10000,0,62.393948,28.757671,41.36099999999997,28.75766721,62.393952939999984,38.05880018932076,0,38.05880018932076,174.48655213082026,DJI_0056
00:00:21.019,210.3333333,631,34,1.71855E+12,100,500,2.8,0,5726,224,10000,0,62.393948,28.757671,41.36099999999997,28.75766345,62.39395033499999,36.93942472517553,0,36.93942472517553,174.83542447544693,DJI_0056
00:00:21.053,210.6666667,632,33,1.71855E+12,100,500,2.8,0,5726,224,10000,0,62.393948,28.757671,41.360499999999966,28.757659739999998,62.39394777,37.498623398393576,-0.054545455,37.49866306925038,175.1791622202484,DJI_0056
00:00:21.086,211,633,33,1.71855E+12,100,500,2.8,0,5726,224,10000,0,62.39394,28.757659,41.359999999999964,28.757655964999998,62.393945169999995,38.05540259645665,-0.054545455,38.05544168689955,175.52800376904497,DJI_0056
00:00:21.119,211.3333333,634,34,1.71855E+12,100,500,2.8,0,5727,224,10000,0,62.39394,28.757659,41.35949999999996,28.757652189999995,62.39394257000001,36.93612705,-0.052941176,36.936164989025464,175.87684532727465,DJI_0056
00:00:21.153,211.6666667,635,33,1.71855E+12,100,500,2.8,0,5727,224,10000,0,62.39394,28.757659,41.35899999999996,28.75764846999999,62.39394001000001,37.47960535079697,-0.054545455,37.47964504178369,176.22040874015767,DJI_0056
00:00:21.186,212,636,33,1.71855E+12,100,500,2.8,0,5727,224,10000,0,62.393932,28.757647,41.35849999999996,28.757644679999988,62.39393741000001,38.10258992182969,-0.054545455,38.10262896386191,176.56968283899306,DJI_0056
00:00:21.219,212.3333333,637,34,1.71855E+12,100,500,2.8,0,5727,224,10000,0,62.393932,28.757647,41.357999999999954,28.75764088999999,62.39393481000001,36.981926517871216,-0.052941176,36.98196441160735,176.91895694732492,DJI_0056
00:00:21.253,212.6666667,638,33,1.71855E+12,100,500,2.8,0,5728,224,10000,0,62.393932,28.757647,41.357999999999954,28.75763714999999,62.39393224500002,37.59288319211156,0,37.59288319211156,177.26355837658593,DJI_0056
00:00:21.286,213,639,33,1.71855E+12,100,500,2.8,0,5728,224,10000,0,62.393924,28.757636,41.357999999999954,28.757633344999984,62.39392964500003,38.14990572,0,38.14990572,177.61326584568877,DJI_0056
00:00:21.319,213.3333333,640,34,1.71855E+12,100,500,2.8,0,5728,224,10000,0,62.393924,28.757636,41.357999999999954,28.75762953999998,62.39392704500003,37.0278507,0,37.0278507,177.96297332453568,DJI_0056
00:00:21.353,213.6666667,641,33,1.71855E+12,100,500,2.8,0,5728,224,10000,0,62.393924,28.757636,41.357999999999954,28.757625784999977,62.39392448500003,37.58997554632045,0,37.58997554632045,178.30754810037695,DJI_0056
00:00:21.386,214,642,34,1.71855E+12,100,500,2.8,0,5727,224,10000,0,62.393917,28.757624,41.357499999999945,28.757621969999978,62.39392189000002,37.00981535955617,-0.052941176,37.00985322473741,178.65708560305504,DJI_0056
00:00:21.420,214.3333333,643,33,1.71855E+12,100,500,2.8,0,5727,224,10000,0,62.393917,28.757624,41.35699999999994,28.75761815499998,62.39391929500002,38.13132581494968,-0.054545455,38.131364827559736,179.00662311397434,DJI_0056
00:00:21.453,214.6666667,644,33,1.71855E+12,100,500,2.8,0,5727,224,10000,0,62.393917,28.757624,41.356499999999954,28.757614394999983,62.393916740000016,37.55562163878992,-0.054545455,37.555661249438245,179.3508833420942,DJI_0056
00:00:21.486,215,645,34,1.71855E+12,100,500,2.8,0,5727,224,10000,0,62.393909,28.757612,41.35599999999995,28.757610564999982,62.39391415000002,37.00737675,-0.052941176,37.00741461685808,179.70039781347563,DJI_0056
00:00:21.520,215.3333333,646,33,1.71855E+12,100,500,2.8,0,5726,224,10000,0,62.393909,28.757612,41.35549999999995,28.75760673499998,62.39391156000002,38.128813461414545,-0.054545455,38.128852476595185,180.04991229451107,DJI_0056
00:00:21.553,215.6666667,647,33,1.71855E+12,100,500,2.8,0,5726,224,10000,0,62.393909,28.757612,41.354999999999954,28.757602954999978,62.39390901000002,37.56908416400825,-0.054545455,37.569123760462496,180.3942959,DJI_0056
00:00:21.586,216,648,34,1.71855E+12,100,500,2.8,0,5726,224,10000,0,62.393901,28.757601,41.35449999999995,28.757599104999972,62.39390642000002,37.06923748391207,-0.052941176,37.069275288395346,180.74439464003905,DJI_0056
00:00:21.620,216.3333333,649,33,1.71855E+12,100,500,2.8,0,5726,224,10000,0,62.393901,28.757601,41.35399999999996,28.75759525499997,62.39390383000002,38.19254862557586,-0.054545455,38.19258758,181.0944933594825,DJI_0056
00:00:21.653,216.6666667,650,33,1.71855E+12,100,500,2.8,0,5726,224,10000,0,62.393901,28.757601,41.35349999999996,28.75759145999997,62.39390128000001,37.61694504533555,-0.054545455,37.61698459141038,181.43931571823708,DJI_0056
00:00:21.686,217,651,34,1.71855E+12,100,500,2.8,0,5726,224,10000,0,62.393894,28.757589,41.35299999999996,28.757587594999965,62.39389870000001,37.018891702091835,-0.052941176,37.018929557989246,181.7889389418403,DJI_0056
00:00:21.720,217.3333333,652,33,1.71855E+12,100,500,2.8,0,5726,224,10000,0,62.393894,28.757589,41.352499999999964,28.757583729999965,62.39389612000001,38.14067721982697,-0.054545455,38.140716222871845,182.13856217388332,DJI_0056
00:00:21.753,217.6666667,653,34,1.71855E+12,100,500,2.8,0,5726,224,10000,0,62.393894,28.757589,41.35199999999996,28.757579914999965,62.393893575000014,36.52427639116823,-0.052941176,36.52431475971336,182.48351403550282,DJI_0056
00:00:21.787,218,654,33,1.71855E+12,100,500,2.8,0,5726,224,10000,0,62.393886,28.757577,41.35099999999998,28.757576029999967,62.393890995000014,38.204971978324906,-0.109090909,38.20512772771526,182.8337277063402,DJI_0056
00:00:21.820,218.3333333,655,33,1.71855E+12,100,500,2.8,0,5726,224,10000,0,62.393886,28.757577,41.34999999999998,28.757572144999973,62.39388841500001,38.20497316183879,-0.109090909,38.20512891122433,183.18394138802643,DJI_0056
00:00:21.853,218.6666667,656,34,1.71855E+12,100,500,2.8,0,5726,224,10000,0,62.393886,28.757577,41.348999999999975,28.757568309999975,62.39388588,36.538405401137304,-0.105882353,36.53855882,183.52902777684164,DJI_0056
00:00:21.887,219,657,33,1.71855E+12,100,500,2.8,0,5726,224,10000,0,62.393878,28.757565,41.347999999999985,28.757564399999968,62.3938833,38.235980071208985,-0.109090909,38.236135694292344,183.87952568737265,DJI_0056
00:00:21.920,219.3333333,658,33,1.71855E+12,100,500,2.8,0,5726,224,10000,0,62.393878,28.757565,41.34699999999998,28.757560489999968,62.39388073,38.23598101246428,-0.109090909,38.23613664,184.2300236065318,DJI_0056
00:00:21.953,219.6666667,659,34,1.71855E+12,100,500,2.8,0,5726,224,10000,0,62.393878,28.757565,41.345999999999975,28.757556634999965,62.39387819,36.552950153926915,-0.105882353,36.553103507474304,184.57524736188017,DJI_0056
00:00:21.987,220,660,33,1.71855E+12,100,500,2.8,0,5726,224,10000,0,62.393871,28.757554,41.344999999999985,28.757552714999964,62.39387562500001,38.169225120247404,-0.109090909,38.16938101550209,184.92513335452227,DJI_0056
00:00:22.020,220.3333333,661,33,1.71855E+12,100,500,2.8,0,5726,224,10000,0,62.393871,28.757554,41.34399999999998,28.757548794999963,62.393873060000004,38.16922621,-0.109090909,38.16938210693712,185.27501935716919,DJI_0056
00:00:22.053,220.6666667,662,34,1.71855E+12,100,500,2.8,0,5726,224,10000,0,62.393871,28.757554,41.34299999999998,28.757544924999966,62.393870535000005,36.504046890167444,-0.105882353,36.50420044915664,185.61978125030012,DJI_0056
00:00:22.087,221,663,33,1.71855E+12,100,500,2.8,0,5726,224,10000,0,62.393863,28.757542,41.34199999999998,28.757540979999963,62.39386798,38.15187927825927,-0.109090909,38.15203524439182,185.96950824004037,DJI_0056
00:00:22.120,221.3333333,664,34,1.71855E+12,100,500,2.8,0,5725,224,10000,0,62.393863,28.757542,41.34099999999998,28.757537034999963,62.39386543,37.029766230819696,-0.105882353,37.02991760970876,186.31923523968763,DJI_0056
00:00:22.154,221.6666667,665,33,1.71855E+12,100,500,2.8,0,5725,224,10000,0,62.393863,28.757542,41.339999999999975,28.757533144999964,62.393862909999996,37.57674416912095,-0.109090909,37.57690252,186.6636901794763,DJI_0056
00:00:22.187,222,666,33,1.71855E+12,100,500,2.8,0,5724,224,10000,0,62.393855,28.75753,41.33899999999998,28.757529174999974,62.39386036,38.18465714323021,-0.109090909,38.18481297548135,187.01371763175155,DJI_0056
00:00:22.220,222.3333333,667,34,1.71855E+12,100,500,2.8,0,5724,224,10000,0,62.393855,28.75753,41.33799999999997,28.757525204999975,62.39385781,37.061580112358214,-0.105882353,37.061731361303266,187.3637450946083,DJI_0056
00:00:22.254,222.6666667,668,33,1.71855E+12,100,500,2.8,0,5724,224,10000,0,62.393855,28.75753,41.33699999999998,28.757521284999974,62.3938553,37.62613896446234,-0.109090909,37.62629710986024,187.70865281811535,DJI_0056
00:00:22.287,223,669,33,1.71855E+12,100,500,2.8,0,5724,224,10000,0,62.393847,28.757518,41.33649999999997,28.757517289999978,62.39385275999999,38.16893526977919,-0.054545455,38.168974243948526,188.0585350820182,DJI_0056
00:00:22.320,223.3333333,670,34,1.71855E+12,100,500,2.8,0,5722,224,10000,0,62.393847,28.757518,41.33599999999997,28.757513294999978,62.39385022,37.04632053584256,-0.052941176,37.04635836371176,188.40841735545325,DJI_0056
00:00:22.354,223.6666667,671,33,1.71855E+12,100,500,2.8,0,5722,224,10000,0,62.393847,28.757518,41.335499999999975,28.757509349999978,62.39384771499999,37.65973027834343,-0.054545455,37.659769779490006,188.75363191176524,DJI_0056
00:00:22.387,224,672,34,1.71855E+12,100,500,2.8,0,5720,224,10000,0,62.39384,28.757506,41.33499999999997,28.75750532499998,62.39384517999999,37.09558392530154,-0.052941176,37.09562170293492,189.10397945007074,DJI_0056
00:00:22.421,224.3333333,673,33,1.71855E+12,100,500,2.8,0,5720,224,10000,0,62.39384,28.757506,41.33449999999998,28.757501299999976,62.39384264499999,38.21969366483188,-0.054545455,38.21973258724086,189.4543269987871,DJI_0056
00:00:22.454,224.6666667,674,33,1.71855E+12,100,500,2.8,0,5718,224,10000,0,62.39384,28.757506,41.33449999999998,28.757497329999968,62.39384015,37.645026099690014,0,37.645026099690014,189.79940640470093,DJI_0056
00:00:22.487,225,675,34,1.71855E+12,100,500,2.8,0,5718,224,10000,0,62.393832,28.757494,41.33399999999999,28.75749327999997,62.39383762000001,37.129322904823134,-0.052941176,37.129360648128454,190.15007258859993,DJI_0056
00:00:22.521,225.3333333,676,33,1.71855E+12,100,500,2.8,0,5717,224,10000,0,62.393832,28.757494,41.333499999999994,28.75748922999997,62.39383509000002,38.25445504851397,-0.054545455,38.25449393555465,190.50073878300918,DJI_0056
00:00:22.554,225.6666667,677,33,1.71855E+12,100,500,2.8,0,5717,224,10000,0,62.393832,28.757494,41.33299999999999,28.75748523499997,62.39383260000002,37.67994469319333,-0.054545455,37.679984173148476,190.8461386379297,DJI_0056
00:00:22.587,226,678,34,1.71855E+12,100,500,2.8,0,5716,224,10000,0,62.393824,28.757482,41.33249999999999,28.757481169999963,62.39383008500002,37.03653359492534,-0.052941176,37.03657143279057,191.1959284792394,DJI_0056
00:00:22.621,226.3333333,679,33,1.71855E+12,100,500,2.8,0,5716,224,10000,0,62.393824,28.757482,41.332,28.75747710499996,62.39382757000002,38.15885402662444,-0.054545455,38.15889301109039,191.54571833184107,DJI_0056
00:00:22.654,226.6666667,680,33,1.71855E+12,100,500,2.8,0,5714,224,10000,0,62.393824,28.757482,41.3315,28.75747308999996,62.39382509500002,37.60144160569041,-0.054545455,37.60148116807046,191.89039857588173,DJI_0056
00:00:22.687,227,681,34,1.71855E+12,100,500,2.8,0,5714,224,10000,0,62.393817,28.757472,41.331499999999984,28.757468994999957,62.39382259000003,37.040974854973065,-1.50E-12,37.040974854973065,192.2402300050676,DJI_0056
00:00:22.721,227.3333333,682,33,1.71855E+12,100,500,2.8,0,5712,224,10000,0,62.393817,28.757472,41.331499999999984,28.75746489999996,62.39382008500004,38.16342978022377,0,38.16342978022377,192.59006144471965,DJI_0056
00:00:22.754,227.6666667,683,34,1.71855E+12,100,500,2.8,0,5712,224,10000,0,62.393817,28.757472,41.331499999999984,28.75746085999996,62.39381762000003,36.483796693078006,0,36.483796693078006,192.93463063570982,DJI_0056
00:00:22.788,228,684,33,1.71855E+12,100,500,2.8,0,5712,224,10000,0,62.39381,28.75746,41.331499999999984,28.75745674499996,62.39381513000003,38.086714131065385,0,38.086714131065385,193.28375884857792,DJI_0056
00:00:22.821,228.3333333,685,33,1.71855E+12,100,500,2.8,0,5711,224,10000,0,62.39381,28.75746,41.331499999999984,28.75745262999996,62.393812640000036,38.086715156730634,0,38.086715156730634,193.63288707084794,DJI_0056
00:00:22.854,228.6666667,686,34,1.71855E+12,100,500,2.8,0,5711,224,10000,0,62.39381,28.75746,41.3315,28.75744856499997,62.39381019000003,36.42622635587029,1.5046787345508005e-12,36.42622635587029,193.9769125419867,DJI_0056
00:00:22.888,229,687,33,1.71855E+12,100,500,2.8,0,5710,224,10000,0,62.393801,28.757447,41.3315,28.757444419999967,62.39380771500003,38.04552635658042,0,38.04552635658042,194.32566320025535,DJI_0056
00:00:22.921,229.3333333,688,33,1.71855E+12,100,500,2.8,0,5710,224,10000,0,62.393801,28.757447,41.3315,28.75744027499996,62.393805240000034,38.04552755986711,0,38.04552755986711,194.67441386955414,DJI_0056
00:00:22.954,229.6666667,689,34,1.71855E+12,100,500,2.8,0,5709,224,10000,0,62.393801,28.757447,41.3315,28.75743618499996,62.39380280500004,36.36993692175901,0,36.36993692175901,195.01790771825964,DJI_0056
00:00:22.988,230,690,33,1.71855E+12,100,500,2.8,0,5709,224,10000,0,62.393794,28.757435,41.332,28.757432014999967,62.393800340000034,38.036298213189525,0.054545454545714994,38.03633732326624,195.36657414372291,DJI_0056
00:00:23.021,230.3333333,691,33,1.71855E+12,100,500,2.8,0,5709,224,10000,0,62.393794,28.757435,41.3325,28.75742784499997,62.39379787500004,38.03629944844987,0.054545454545714994,38.03633855852531,195.7152405805094,DJI_0056
00:00:23.054,230.6666667,692,34,1.71855E+12,100,500,2.8,0,5709,224,10000,0,62.393794,28.757435,41.333,28.757423724999978,62.393795450000034,36.37813015773796,0.052941176,36.37816868042548,196.05881217360232,DJI_0056
00:00:23.088,231,693,33,1.71855E+12,100,500,2.8,0,5707,224,10000,0,62.393786,28.757423,41.333499999999994,28.757419519999974,62.393793000000045,38.01539447282937,0.054545455,38.01543360441174,196.40728698164276,DJI_0056
00:00:23.121,231.3333333,694,34,1.71855E+12,100,500,2.8,0,5707,224,10000,0,62.393786,28.757423,41.333999999999996,28.757415314999974,62.39379055000004,36.89729601752482,0.052941176470841025,36.89733399817688,196.75576180273666,DJI_0056
00:00:23.155,231.6666667,695,33,1.71855E+12,100,500,2.8,0,5706,224,10000,0,62.393786,28.757423,41.3345,28.757411164999972,62.393788140000034,37.44261052223057,0.054545454545714994,37.44265025243356,197.0989860967173,DJI_0056
00:00:23.188,232,696,33,1.71855E+12,100,500,2.8,0,5706,224,10000,0,62.393778,28.757411,41.334999999999994,28.757406924999973,62.39378570000004,38.04364786111226,0.054545455,38.04368696363331,197.44771989388394,DJI_0056
00:00:23.221,232.3333333,697,34,1.71855E+12,100,500,2.8,0,5706,224,10000,0,62.393778,28.757411,41.335499999999996,28.757402684999974,62.39378326000003,36.924718363101356,0.052941176470841025,36.924756315546894,197.79645370353077,DJI_0056
00:00:23.255,232.6666667,698,33,1.71855E+12,100,500,2.8,0,5705,224,10000,0,62.393778,28.757411,41.33599999999999,28.757398499999976,62.39378086000002,37.471243025877065,0.054545455,37.47128272572147,198.13994046184987,DJI_0056
00:00:23.288,233,699,33,1.71855E+12,100,500,2.8,0,5705,224,10000,0,62.393771,28.7574,41.33649999999999,28.757394229999978,62.39377843000002,38.05551398341789,0.054545455,38.05555307374636,198.48878303169255,DJI_0056
00:00:23.321,233.3333333,700,34,1.71855E+12,100,500,2.8,0,5704,224,10000,0,62.393771,28.7574,41.33699999999999,28.757389959999973,62.393776000000024,36.93623528232823,0.052941176470841025,36.93627322,198.83762561213143,DJI_0056
00:00:23.355,233.6666667,701,33,1.71855E+12,100,500,2.8,0,5704,224,10000,0,62.393771,28.7574,41.337499999999984,28.757385744999976,62.39377361000002,37.48347005434462,0.054545455,37.48350974123903,199.18122445142612,DJI_0056
00:00:23.388,234,702,33,1.71855E+12,100,500,2.8,0,5703,224,10000,0,62.393763,28.757388,41.33799999999999,28.757381459999973,62.39377120000002,37.921109707880795,0.054545454545714994,37.921148936757476,199.5288349833464,DJI_0056
00:00:23.421,234.3333333,703,34,1.71855E+12,100,500,2.8,0,5703,224,10000,0,62.393763,28.757388,41.33849999999998,28.757377174999974,62.393768790000024,36.80578417095098,0.052941176,36.80582225,199.8764455267812,DJI_0056
00:00:23.455,234.6666667,704,33,1.71855E+12,100,500,2.8,0,5703,224,10000,0,62.393763,28.757388,41.33899999999998,28.75737293999997,62.39376642000002,37.36740547907059,0.054545455,37.36744528923387,200.2189804419325,DJI_0056
00:00:23.488,235,705,34,1.71855E+12,100,500,2.8,0,5703,224,10000,0,62.393755,28.757375,41.33899999999998,28.75736861999997,62.39376402500001,36.791812473029985,0,36.791812473029985,200.56645867084444,DJI_0056
00:00:23.522,235.3333333,706,33,1.71855E+12,100,500,2.8,0,5703,224,10000,0,62.393755,28.757375,41.33899999999997,28.757364299999978,62.39376163000001,37.906716963115706,-7.75E-13,37.906716963115706,200.9139369,DJI_0056
00:00:23.555,235.6666667,707,33,1.71855E+12,100,500,2.8,0,5703,224,10000,0,62.393755,28.757375,41.33899999999997,28.75736003499998,62.39375928,37.33558937,0,37.33558937,201.2561798122742,DJI_0056
00:00:23.588,236,708,34,1.71855E+12,100,500,2.8,0,5703,224,10000,0,62.393747,28.757363,41.33899999999997,28.757355669999974,62.393756890000006,36.85995384466991,0,36.85995384466991,201.60430159858498,DJI_0056
00:00:23.622,236.3333333,709,33,1.71855E+12,100,500,2.8,0,5703,224,10000,0,62.393747,28.757363,41.33899999999998,28.757351304999972,62.39375450500002,37.97692326672381,7.751375299201093e-13,37.97692326672381,201.9524233951966,DJI_0056
00:00:23.655,236.6666667,710,33,1.71855E+12,100,500,2.8,0,5704,224,10000,0,62.393747,28.757363,41.33899999999998,28.757346994999967,62.39375216000002,37.40634937743707,0,37.40634937743707,202.29531493115644,DJI_0056
00:00:23.688,237,711,34,1.71855E+12,100,500,2.8,0,5704,224,10000,0,62.39374,28.757351,41.33949999999998,28.757342594999965,62.39374979000003,36.84968461862217,0.052941176470841025,36.849722648346834,202.64334008950195,DJI_0056
00:00:23.722,237.3333333,712,33,1.71855E+12,100,500,2.8,0,5704,224,10000,0,62.39374,28.757351,41.33999999999998,28.757338194999967,62.39374742000004,37.96634298,0.054545454545714994,37.966382164420665,202.99136525934247,DJI_0056
00:00:23.755,237.6666667,713,33,1.71855E+12,100,500,2.8,0,5704,224,10000,0,62.39374,28.757351,41.34049999999998,28.757333849999966,62.39374509000004,37.39634347000301,0.054545455,37.39638324936047,203.33416543912827,DJI_0056
00:00:23.788,238,714,34,1.71855E+12,100,500,2.8,0,5704,224,10000,0,62.393732,28.757338,41.34099999999998,28.757329414999973,62.39374273500004,36.841253205591876,0.052941176470841025,36.841291244019935,203.68211096754402,DJI_0056
00:00:23.822,238.3333333,715,33,1.71855E+12,100,500,2.8,0,5704,224,10000,0,62.393732,28.757338,41.341499999999975,28.757324979999975,62.39374038000005,37.95765610771615,0.054545455,37.9576953,204.03005650778323,DJI_0056
00:00:23.855,238.6666667,716,34,1.71855E+12,100,500,2.8,0,5703,224,10000,0,62.393732,28.757338,41.34199999999997,28.757320604999983,62.39373806500004,36.270607636451324,0.052941176,36.270646273337434,204.37261261147586,DJI_0056
00:00:23.889,239,717,33,1.71855E+12,100,500,2.8,0,5703,224,10000,0,62.393724,28.757326,41.34249999999997,28.757316139999986,62.39373572500005,37.93221856328068,0.054545454545714994,37.93225778066878,204.7203249744653,DJI_0056
00:00:23.922,239.3333333,718,33,1.71855E+12,100,500,2.8,0,5704,224,10000,0,62.393724,28.757326,41.342999999999975,28.757311674999983,62.39373338500005,37.93222000262095,0.054545454545714994,37.93225922000756,205.06803735064872,DJI_0056
00:00:23.955,239.6666667,719,34,1.71855E+12,100,500,2.8,0,5704,224,10000,0,62.393724,28.757326,41.34349999999998,28.75730726499998,62.39373108500006,36.26448212723118,0.052941176470841025,36.26452077064353,205.41053560237145,DJI_0056
00:00:23.989,240,720,33,1.71855E+12,100,500,2.8,0,5704,224,10000,0,62.393716,28.757314,41.34399999999998,28.757302774999975,62.39372876500006,37.844397742531335,0.054545454545714994,37.84443705092629,205.75744294200496,DJI_0056
00:00:24.022,240.3333333,721,33,1.71855E+12,100,500,2.8,0,5704,224,10000,0,62.393716,28.757314,41.34449999999997,28.757298284999976,62.393726445000055,37.84439902490493,0.054545455,37.84443833329855,206.10435029339354,DJI_0056
00:00:24.055,240.6666667,722,34,1.71855E+12,100,500,2.8,0,5704,224,10000,0,62.393716,28.757314,41.34499999999997,28.75729384499997,62.393724160000055,36.241946647965115,0.052941176470841025,36.24198531540616,206.44663571026126,DJI_0056
00:00:24.089,241,723,33,1.71855E+12,100,500,2.8,0,5704,224,10000,0,62.393709,28.757302,41.34549999999997,28.75728931499997,62.39372185000006,37.90509694335503,0.054545454545714994,37.90513618880369,206.79409945865862,DJI_0056
00:00:24.122,241.3333333,724,33,1.71855E+12,100,500,2.8,0,5705,224,10000,0,62.393709,28.757302,41.345999999999975,28.75728478499997,62.39371954000006,37.90509847,0.054545454545714994,37.90513771520757,207.14156322104802,DJI_0056
00:00:24.155,241.6666667,725,34,1.71855E+12,100,500,2.8,0,5705,224,10000,0,62.393709,28.757302,41.34649999999998,28.75728030999997,62.39371727000007,36.23941454754601,0.052941176470841025,36.23945321768881,207.48382472365952,DJI_0056
00:00:24.189,242,726,33,1.71855E+12,100,500,2.8,0,5705,224,10000,0,62.393701,28.75729,41.34699999999997,28.757275734999965,62.393714975000066,37.941862693279816,0.054545455,37.94190190069957,207.8316254910826,DJI_0056
00:00:24.222,242.3333333,727,34,1.71855E+12,100,500,2.8,0,5705,224,10000,0,62.393701,28.75729,41.347499999999975,28.75727115999997,62.393712680000064,36.82592694059858,0.052941176470841025,36.82596499,208.1794262715896,DJI_0056
00:00:24.256,242.6666667,728,33,1.71855E+12,100,500,2.8,0,5706,224,10000,0,62.393701,28.75729,41.347499999999975,28.75726663499997,62.39371042000006,37.43881651147398,0,37.43881651147398,208.52261542294477,DJI_0056
00:00:24.289,243,729,33,1.71855E+12,100,500,2.8,0,5706,224,10000,0,62.393694,28.757279,41.347499999999975,28.75726201999997,62.39370813500006,38.00620993,0,38.00620993,208.87100568066322,DJI_0056
00:00:24.322,243.3333333,730,34,1.71855E+12,100,500,2.8,0,5706,224,10000,0,62.393694,28.757279,41.347499999999975,28.757257404999972,62.39370585000006,36.88838140939537,0,36.88838140939537,209.21939594952974,DJI_0056
00:00:24.356,243.6666667,731,33,1.71855E+12,100,500,2.8,0,5706,224,10000,0,62.393694,28.757279,41.347499999999975,28.75725284499997,62.39370360500006,37.440208912368185,0,37.440208912368185,209.5625978645598,DJI_0056
00:00:24.389,244,732,33,1.71855E+12,100,500,2.8,0,5707,224,10000,0,62.393687,28.757266,41.347499999999975,28.757248189999974,62.39370134000007,37.98413465501049,0,37.98413465501049,209.91078576556404,DJI_0056
00:00:24.422,244.3333333,733,34,1.71855E+12,100,500,2.8,0,5707,224,10000,0,62.393687,28.757266,41.347499999999975,28.757243534999972,62.39369907500008,36.86695546,0,36.86695546,210.25897367828813,DJI_0056
00:00:24.456,244.6666667,734,33,1.71855E+12,100,500,2.8,0,5708,224,10000,0,62.393687,28.757266,41.347499999999975,28.75723893999997,62.393696850000076,37.399631424619955,0,37.399631424619955,210.60180363301382,DJI_0056
00:00:24.489,245,735,33,1.71855E+12,100,500,2.8,0,5708,224,10000,0,62.393679,28.757252,41.347499999999975,28.757234249999964,62.39369460500009,37.94535941,0,37.94535941,210.9496360943074,DJI_0056
00:00:24.522,245.3333333,736,34,1.71855E+12,100,500,2.8,0,5708,224,10000,0,62.393679,28.757252,41.347499999999975,28.75722955999997,62.393692360000095,36.82932072,0,36.82932072,211.2974685677532,DJI_0056
00:00:24.556,245.6666667,737,33,1.71855E+12,100,500,2.8,0,5708,224,10000,0,62.393679,28.757252,41.347499999999975,28.757224929999964,62.393690155000115,37.36162703426014,0,37.36162703426014,211.6399501489006,DJI_0056
00:00:24.589,246,738,34,1.71855E+12,100,500,2.8,0,5708,224,10000,0,62.393672,28.757239,41.347499999999975,28.757220204999967,62.393687930000105,36.79415000104482,0,36.79415000104482,211.98745045446603,DJI_0056
00:00:24.623,246.3333333,739,33,1.71855E+12,100,500,2.8,0,5708,224,10000,0,62.393672,28.757239,41.34749999999996,28.757215479999967,62.39368570500012,37.9091253,-1.55E-12,37.9091253,212.33495076969885,DJI_0056
00:00:24.656,246.6666667,740,33,1.71855E+12,100,500,2.8,0,5708,224,10000,0,62.393672,28.757239,41.34749999999996,28.757210809999968,62.39368352000011,37.345998869117686,0,37.345998869117686,212.67728909266577,DJI_0056
00:00:24.689,247,741,34,1.71855E+12,100,500,2.8,0,5708,224,10000,0,62.393665,28.757227,41.34749999999996,28.757206044999965,62.39368131000009,36.82243905815543,0,36.82243905815543,213.02505657265945,DJI_0056
00:00:24.723,247.3333333,742,33,1.71855E+12,100,500,2.8,0,5708,224,10000,0,62.393665,28.757227,41.34749999999996,28.75720127999996,62.39367910000009,37.93827172414217,0,37.93827172414217,213.3728240634641,DJI_0056
00:00:24.756,247.6666667,743,33,1.71855E+12,100,500,2.8,0,5708,224,10000,0,62.393665,28.757227,41.347499999999954,28.757196574999963,62.39367692500008,37.39899811481647,-7.75E-13,37.39899811481647,213.7156482128499,DJI_0056
00:00:24.789,248,744,34,1.71855E+12,100,500,2.8,0,5709,224,10000,0,62.393658,28.757213,41.347499999999954,28.757191774999963,62.39367473000007,36.83340638774203,0,36.83340638774203,214.0635192731786,DJI_0056
00:00:24.823,248.3333333,745,33,1.71855E+12,100,500,2.8,0,5709,224,10000,0,62.393658,28.757213,41.347499999999954,28.757186974999957,62.39367253500008,37.94957154316171,0,37.94957154316171,214.4113903456576,DJI_0056
00:00:24.856,248.6666667,746,33,1.71855E+12,100,500,2.8,0,5710,224,10000,0,62.393658,28.757213,41.34749999999995,28.757182234999963,62.393670380000074,37.3682034,-7.75E-13,37.3682034,214.75393221018342,DJI_0056
00:00:24.889,249,747,34,1.71855E+12,100,500,2.8,0,5710,224,10000,0,62.39365,28.757199,41.34749999999995,28.757177399999968,62.393668205000075,36.805136807675936,0,36.805136807675936,215.10153628003368,DJI_0056
00:00:24.923,249.3333333,748,33,1.71855E+12,100,500,2.8,0,5710,224,10000,0,62.39365,28.757199,41.34749999999995,28.757172564999966,62.393666030000055,37.92044572371864,0,37.92044572371864,215.44914036583444,DJI_0056
00:00:24.956,249.6666667,749,34,1.71855E+12,100,500,2.8,0,5710,224,10000,0,62.39365,28.757199,41.34749999999994,28.757167784999968,62.39366389500006,36.261424745166714,-7.52E-13,36.261424745166714,215.79160937731658,DJI_0056
00:00:24.990,250,750,33,1.71855E+12,100,500,2.8,0,5709,224,10000,0,62.393644,28.757185,41.34749999999994,28.757162899999972,62.39366174000006,37.954968886991914,0,37.954968886991914,216.13952992544733,DJI_0056
00:00:25.023,250.3333333,751,33,1.71855E+12,100,500,2.8,0,5709,224,10000,0,62.393644,28.757185,41.347499999999926,28.757158014999963,62.39365958500006,37.95497048,-1.55E-12,37.95497048,216.4874504881572,DJI_0056
00:00:25.056,250.6666667,752,34,1.71855E+12,100,500,2.8,0,5710,224,10000,0,62.393644,28.757185,41.347499999999926,28.75715318999997,62.39365746500007,36.31691780421315,0,36.31691780421315,216.83044360075255,DJI_0056
00:00:25.090,251,753,33,1.71855E+12,100,500,2.8,0,5710,224,10000,0,62.393637,28.757171,41.347499999999926,28.757148264999966,62.393655330000065,37.95198454,0,37.95198454,217.17833679232615,DJI_0056
00:00:25.123,251.3333333,754,33,1.71855E+12,100,500,2.8,0,5710,224,10000,0,62.393637,28.757171,41.347499999999926,28.75714333999996,62.39365319500007,37.95198600366405,0,37.95198600366405,217.52622999735974,DJI_0056
00:00:25.156,251.6666667,755,34,1.71855E+12,100,500,2.8,0,5710,224,10000,0,62.393637,28.757171,41.34749999999992,28.757138474999962,62.39365110000007,36.27454193182667,-7.52E-13,36.27454193182667,217.86882289338254,DJI_0056
00:00:25.190,252,756,33,1.71855E+12,100,500,2.8,0,5710,224,10000,0,62.39363,28.757156,41.34749999999992,28.75713351999997,62.393648990000074,37.86936782005281,0,37.86936782005281,218.21595876506635,DJI_0056
00:00:25.223,252.3333333,757,33,1.71855E+12,100,500,2.8,0,5710,224,10000,0,62.39363,28.757156,41.34749999999991,28.75712856499997,62.39364688000007,37.86936950138569,-7.75E-13,37.86936950138569,218.5630946521624,DJI_0056
00:00:25.256,252.6666667,758,34,1.71855E+12,100,500,2.8,0,5710,224,10000,0,62.39363,28.757156,41.34749999999991,28.757123669999984,62.39364481000007,36.19546654442575,0,36.19546654442575,218.90494072508196,DJI_0056
00:00:25.290,253,759,33,1.71855E+12,100,500,2.8,0,5710,224,10000,0,62.393624,28.757143,41.34749999999991,28.757118674999983,62.39364272500007,37.831557593370825,0,37.831557593370825,219.25173000302118,DJI_0056
00:00:25.323,253.3333333,760,34,1.71855E+12,100,500,2.8,0,5710,224,10000,0,62.393624,28.757143,41.34749999999991,28.757113679999986,62.393640640000065,36.71886611,0,36.71886611,219.59851929403925,DJI_0056
00:00:25.357,253.6666667,761,33,1.71855E+12,100,500,2.8,0,5710,224,10000,0,62.393624,28.757143,41.346999999999895,28.757108739999985,62.393638590000066,37.317280044932446,-0.054545455,37.31731991,219.94059472653447,DJI_0056
00:00:25.390,254,762,33,1.71855E+12,100,500,2.8,0,5709,224,10000,0,62.393618,28.757128,41.3465,28.757103704999984,62.39363652500006,37.837703894514966,-0.054545455,37.83774320986394,220.28744070595823,DJI_0056
00:00:25.423,254.3333333,763,34,1.71855E+12,100,500,2.8,0,5709,224,10000,0,62.393618,28.757128,41.346,28.757098669999987,62.393634460000065,36.72483164387743,-0.052941176,36.724869802891156,220.6342866985411,DJI_0056
00:00:25.457,254.6666667,764,33,1.71855E+12,100,500,2.8,0,5708,224,10000,0,62.393618,28.757128,41.346,28.75709369499999,62.39363243500007,37.263188919897395,0,37.263188919897395,220.97586593030684,DJI_0056
00:00:25.490,255,765,33,1.71855E+12,100,500,2.8,0,5708,224,10000,0,62.393611,28.757112,41.346,28.75708861999999,62.393630395000066,37.80693145309027,0,37.80693145309027,221.32242946862684,DJI_0056
00:00:25.523,255.3333333,766,34,1.71855E+12,100,500,2.8,0,5707,224,10000,0,62.393611,28.757112,41.34599999999988,28.757083544999983,62.39362835500006,36.69496440488003,-1.50E-12,36.69496440488003,221.6689930213396,DJI_0056
00:00:25.557,255.6666667,767,33,1.71855E+12,100,500,2.8,0,5707,224,10000,0,62.393611,28.757112,41.34599999999988,28.757078529999987,62.39362635500006,37.23386114139976,0,37.23386114139976,222.01030341513575,DJI_0056
00:00:25.590,256,768,34,1.71855E+12,100,500,2.8,0,5705,224,10000,0,62.393605,28.757097,41.34599999999988,28.757073404999982,62.39362434000006,36.71037230904156,0,36.71037230904156,222.35701248694338,DJI_0056
00:00:25.624,256.3333333,769,33,1.71855E+12,100,500,2.8,0,5705,224,10000,0,62.393605,28.757097,41.34599999999988,28.75706827999998,62.39362232500006,37.82280928525203,0,37.82280928525203,222.70372157205819,DJI_0056
00:00:25.657,256.6666667,770,33,1.71855E+12,100,500,2.8,0,5703,224,10000,0,62.393605,28.757097,41.345999999999876,28.757063214999988,62.39362035000006,37.251390358217655,-7.75E-13,37.251390358217655,223.04519265034185,DJI_0056
00:00:25.690,257,771,34,1.71855E+12,100,500,2.8,0,5703,224,10000,0,62.393599,28.757081,41.345999999999876,28.757058044999987,62.39361836500006,36.67152995953332,0,36.67152995953332,223.39153487773743,DJI_0056
00:00:25.724,257.3333333,772,33,1.71855E+12,100,500,2.8,0,5701,224,10000,0,62.393599,28.757081,41.345999999999876,28.75705287499998,62.39361638000005,37.78279009697173,0,37.78279009697173,223.7378771,DJI_0056
00:00:25.757,257.6666667,773,33,1.71855E+12,100,500,2.8,0,5701,224,10000,0,62.393599,28.757081,41.345999999999876,28.757047764999978,62.39361443000004,37.25178402544223,0,37.25178402544223,224.0793518071929,DJI_0056
00:00:25.790,258,774,34,1.71855E+12,100,500,2.8,0,5698,224,10000,0,62.393592,28.757065,41.345999999999876,28.75704255499998,62.39361246500004,36.69077049160212,0,36.69077049160212,224.42587575072469,DJI_0056
00:00:25.824,258.3333333,775,33,1.71855E+12,100,500,2.8,0,5698,224,10000,0,62.393592,28.757065,41.345999999999876,28.75703734499998,62.393610500000044,37.80261351297624,0,37.80261351297624,224.77239970792698,DJI_0056
00:00:25.857,258.6666667,776,33,1.71855E+12,100,500,2.8,0,5696,224,10000,0,62.393592,28.757065,41.345999999999876,28.757032194999983,62.39360857500004,37.23446842752727,0,37.23446842752727,225.11371566851264,DJI_0056
00:00:25.890,259,777,34,1.71855E+12,100,500,2.8,0,5696,224,10000,0,62.393587,28.757051,41.34649999999988,28.75702693999999,62.39360664000004,36.66070558066377,0.052941176470841025,36.66074380642431,225.45995602668444,DJI_0056
00:00:25.924,259.3333333,778,33,1.71855E+12,100,500,2.8,0,5694,224,10000,0,62.393587,28.757051,41.34699999999987,28.75702168499999,62.39360470500004,37.771637632144035,0.054545455,37.77167702,225.8061963993335,DJI_0056
00:00:25.957,259.6666667,779,34,1.71855E+12,100,500,2.8,0,5694,224,10000,0,62.393587,28.757051,41.347499999999876,28.757016489999998,62.39360281000004,36.111198936550295,0.052941176470841025,36.11123774399429,226.14724697802677,DJI_0056
00:00:25.991,260,780,33,1.71855E+12,100,500,2.8,0,5691,224,10000,0,62.393581,28.757035,41.347999999999864,28.757011199999994,62.39360090500004,37.701400228360995,0.054545455,37.70143968584847,226.49284350848038,DJI_0056
00:00:26.024,260.3333333,781,33,1.71855E+12,100,500,2.8,0,5691,224,10000,0,62.393581,28.757035,41.34849999999987,28.757005909999997,62.39359900000004,37.70140169462778,0.054545455,37.70144115211373,226.83844005237475,DJI_0056
00:00:26.057,260.6666667,782,34,1.71855E+12,100,500,2.8,0,5688,224,10000,0,62.393581,28.757035,41.34949999999987,28.757000669999993,62.39359713000003,36.12410688038932,0.1058823529409297,36.12426205444833,227.17961363844455,DJI_0056
00:00:26.091,261,783,33,1.71855E+12,100,500,2.8,0,5688,224,10000,0,62.393576,28.75702,41.35049999999987,28.75699533,62.39359525000003,37.76194546305952,0.10909090909065484,37.76210303970805,227.52576624964186,DJI_0056
00:00:26.124,261.3333333,784,33,1.71855E+12,100,640,2.8,0,5684,224,10000,0,62.393576,28.75702,41.35149999999987,28.756989980000004,62.393593370000026,37.76194705980149,0.10909090909065484,37.76210463644336,227.87191887547593,DJI_0056
00:00:26.157,261.6666667,785,34,1.71855E+12,100,640,2.8,0,5684,224,10000,0,62.393576,28.75702,41.35249999999987,28.75698469500001,62.393591525000026,36.141084424176526,0.10588235294168205,36.141239525341675,228.21325280432637,DJI_0056
00:00:26.191,262,786,33,1.71855E+12,100,640,2.8,0,5680,224,10000,0,62.393571,28.757004,41.352999999999874,28.756979295000004,62.39358967000002,37.827363608342175,0.054545454545714994,37.827402934438176,228.56000399789207,DJI_0056
00:00:26.224,262.3333333,787,33,1.71855E+12,100,640,2.8,0,5680,224,10000,0,62.393571,28.757004,41.35349999999987,28.75697389500001,62.39358781500002,37.82736506223677,0.054545455,37.82740438833126,228.9067552047851,DJI_0056
00:00:26.257,262.6666667,788,34,1.71855E+12,100,640,2.8,0,5674,224,10000,0,62.393571,28.757004,41.35399999999987,28.75696856,62.39358600500002,36.114361462065844,0.052941176470841025,36.114400266111474,229.24783565174283,DJI_0056
00:00:26.291,263,789,33,1.71855E+12,100,640,2.8,0,5674,224,10000,0,62.393565,28.756988,41.354499999999874,28.75696312000001,62.39358419000001,37.722562115016274,0.054545454545714994,37.72260155036862,229.59362616595453,DJI_0056
00:00:26.324,263.3333333,790,34,1.71855E+12,100,640,2.8,0,5668,224,10000,0,62.393565,28.756988,41.35499999999986,28.75695768000001,62.393582375000015,36.613076423473395,0.052941176,36.61311469896094,229.93941669366694,DJI_0056
00:00:26.358,263.6666667,791,33,1.71855E+12,100,640,2.8,0,5668,224,10000,0,62.393565,28.756988,41.355499999999864,28.756952300000002,62.39358059500001,37.200495548826524,0.054545454545714994,37.20053553760851,230.2804216027617,DJI_0056
00:00:26.391,264,792,33,1.71855E+12,100,640,2.8,0,5661,224,10000,0,62.39356,28.756971,41.35599999999987,28.756946815000006,62.393578805000026,37.75274384009081,0.054545454545714994,37.75278324391627,230.6264887824976,DJI_0056
00:00:26.424,264.3333333,793,34,1.71855E+12,100,640,2.8,0,5661,224,10000,0,62.39356,28.756971,41.35649999999987,28.756941330000007,62.39357701500003,36.642370484618674,0.052941176470841025,36.64240872950658,230.97255597605405,DJI_0056
00:00:26.458,264.6666667,794,33,1.71855E+12,100,640,2.8,0,5653,224,10000,0,62.39356,28.756971,41.356999999999864,28.756935905000013,62.39357526500004,37.19754549588861,0.054545455,37.19758548784201,231.31353384302594,DJI_0056
00:00:26.491,265,795,33,1.71855E+12,100,640,2.8,0,5653,224,10000,0,62.393554,28.756953,41.35749999999987,28.75693037500002,62.39357351000003,37.718286368544014,0.054545454545714994,37.71832580836674,231.65928516293596,DJI_0056
00:00:26.524,265.3333333,796,34,1.71855E+12,100,640,2.8,0,5644,224,10000,0,62.393554,28.756953,41.35799999999986,28.756924845000025,62.39357175500003,36.608926379744105,0.052941176,36.60896465957061,232.00503649583192,DJI_0056
00:00:26.558,265.6666667,797,33,1.71855E+12,100,640,2.8,0,5644,224,10000,0,62.393554,28.756953,41.35849999999986,28.756919375000024,62.39357004000003,37.16582791894654,0.054545455,37.16586794502931,232.34572361866134,DJI_0056
00:00:26.591,266,798,33,1.71855E+12,100,640,2.8,0,5635,224,10000,0,62.393548,28.756936,41.35899999999986,28.75691380000002,62.39356832000003,37.69029254273289,0.054545454545714994,37.69033201184885,232.69121832876996,DJI_0056
00:00:26.624,266.3333333,799,34,1.71855E+12,100,640,2.8,0,5635,224,10000,0,62.393548,28.756936,41.35949999999986,28.756908225000025,62.39356660000003,36.58175595290808,0.052941176470841025,36.581794261166195,233.03671305234764,DJI_0056
00:00:26.658,266.6666667,800,33,1.71855E+12,100,640,2.8,0,5625,224,10000,0,62.393548,28.756936,41.359999999999864,28.75690270500002,62.39356491500003,37.19755735484512,0.054545454545714994,37.19759734678576,233.3776910280265,DJI_0056
00:00:26.691,267,801,34,1.71855E+12,100,640,2.8,0,5625,224,10000,0,62.393544,28.756922,41.360999999999855,28.75689707500002,62.393563225000015,36.63874910320089,0.10588235294017737,36.63890209763344,233.72372510339304,DJI_0056
00:00:26.725,267.3333333,802,33,1.71855E+12,100,725,2.8,0,5615,224,10000,0,62.393544,28.756922,41.36199999999986,28.75689144500002,62.39356153500001,37.74901578136681,0.10909090909142999,37.74917341,234.06975919300294,DJI_0056
00:00:26.758,267.6666667,803,33,1.71855E+12,100,725,2.8,0,5615,224,10000,0,62.393544,28.756922,41.362999999999865,28.75688587500002,62.39355989,37.20221168797928,0.10909090909142999,37.20237163547062,234.41078093299475,DJI_0056
00:00:26.791,268,804,34,1.71855E+12,100,725,2.8,0,5605,224,10000,0,62.393539,28.756905,41.36399999999986,28.75688020000002,62.39355823000001,36.62389837752349,0.1058823529409297,36.62405143399391,234.75667475209357,DJI_0056
00:00:26.825,268.3333333,805,33,1.71855E+12,100,725,2.8,0,5605,224,10000,0,62.393539,28.756905,41.36499999999985,28.756874525000015,62.393556575000005,37.73371497286312,0.10909090908987971,37.73387266740217,235.1025685848781,DJI_0056
00:00:26.858,268.6666667,806,33,1.71855E+12,100,725,2.8,0,5594,224,10000,0,62.393539,28.756905,41.36599999999986,28.75686891500001,62.39355496000001,37.16603495,0.10909090909142999,37.16619505487332,235.44325870621444,DJI_0056
00:00:26.891,269,807,34,1.71855E+12,100,725,2.8,0,5594,224,10000,0,62.393533,28.756885,41.36699999999986,28.756863200000012,62.39355334000002,36.59204064197154,0.10588235294168205,36.592193831695326,235.78885164795824,DJI_0056
00:00:26.925,269.3333333,808,33,1.71855E+12,100,725,2.8,0,5583,224,10000,0,62.393533,28.756885,41.36799999999987,28.756857485000005,62.393551720000026,37.700891852765444,0.10909090909142999,37.701049684595816,236.13444460340037,DJI_0056
00:00:26.958,269.6666667,809,33,1.71855E+12,100,725,2.8,0,5583,224,10000,0,62.393533,28.756885,41.36899999999987,28.75685183000001,62.39355014000002,37.160146055706704,0.10909090909142999,37.16030618425932,236.47508074342275,DJI_0056
00:00:26.991,270,810,34,1.71855E+12,100,725,2.8,0,5572,224,10000,0,62.393528,28.756867,41.36949999999986,28.75684607500001,62.39354855500003,36.56611537322767,0.052941176,36.56615369787151,236.8204277505693,DJI_0056
00:00:27.025,270.3333333,811,33,1.71855E+12,100,725,2.8,0,5572,224,10000,0,62.393528,28.756867,41.36999999999986,28.756840320000016,62.39354697000003,37.67418093482852,0.054545454545714994,37.67422042082369,237.16577477109354,DJI_0056
00:00:27.058,270.6666667,812,34,1.71855E+12,100,725,2.8,0,5560,224,10000,0,62.393528,28.756867,41.370499999999865,28.756834625000014,62.39354542000004,36.07411834653689,0.052941176470841025,36.07415719387101,237.5064751445912,DJI_0056
00:00:27.092,271,813,33,1.71855E+12,100,725,2.8,0,5560,224,10000,0,62.393523,28.756849,41.37099999999987,28.756828825000017,62.39354387000004,37.67796546368872,0.054545454545714994,37.678004945717745,237.85185685659363,DJI_0056
00:00:27.125,271.3333333,814,33,1.71855E+12,100,725,2.8,0,5548,224,10000,0,62.393523,28.756849,41.37149999999987,28.756823025000017,62.393542320000044,37.67796692639536,0.054545454545714994,37.67800640842286,238.19723858200416,DJI_0056
00:00:27.158,271.6666667,815,34,1.71855E+12,100,800,2.8,0,5548,224,10000,0,62.393523,28.756849,41.37149999999987,28.75681729000001,62.39354081000004,36.027449082506244,0,36.027449082506244,238.53749782333895,DJI_0056
00:00:27.192,272,816,33,1.71855E+12,100,800,2.8,0,5535,224,10000,0,62.393518,28.756831,41.37149999999987,28.756811435000014,62.39353929500004,37.73737043048311,0,37.73737043048311,238.88342371895172,DJI_0056
00:00:27.225,272.3333333,817,33,1.71855E+12,100,800,2.8,0,5535,224,10000,0,62.393518,28.756831,41.37149999999987,28.756805580000012,62.39353778000003,37.737371991687496,0,37.737371991687496,239.22934962887553,DJI_0056
00:00:27.258,272.6666667,818,34,1.71855E+12,100,800,2.8,0,5523,224,10000,0,62.393518,28.756831,41.37149999999988,28.75679978500001,62.393536305000026,36.112341720599794,7.523393672754003e-13,36.112341720599794,239.57041063401454,DJI_0056
00:00:27.292,273,819,33,1.71855E+12,100,800,2.8,0,5523,224,10000,0,62.393514,28.756815,41.37149999999988,28.75679388500001,62.393534830000014,37.72562942510881,0,37.72562942510881,239.9162289037447,DJI_0056
00:00:27.325,273.3333333,820,33,1.71855E+12,100,800,2.8,0,5510,224,10000,0,62.393514,28.756815,41.37149999999988,28.756787985000006,62.39353335500001,37.725630968492126,0,37.725630968492126,240.26204718762253,DJI_0056
00:00:27.358,273.6666667,821,34,1.71855E+12,100,800,2.8,0,5510,224,10000,0,62.393514,28.756815,41.37149999999988,28.75678214500001,62.39353192000001,36.104709126819685,0,36.104709126819685,240.6030361071536,DJI_0056
00:00:27.392,274,822,33,1.71855E+12,100,800,2.8,0,5498,224,10000,0,62.393509,28.756797,41.37149999999988,28.756776200000008,62.393530485000014,37.72184078022673,0,37.72184078022673,240.9488196,DJI_0056
00:00:27.425,274.3333333,823,34,1.71855E+12,100,800,2.8,0,5498,224,10000,0,62.393509,28.756797,41.37149999999987,28.756770255000013,62.393529050000005,36.61237629267452,-7.52E-13,36.61237629267452,241.29460320151426,DJI_0056
00:00:27.459,274.6666667,824,33,1.71855E+12,100,800,2.8,0,5487,224,10000,0,62.393509,28.756797,41.37149999999987,28.756764370000013,62.393527649999996,37.22668540876865,0,37.22668540876865,241.63584781776132,DJI_0056
00:00:27.492,275,825,33,1.71855E+12,100,800,2.8,0,5487,224,10000,0,62.393504,28.756777,41.37099999999987,28.756758375000015,62.393526249999994,37.778437118142016,-0.054545455,37.7784765,241.98215051896702,DJI_0056
00:00:27.525,275.3333333,826,34,1.71855E+12,100,800,2.8,0,5477,224,10000,0,62.393504,28.756777,41.37049999999987,28.756752380000012,62.393524849999984,36.66730798099418,-0.052941176,36.6673462,242.3284532330769,DJI_0056
00:00:27.559,275.6666667,827,33,1.71855E+12,100,800,2.8,0,5477,224,10000,0,62.393504,28.756777,41.36999999999987,28.756746445000005,62.39352348999998,37.25937580877676,-0.054545455,37.25941573436532,242.6699978773086,DJI_0056
00:00:27.592,276,828,33,1.71855E+12,100,800,2.8,0,5467,224,10000,0,62.393499,28.756759,41.36949999999988,28.756740405000006,62.39352212999998,37.78994696758719,-0.054545455,37.789986332620764,243.0164060853576,DJI_0056
00:00:27.625,276.3333333,829,34,1.71855E+12,100,800,2.8,0,5467,224,10000,0,62.393499,28.756759,41.368999999999886,28.756734365000007,62.39352076999998,36.678479189222024,-0.052941176,36.678517396459185,243.36281430521305,DJI_0056
00:00:27.659,276.6666667,830,33,1.71855E+12,100,800,2.8,0,5458,224,10000,0,62.393499,28.756759,41.368499999999884,28.75672838,62.39351944499997,37.326621835933935,-0.054545455,37.32666168959437,243.7049754,DJI_0056
00:00:27.692,277,831,33,1.71855E+12,100,1000,2.8,0,5458,224,10000,0,62.393495,28.75674,41.3685,28.756722290000003,62.393518124999964,37.83487616841152,1.5502750598402186e-12,37.83487616841152,244.05179506891145,DJI_0056
00:00:27.725,277.3333333,832,34,1.71855E+12,100,1000,2.8,0,5449,224,10000,0,62.393495,28.75674,41.3685,28.7567162,62.39351680499996,36.72208705,0,36.72208705,244.39861477995586,DJI_0056
00:00:27.759,277.6666667,833,33,1.71855E+12,100,1000,2.8,0,5449,224,10000,0,62.393495,28.75674,41.3685,28.756710175000002,62.393515519999966,37.32417445198148,0,37.32417445198148,244.7407530457657,DJI_0056
00:00:27.792,278,834,34,1.71855E+12,100,1000,2.8,0,5440,224,10000,0,62.393491,28.756721,41.3685,28.75670404,62.39351423499997,36.77304603425279,0,36.77304603425279,245.0880540360892,DJI_0056
00:00:27.826,278.3333333,835,33,1.71855E+12,100,1000,2.8,0,5440,224,10000,0,62.393491,28.756721,41.3685,28.75669791,62.393512949999966,37.88738207920193,0,37.88738207920193,245.4353550384819,DJI_0056
00:00:27.859,278.6666667,836,33,1.71855E+12,100,1000,2.8,0,5432,224,10000,0,62.393491,28.756721,41.3685,28.75669184,62.39351170499997,37.32940631636877,0,37.32940631636877,245.77754126304862,DJI_0056
00:00:27.892,279,837,34,1.71855E+12,100,1000,2.8,0,5432,224,10000,0,62.393487,28.756702,41.3685,28.756685670000003,62.39351046499997,36.73308830385954,0,36.73308830385954,246.1244648748073,DJI_0056
00:00:27.926,279.3333333,838,33,1.71855E+12,100,1000,2.8,0,5424,224,10000,0,62.393487,28.756702,41.3685,28.7566795,62.39350922499998,37.846213420089875,0,37.846213420089875,246.4713884978248,DJI_0056
00:00:27.959,279.6666667,839,33,1.71855E+12,100,1000,2.8,0,5424,224,10000,0,62.393487,28.756702,41.3685,28.756673395000004,62.39350801999999,37.34231394147775,0,37.34231394147775,246.81369304228835,DJI_0056
00:00:27.992,280,840,34,1.71855E+12,100,1000,2.8,0,5416,224,10000,0,62.393482,28.756683,41.3685,28.75666719,62.39350681999999,36.74961120374305,0,36.74961120374305,247.16077270365705,DJI_0056
00:00:28.026,280.3333333,841,33,1.71855E+12,100,1000,2.8,0,5416,224,10000,0,62.393482,28.756683,41.3685,28.75666098,62.393505620000006,37.86323701803803,0,37.86323701803803,247.5078523763224,DJI_0056
00:00:28.059,280.6666667,842,33,1.71855E+12,100,1000,2.8,0,5409,224,10000,0,62.393482,28.756683,41.36899999999989,28.756654825000002,62.39350446,37.388933110096055,0.054545455,37.388972897337645,247.85058462788135,DJI_0056
00:00:28.092,281,843,34,1.71855E+12,100,1000,2.8,0,5409,224,10000,0,62.393478,28.756664,41.369499999999896,28.756648570000003,62.39350329499999,36.79882341535406,0.052941176470841025,36.79886149764115,248.19812943091463,DJI_0056
00:00:28.126,281.3333333,844,33,1.71855E+12,100,1000,2.8,0,5403,224,10000,0,62.393478,28.756664,41.37,28.756642315000008,62.39350213499999,37.91394048425629,0.054545454545714994,37.91397972055083,248.54567424501968,DJI_0056
00:00:28.159,281.6666667,845,34,1.71855E+12,100,1000,2.8,0,5403,224,10000,0,62.393478,28.756664,41.37049999999989,28.75663613000001,62.393501009999994,36.29138118612074,0.052941176,36.291419800890736,248.88842654313922,DJI_0056
00:00:28.193,282,846,33,1.71855E+12,100,1000,2.8,0,5397,224,10000,0,62.393474,28.756645,41.370999999999896,28.756629840000006,62.3934999,37.89820647645468,0.054545454545714994,37.89824572903874,249.23582712898875,DJI_0056
00:00:28.226,282.3333333,847,33,1.71855E+12,100,1000,2.8,0,5397,224,10000,0,62.393474,28.756645,41.3715,28.756623550000004,62.39349877999999,37.89820775029745,0.054545454545714994,37.898247,249.58322772651513,DJI_0056
00:00:28.259,282.6666667,848,34,1.71855E+12,100,1000,2.8,0,5391,224,10000,0,62.393474,28.756645,41.372,28.756617329999997,62.39349770499999,36.25927775855502,0.052941176470841025,36.259316407513936,249.92567682591942,DJI_0056
00:00:28.293,283,849,33,1.71855E+12,100,1000,2.8,0,5391,224,10000,0,62.39347,28.756624,41.3725,28.756611004999996,62.393496639999995,37.87059372656388,0.054545454545714994,37.87063300776832,250.2728242951573,DJI_0056
00:00:28.326,283.3333333,850,33,1.71855E+12,100,1000,2.8,0,5385,224,10000,0,62.39347,28.756624,41.37299999999989,28.75660467999999,62.393495574999996,37.870594949329565,0.054545455,37.87063423053273,250.61997177560386,DJI_0056
00:00:28.359,283.6666667,851,34,1.71855E+12,100,1000,2.8,0,5385,224,10000,0,62.39347,28.756624,41.37349999999989,28.75659842499999,62.39349453999999,36.277206916363525,0.052941176470841025,36.27724554622111,250.9625902057626,DJI_0056
00:00:28.393,284,852,33,1.71855E+12,100,1000,2.8,0,5380,224,10000,0,62.393467,28.756604,41.373999999999896,28.756592064999992,62.39349351499999,37.89344466248726,0.054545454545714994,37.89348392000392,251.30994714169597,DJI_0056
00:00:28.426,284.3333333,853,34,1.71855E+12,100,1000,2.8,0,5380,224,10000,0,62.393467,28.756604,41.3745,28.75658570499999,62.39349248999999,36.77893269018565,0.052941176470841025,36.778970793068325,251.65730408807494,DJI_0056
00:00:28.460,284.6666667,854,33,1.71855E+12,100,1000,2.8,0,5375,224,10000,0,62.393467,28.756604,41.3755,28.756579414999983,62.39349149999999,37.38275407877247,0.10909090909142999,37.38291325379051,251.99998079290134,DJI_0056
00:00:28.493,285,855,33,1.71855E+12,100,1000,2.8,0,5375,224,10000,0,62.393464,28.756586,41.37649999999989,28.756573019999983,62.39349051999999,37.90441902006677,0.10909090908987971,37.90457600442519,252.34743940627524,DJI_0056
00:00:28.526,285.3333333,856,34,1.71855E+12,100,1000,2.8,0,5371,224,10000,0,62.393464,28.756586,41.3775,28.756566624999987,62.39348953999999,36.789584279425604,0.10588235294168205,36.78973664659241,252.69489803015972,DJI_0056
00:00:28.560,285.6666667,857,33,1.71855E+12,100,1250,2.8,0,5371,224,10000,0,62.393464,28.756586,41.378499999999896,28.75656030499999,62.3934886,37.37123566089119,0.10909090909065484,37.37139488496933,253.0374691499386,DJI_0056
00:00:28.593,286,858,33,1.71855E+12,100,1250,2.8,0,5367,224,10000,0,62.393461,28.756566,41.3795,28.756553884999988,62.39348766000001,37.870599301808284,0.10909090909142999,37.870756426358426,253.38461775051354,DJI_0056
00:00:28.626,286.3333333,859,34,1.71855E+12,100,1250,2.8,0,5367,224,10000,0,62.393461,28.756566,41.38049999999989,28.756547464999986,62.393486725000024,36.75675909988435,0.10588235294017737,36.75691160312023,253.73176636009856,DJI_0056
00:00:28.660,286.6666667,860,33,1.71855E+12,100,1250,2.8,0,5364,224,10000,0,62.393461,28.756566,41.381499999999896,28.756541109999986,62.39348582000002,37.41316876,0.10909090909142999,37.41332780875166,254.07472186501212,DJI_0056
00:00:28.693,287,861,33,1.71855E+12,100,1250,2.8,0,5364,224,10000,0,62.393458,28.756547,41.3825,28.756534649999985,62.39348493000002,37.926068271242684,0.10909090909142999,37.92622516599045,254.4223789290337,DJI_0056
00:00:28.726,287.3333333,862,34,1.71855E+12,100,1250,2.8,0,5362,224,10000,0,62.393458,28.756547,41.38349999999989,28.756528189999987,62.39348404000003,36.810596584770785,0.10588235294017737,36.81074886496339,254.77003600164724,DJI_0056
00:00:28.760,287.6666667,863,33,1.71855E+12,100,1250,2.8,0,5362,224,10000,0,62.393458,28.756547,41.384499999999896,28.756521804999988,62.39348318000003,37.418389050095705,0.10909090909142999,37.41854807352589,255.1130393589879,DJI_0056
00:00:28.793,288,864,34,1.71855E+12,100,1250,2.8,0,5360,224,10000,0,62.393455,28.756527,41.385499999999894,28.75651532499999,62.39348233000003,36.78412083711487,0.1058823529409297,36.784273226912234,255.46044638390873,DJI_0056
00:00:28.827,288.3333333,865,33,1.71855E+12,100,1250,2.8,0,5360,224,10000,0,62.393455,28.756527,41.3865,28.75650884499999,62.393481480000034,37.89879215328406,0.10909090909142999,37.89894916094999,255.8078534178841,DJI_0056
00:00:28.860,288.6666667,866,33,1.71855E+12,100,1250,2.8,0,5358,224,10000,0,62.393455,28.756527,41.3875,28.756502444999988,62.39348066500004,37.35094779581436,0.10909090909142999,37.35110710637766,256.15023856635923,DJI_0056
00:00:28.893,289,867,34,1.71855E+12,100,1250,2.8,0,5358,224,10000,0,62.393452,28.756505,41.388499999999894,28.756495944999987,62.39347986500004,36.73356538887265,0.10588235294017737,36.73371798839924,256.49716812513856,DJI_0056
00:00:28.927,289.3333333,868,33,1.71855E+12,100,1250,2.8,0,5356,224,10000,0,62.393452,28.756505,41.3895,28.75648944499999,62.39347906500004,37.84670464839854,0.10909090909142999,37.846861872149425,256.84409769229995,DJI_0056
00:00:28.960,289.6666667,869,33,1.71855E+12,100,1250,2.8,0,5356,224,10000,0,62.393452,28.756505,41.39,28.756483019999987,62.39347829500003,37.34606406862785,0.054545454545714994,37.346103901540616,257.1864369780641,DJI_0056
00:00:28.993,290,870,34,1.71855E+12,100,1250,2.8,0,5355,224,10000,0,62.39345,28.756484,41.39049999999989,28.75647650499998,62.39347754000003,36.68048085939132,0.052941176,36.680519064543496,257.53286410256254,DJI_0056
00:00:29.027,290.3333333,871,33,1.71855E+12,100,1250,2.8,0,5355,224,10000,0,62.39345,28.756484,41.39099999999989,28.756469989999978,62.39347678500003,37.79201144117952,0.054545454545714994,37.79205080406269,257.87929123493313,DJI_0056
00:00:29.060,290.6666667,872,33,1.71855E+12,100,1250,2.8,0,5354,224,10000,0,62.39345,28.756484,41.391499999999894,28.75646355499997,62.39347606000003,37.26767833135446,0.054545454545714994,37.26771824804838,258.2209119855402,DJI_0056
00:00:29.093,291,873,34,1.71855E+12,100,1250,2.8,0,5354,224,10000,0,62.393447,28.756464,41.391999999999896,28.75645702499997,62.39347535500002,36.621765101817054,0.052941176470841025,36.621803368223574,258.5667845729068,DJI_0056
00:00:29.127,291.3333333,874,33,1.71855E+12,100,1250,2.8,0,5353,224,10000,0,62.393447,28.756464,41.3925,28.75645049499997,62.393474650000016,37.73151640155812,0.054545454545714994,37.73155582755184,258.9126571679927,DJI_0056
00:00:29.160,291.6666667,875,34,1.71855E+12,100,1250,2.8,0,5353,224,10000,0,62.393447,28.756464,41.3935,28.756444044999977,62.39347398000001,36.10386918317694,0.1058823529409297,36.10402444421699,259.25363962107696,DJI_0056
00:00:29.194,292,876,33,1.71855E+12,100,1250,2.8,0,5353,224,10000,0,62.393445,28.756443,41.3945,28.75643749499998,62.393473330000006,37.695640325662545,0.10909090909142999,37.695798179480995,259.5991844377222,DJI_0056
00:00:29.227,292.3333333,877,33,1.71855E+12,100,1250,2.8,0,5353,224,10000,0,62.393445,28.756443,41.39549999999989,28.75643094499998,62.39347268,37.69564110758302,0.10909090908987971,37.69579896,259.94472926153503,DJI_0056
00:00:29.260,292.6666667,878,34,1.71855E+12,100,1250,2.8,0,5353,224,10000,0,62.393445,28.756443,41.3965,28.75642446499998,62.393472055000004,36.15198059488125,0.10588235294168205,36.15213564929927,260.28616609822285,DJI_0056
00:00:29.294,293,879,33,1.71855E+12,100,1250,2.8,0,5353,224,10000,0,62.393443,28.756424,41.397499999999894,28.756417889999984,62.393471444999996,37.73486325145611,0.10909090909065484,37.73502094119651,260.6320704568505,DJI_0056
00:00:29.327,293.3333333,880,33,1.71855E+12,100,1250,2.8,0,5353,224,10000,0,62.393443,28.756424,41.398499999999885,28.756411314999983,62.393470834999995,37.734863929442504,0.10909090908987971,37.73502161918007,260.9779748,DJI_0056
00:00:29.360,293.6666667,881,34,1.71855E+12,100,1250,2.8,0,5353,224,10000,0,62.393443,28.756424,41.39899999999989,28.756404819999986,62.39347025499999,36.12808776360776,0.052941176470841025,36.128126552910416,261.3191849058038,DJI_0056
00:00:29.394,294,882,33,1.71855E+12,100,1250,2.8,0,5353,224,10000,0,62.393441,28.756403,41.39949999999988,28.75639823499999,62.393469694999986,37.675725785707805,0.054545455,37.67576527008389,261.66454608744624,DJI_0056
00:00:29.427,294.3333333,883,33,1.71855E+12,100,1250,2.8,0,5353,224,10000,0,62.393441,28.756403,41.399999999999885,28.75639164999999,62.39346913499999,37.67572647,0.054545454545714994,37.67576595131627,262.0099072753333,DJI_0056
00:00:29.460,294.6666667,884,34,1.71855E+12,100,1250,2.8,0,5353,224,10000,0,62.393441,28.756403,41.40049999999988,28.756385139999992,62.3934686,36.11215610184215,0.052941176,36.11219490825754,262.35096689391133,DJI_0056
00:00:29.494,295,885,33,1.71855E+12,100,1250,2.8,0,5353,224,10000,0,62.393439,28.75638,41.400999999999875,28.756378539999996,62.393468084999995,37.664168078531176,0.054545455,37.66420757502351,262.6962221300157,DJI_0056
00:00:29.527,295.3333333,886,34,1.71855E+12,100,1250,2.8,0,5352,224,10000,0,62.393439,28.75638,41.40149999999988,28.75637193999999,62.39346756999999,36.55639908381208,0.052941176470841025,36.55643741864219,263.0414773723029,DJI_0056
00:00:29.561,295.6666667,887,33,1.71855E+12,100,1250,2.8,0,5352,224,10000,0,62.393439,28.75638,41.40199999999988,28.756365419999987,62.39346708,37.17048804999324,0.054545454545714994,37.17052807105788,263.38220721295426,DJI_0056
00:00:29.594,296,888,33,1.71855E+12,100,1250,2.8,0,5351,224,10000,0,62.393438,28.756359,41.402499999999876,28.756358814999988,62.39346661,37.605102825069395,0.054545455,37.60514238359767,263.72692101813726,DJI_0056
00:00:29.627,296.3333333,889,34,1.71855E+12,100,1250,2.8,0,5351,224,10000,0,62.393438,28.756359,41.40299999999988,28.756352209999992,62.39346614,36.49907089129419,0.052941176470841025,36.49910928633581,264.0716348280638,DJI_0056
00:00:29.661,296.6666667,890,33,1.71855E+12,100,1250,2.8,0,5350,224,10000,0,62.393438,28.756359,41.40299999999988,28.756345684999992,62.3934657,37.10597357555866,0,37.10597357555866,264.4117729191731,DJI_0056
00:00:29.694,297,891,33,1.71855E+12,100,1250,2.8,0,5350,224,10000,0,62.393436,28.756338,41.40299999999988,28.756339069999996,62.393465285000005,37.565304161669296,0,37.565304161669296,264.75612154065504,DJI_0056
00:00:29.727,297.3333333,892,34,1.71855E+12,100,1250,2.8,0,5349,224,10000,0,62.393436,28.756338,41.40299999999988,28.756332454999992,62.393464869999995,36.46044286526693,0,36.46044286526693,265.1004701677159,DJI_0056
00:00:29.761,297.6666667,893,33,1.71855E+12,100,1250,2.8,0,5349,224,10000,0,62.393436,28.756338,41.40299999999988,28.75632592499999,62.393464480000006,37.05131997995274,0,37.05131997995274,265.44010726753214,DJI_0056
00:00:29.794,298,894,33,1.71855E+12,100,1250,2.8,0,5348,224,10000,0,62.393435,28.756317,41.40299999999988,28.75631931499999,62.393464110000004,37.46796696752182,0,37.46796696752182,265.7835636314011,DJI_0056
00:00:29.827,298.3333333,895,34,1.71855E+12,100,1250,2.8,0,5348,224,10000,0,62.393435,28.756317,41.40299999999988,28.75631270499998,62.39346374000001,36.36596843416798,0,36.36596843416798,266.12702,DJI_0056
00:00:29.861,298.6666667,896,33,1.71855E+12,100,1250,2.8,0,5348,224,10000,0,62.393435,28.756317,41.40299999999988,28.756306184999982,62.393463400000016,36.92268723890991,0,36.92268723890991,266.46547796630267,DJI_0056
00:00:29.894,299,897,34,1.71855E+12,100,1250,2.8,0,5348,224,10000,0,62.393434,28.756296,41.40299999999988,28.756299579999986,62.39346308000002,36.272847825550784,0,36.272847825550784,266.80805486243287,DJI_0056
00:00:29.928,299.3333333,898,33,1.71855E+12,100,1250,2.8,0,5347,224,10000,0,62.393434,28.756296,41.40299999999988,28.756292974999987,62.39346276000003,37.372025430685184,0,37.372025430685184,267.1506317622142,DJI_0056
00:00:29.961,299.6666667,899,33,1.71855E+12,100,1250,2.8,0,5347,224,10000,0,62.393434,28.756296,41.40299999999988,28.75628645499999,62.393462470000024,36.85972653485358,0,36.85972653485358,267.4885125887837,DJI_0056
00:00:29.994,300,900,34,1.71855E+12,100,1250,2.8,0,5347,224,10000,0,62.393433,28.756274,41.40299999999988,28.756279859999992,62.39346220500002,36.15676445332877,0,36.15676445332877,267.8299931,DJI_0056
00:00:30.028,300.3333333,901,33,1.71855E+12,100,1250,2.8,0,5347,224,10000,0,62.393433,28.756274,41.40299999999988,28.756273264999987,62.39346194000002,37.25242426023108,0,37.25242426023108,268.17147369767275,DJI_0056
00:00:30.061,300.6666667,902,33,1.71855E+12,100,1250,2.8,0,5346,224,10000,0,62.393433,28.756274,41.40299999999988,28.756266739999983,62.39346169500002,36.83957954124054,0,36.83957954124054,268.5091698434675,DJI_0056
00:00:30.094,301,903,34,1.71855E+12,100,1250,2.8,0,5346,224,10000,0,62.393432,28.756253,41.40299999999988,28.75626013499998,62.39346147000002,36.17356274466153,0,36.17356274466153,268.85080904716705,DJI_0056
00:00:30.128,301.3333333,904,33,1.71855E+12,100,1250,2.8,0,5345,224,10000,0,62.393432,28.756253,41.40299999999988,28.756253529999984,62.39346124500002,37.269731544028836,0,37.269731544028836,269.19244825298733,DJI_0056
00:00:30.161,301.6666667,905,33,1.71855E+12,100,1250,2.8,0,5345,224,10000,0,62.393432,28.756253,41.403499999999866,28.756247009999985,62.39346104500001,36.77140075675159,0.054545455,36.77144121217229,269.5295197974323,DJI_0056
00:00:30.194,302,906,34,1.71855E+12,100,1250,2.8,0,5344,224,10000,0,62.393431,28.756232,41.403499999999866,28.75624039999999,62.39346087500002,36.15908868343305,0,36.15908868343305,269.8710223016647,DJI_0056
00:00:30.228,302.3333333,907,33,1.71855E+12,100,1250,2.8,0,5344,224,10000,0,62.393431,28.756232,41.40349999999986,28.75623378999999,62.393460705000024,37.254818898570925,-7.75E-13,37.254818898570925,270.21252480823495,DJI_0056
00:00:30.261,302.6666667,908,34,1.71855E+12,100,1250,2.8,0,5343,224,10000,0,62.393431,28.756232,41.40349999999986,28.756227279999983,62.39346056500003,35.59560161444286,0,35.59560161444286,270.54870549014913,DJI_0056
00:00:30.295,303,909,33,1.71855E+12,100,1250,2.8,0,5343,224,10000,0,62.39343,28.756212,41.40349999999986,28.756220689999985,62.39346045000002,37.111311199165364,0,37.111311199165364,270.88889250947483,DJI_0056
00:00:30.328,303.3333333,910,33,1.71855E+12,100,1250,2.8,0,5341,224,10000,0,62.39343,28.756212,41.40349999999986,28.756214099999983,62.39346033500001,37.11131137717649,0,37.11131137717649,271.2290795304323,DJI_0056
00:00:30.361,303.6666667,911,34,1.71855E+12,100,1250,2.8,0,5341,224,10000,0,62.39343,28.756212,41.40299999999986,28.756207599999986,62.393460245000014,35.51855766574061,-0.052941176,35.51859712070153,271.56453294768335,DJI_0056
00:00:30.395,304,912,33,1.71855E+12,100,1250,2.8,0,5339,224,10000,0,62.39343,28.756191,41.40249999999986,28.756201034999986,62.393460175000016,36.954117038472816,-0.054545455,36.95415729386558,271.9032793895438,DJI_0056
00:00:30.428,304.3333333,913,33,1.71855E+12,100,1250,2.8,0,5339,224,10000,0,62.39343,28.756191,41.40199999999986,28.756194469999986,62.393460105000024,36.95411708542175,-0.054545455,36.95415734081446,272.2420258318346,DJI_0056
00:00:30.461,304.6666667,914,34,1.71855E+12,100,1250,2.8,0,5339,224,10000,0,62.39343,28.756191,41.40149999999987,28.75618799499999,62.393460060000024,35.370141395432064,-0.052941176,35.370181015949335,272.5760775414297,DJI_0056
00:00:30.495,305,915,33,1.71855E+12,100,1250,2.8,0,5339,224,10000,0,62.393429,28.756167,41.40149999999987,28.756181454999997,62.393460040000015,36.80445318831936,0,36.80445318831936,272.91345169565597,DJI_0056
00:00:30.528,305.3333333,916,33,1.71855E+12,100,1250,2.8,0,5338,224,10000,0,62.393429,28.756167,41.40149999999988,28.756174915000003,62.39346002000001,36.80445317810924,7.751375299201093e-13,36.80445317810924,273.2508258497886,DJI_0056
00:00:30.561,305.6666667,917,34,1.71855E+12,100,1250,2.8,0,5338,224,10000,0,62.393429,28.756167,41.40149999999988,28.756168465000005,62.39346003,35.22966471298221,0,35.22966471298221,273.58355046096676,DJI_0056
00:00:30.595,306,918,33,1.71855E+12,100,1250,2.8,0,5337,224,10000,0,62.393429,28.756146,41.40149999999988,28.75616195000001,62.393460059999995,36.66542872404567,0,36.66542872404567,273.9196502242705,DJI_0056
00:00:30.628,306.3333333,919,34,1.71855E+12,100,1250,2.8,0,5337,224,10000,0,62.393429,28.756146,41.40149999999988,28.756155435000004,62.393460094999995,35.58703375,0,35.58703375,274.25574998750983,DJI_0056
00:00:30.662,306.6666667,920,33,1.71855E+12,100,1250,2.8,0,5335,224,10000,0,62.393429,28.756146,41.40149999999988,28.756149000000004,62.39346014999999,36.21892645095094,0,36.21892645095094,274.5877568133102,DJI_0056
00:00:30.695,307,921,33,1.71855E+12,100,1250,2.8,0,5335,224,10000,0,62.393429,28.756125,41.40149999999988,28.756142505000003,62.39346022999999,36.563324733611445,0,36.563324733611445,274.92292062336827,DJI_0056
00:00:30.728,307.3333333,922,34,1.71855E+12,100,1250,2.8,0,5335,224,10000,0,62.393429,28.756125,41.40149999999988,28.756136010000006,62.393460309999995,35.48793270424612,0,35.48793270424612,275.25808443224173,DJI_0056
00:00:30.762,307.6666667,923,33,1.71855E+12,100,1250,2.8,0,5335,224,10000,0,62.393429,28.756125,41.40149999999988,28.756129605000005,62.39346041499998,36.066490623285304,0,36.066490623285304,275.58869392962185,DJI_0056
00:00:30.795,308,924,33,1.71855E+12,100,1250,2.8,0,5335,224,10000,0,62.393429,28.756103,41.40149999999988,28.756123140000003,62.393460539999985,36.413245799050664,0,36.413245799050664,275.9224820161132,DJI_0056
00:00:30.828,308.3333333,925,34,1.71855E+12,100,1250,2.8,0,5334,224,10000,0,62.393429,28.756103,41.40149999999988,28.756116674999998,62.393460664999985,35.34226787520591,0,35.34226787520591,276.2562701016012,DJI_0056
00:00:30.862,308.6666667,926,33,1.71855E+12,100,1250,2.8,0,5334,224,10000,0,62.393429,28.756103,41.40149999999988,28.75611031,62.39346081499999,35.86513297364703,0,35.86513297364703,276.5850338205263,DJI_0056
00:00:30.895,309,927,33,1.71855E+12,100,1250,2.8,0,5334,224,10000,0,62.393429,28.756082,41.40149999999988,28.756103894999995,62.39346098999999,36.16271709384799,0,36.16271709384799,276.91652539388656,DJI_0056
00:00:30.928,309.3333333,928,34,1.71855E+12,100,1250,2.8,0,5334,224,10000,0,62.393429,28.756082,41.40149999999988,28.756097479999998,62.393461164999984,35.09910749389267,0,35.09910749389267,277.2480169646622,DJI_0056
00:00:30.962,309.6666667,929,33,1.71855E+12,100,1250,2.8,0,5334,224,10000,0,62.393429,28.756082,41.40149999999988,28.756091155000004,62.393461364999986,35.67651401211499,0,35.67651401211499,277.57505167643995,DJI_0056
00:00:30.995,310,930,34,1.71855E+12,100,1250,2.8,0,5334,224,10000,0,62.39343,28.756061,41.40149999999987,28.756084785000002,62.39346158999998,34.89358434037618,-7.52E-13,34.89358434037618,277.9046021952102,DJI_0056
00:00:31.029,310.3333333,931,33,1.71855E+12,100,1250,2.8,0,5334,224,10000,0,62.39343,28.756061,41.40149999999987,28.756078415000005,62.39346181499998,35.950965403865425,0,35.950965403865425,278.2341527114123,DJI_0056
00:00:31.062,310.6666667,932,33,1.71855E+12,100,1250,2.8,0,5334,224,10000,0,62.39343,28.756061,41.40149999999987,28.756072140000004,62.39346205999998,35.43748991210587,0,35.43748991210587,278.5589964,DJI_0056
00:00:31.095,311,933,34,1.71855E+12,100,1250,2.8,0,5334,224,10000,0,62.39343,28.756039,41.40149999999987,28.756065825000004,62.39346232499998,34.633386314384005,0,34.633386314384005,278.88608946190914,DJI_0056
00:00:31.129,311.3333333,934,33,1.71855E+12,100,1250,2.8,0,5334,224,10000,0,62.39343,28.756039,41.40149999999987,28.75605951,62.393462589999984,35.68288262763421,0,35.68288262763421,279.21318255266243,DJI_0056
00:00:31.162,311.6666667,935,33,1.71855E+12,100,1250,2.8,0,5334,224,10000,0,62.39343,28.756039,41.40149999999987,28.75605329,62.39346287499998,35.17355227850023,0,35.17355227850023,279.5356068,DJI_0056
00:00:31.195,312,936,34,1.71855E+12,100,1250,2.8,0,5334,224,10000,0,62.393431,28.756018,41.40149999999987,28.75604702,62.39346318499998,34.44083324,0,34.44083324,279.8608813180778,DJI_0056
00:00:31.229,312.3333333,937,33,1.71855E+12,100,1250,2.8,0,5334,224,10000,0,62.393431,28.756018,41.40149999999987,28.756040749999997,62.393463494999985,35.48449449471592,0,35.48449449471592,280.1861559,DJI_0056
00:00:31.262,312.6666667,938,34,1.71855E+12,100,1500,2.8,0,5334,224,10000,0,62.393431,28.756018,41.40149999999987,28.756034574999994,62.39346382499999,33.95111877658465,0,33.95111877658465,280.5068053060582,DJI_0056
00:00:31.296,313,939,33,1.71855E+12,100,1500,2.8,0,5334,224,10000,0,62.393432,28.755997,41.40149999999987,28.75602837,62.393464179999995,35.21149233725655,0,35.21149233725655,280.82957731914973,DJI_0056
00:00:31.329,313.3333333,940,33,1.71855E+12,100,1500,2.8,0,5334,224,10000,0,62.393432,28.755997,41.40149999999987,28.75602216,62.39346453499999,35.211491890782725,0,35.211491890782725,281.1523493281486,DJI_0056
00:00:31.362,313.6666667,941,34,1.71855E+12,100,1500,2.8,0,5334,224,10000,0,62.393432,28.755997,41.40149999999987,28.75601604,62.393464914999996,33.69883540593557,0,33.69883540593557,281.47061610698245,DJI_0056
00:00:31.396,314,942,33,1.71855E+12,100,1500,2.8,0,5334,224,10000,0,62.393433,28.755976,41.40149999999987,28.756009895000002,62.39346531499998,34.920301710830444,0,34.920301710830444,281.7907188726651,DJI_0056
00:00:31.429,314.3333333,943,33,1.71855E+12,100,1500,2.8,0,5334,224,10000,0,62.393433,28.755976,41.40149999999987,28.756003750000005,62.39346571499996,34.92030123216288,0,34.92030123216288,282.1108216339599,DJI_0056
00:00:31.462,314.6666667,944,34,1.71855E+12,100,1500,2.8,0,5334,224,10000,0,62.393433,28.755976,41.40149999999987,28.75599770000001,62.39346613499996,33.41358184800087,0,33.41358184800087,282.42639435141325,DJI_0056
00:00:31.496,315,945,33,1.71855E+12,100,1500,2.8,0,5334,224,10000,0,62.393435,28.755955,41.40149999999987,28.755991620000003,62.39346656999996,34.62041074028645,0,34.62041074028645,282.7437481165325,DJI_0056
00:00:31.529,315.3333333,946,33,1.71855E+12,100,1500,2.8,0,5334,224,10000,0,62.393435,28.755955,41.40149999999987,28.755985540000005,62.39346700499996,34.6204102,0,34.6204102,283.0611018767191,DJI_0056
00:00:31.562,315.6666667,947,34,1.71855E+12,100,1500,2.8,0,5334,224,10000,0,62.393435,28.755955,41.40149999999987,28.755979555000003,62.39346745999997,33.126793648510024,0,33.126793648510024,283.373966,DJI_0056
00:00:31.596,316,948,33,1.71855E+12,100,1500,2.8,0,5334,224,10000,0,62.393437,28.755934,41.40149999999987,28.75597354,62.39346793999997,34.34746180168129,0,34.34746180168129,283.6888177721371,DJI_0056
00:00:31.629,316.3333333,949,34,1.71855E+12,100,1500,2.8,0,5333,224,10000,0,62.393437,28.755934,41.40149999999987,28.755967524999996,62.39346841999997,33.337241801575495,0,33.337241801575495,284.0036695002631,DJI_0056
00:00:31.663,316.6666667,950,33,1.71855E+12,100,1500,2.8,0,5333,224,10000,0,62.393437,28.755934,41.40149999999987,28.755961614999997,62.393468919999975,33.80807272706845,0,33.80807272706845,284.31357683359454,DJI_0056
00:00:31.696,317,951,33,1.71855E+12,100,1500,2.8,0,5332,224,10000,0,62.393439,28.755913,41.40149999999987,28.755955680000003,62.39346943499997,33.979535859784086,0,33.979535859784086,284.6250559123092,DJI_0056
00:00:31.729,317.3333333,952,34,1.71855E+12,100,1500,2.8,0,5332,224,10000,0,62.393439,28.755913,41.40149999999987,28.755949745000002,62.39346994999996,32.98013723273511,0,32.98013723273511,284.93653498617397,DJI_0056
00:00:31.763,317.6666667,953,33,1.71855E+12,100,1500,2.8,0,5332,224,10000,0,62.393439,28.755913,41.40149999999987,28.755943910000006,62.39347047999996,33.46112306705279,0,33.46112306705279,285.24326194762193,DJI_0056
00:00:31.796,318,954,33,1.71855E+12,100,1500,2.8,0,5332,224,10000,0,62.393441,28.755892,41.40149999999987,28.755938050000005,62.393471029999965,33.64656355712934,0,33.64656355712934,285.5516888,DJI_0056
00:00:31.829,318.3333333,955,34,1.71855E+12,100,1500,2.8,0,5332,224,10000,0,62.393441,28.755892,41.40149999999987,28.75593219,62.39347157999997,32.65695817506003,0,32.65695817506003,285.8601156074379,DJI_0056
00:00:31.863,318.6666667,956,33,1.71855E+12,100,1500,2.8,0,5332,224,10000,0,62.393441,28.755892,41.40149999999987,28.755926419999994,62.393472144999976,33.18750334430176,0,33.18750334430176,286.16433438809395,DJI_0056
00:00:31.896,319,957,33,1.71855E+12,100,1500,2.8,0,5332,224,10000,0,62.393443,28.755872,41.40149999999987,28.755920624999998,62.39347272499998,33.363143606466316,0,33.363143606466316,286.47016320448654,DJI_0056
00:00:31.929,319.3333333,958,34,1.71855E+12,100,1500,2.8,0,5331,224,10000,0,62.393443,28.755872,41.40149999999987,28.755914830000002,62.393473304999986,32.38187404629794,0,32.38187404629794,286.7759920149238,DJI_0056
00:00:31.963,319.6666667,959,33,1.71855E+12,100,1500,2.8,0,5331,224,10000,0,62.393443,28.755872,41.40149999999987,28.755909135000003,62.39347389999999,32.85287724347329,0,32.85287724347329,287.07714338965565,DJI_0056
00:00:31.996,320,960,34,1.71855E+12,100,1500,2.8,0,5330,224,10000,0,62.393446,28.755851,41.40149999999987,28.75590342,62.39347451,32.03240947018824,0,32.03240947018824,287.37967170131856,DJI_0056
00:00:32.030,320.3333333,961,33,1.71855E+12,100,1500,2.8,0,5330,224,10000,0,62.393446,28.755851,41.40149999999987,28.75589770499999,62.39347511999999,33.00308776805824,0,33.00308776805824,287.6822000058591,DJI_0056
00:00:32.063,320.6666667,962,33,1.71855E+12,100,1500,2.8,0,5330,224,10000,0,62.393446,28.755851,41.40149999999987,28.755892084999992,62.393475744999996,32.52436687013905,0,32.52436687013905,287.98034,DJI_0056
00:00:32.096,321,963,34,1.71855E+12,100,1500,2.8,0,5330,224,10000,0,62.393448,28.755832,41.40149999999987,28.75588643999999,62.39347638499999,31.742113661014045,0,31.742113661014045,288.2801266645227,DJI_0056
00:00:32.130,321.3333333,964,33,1.71855E+12,100,1500,2.8,0,5329,224,10000,0,62.393448,28.755832,41.40149999999987,28.75588079499999,62.393477024999996,32.70399527076209,0,32.70399527076209,288.5799133,DJI_0056
00:00:32.163,321.6666667,965,33,1.71855E+12,100,1500,2.8,0,5329,224,10000,0,62.393448,28.755832,41.40149999999987,28.75587524999999,62.39347767999999,32.202159148333656,0,32.202159148333656,288.87509974669774,DJI_0056
00:00:32.196,322,966,34,1.71855E+12,100,1500,2.8,0,5328,224,10000,0,62.393451,28.755812,41.40149999999987,28.755869689999987,62.393478354999985,31.393346281021103,0,31.393346281021103,289.17159246157405,DJI_0056
00:00:32.230,322.3333333,967,33,1.71855E+12,100,1500,2.8,0,5328,224,10000,0,62.393451,28.755812,41.40149999999987,28.755864129999985,62.39347902999999,32.344659122807606,0,32.344659122807606,289.4680851701998,DJI_0056
00:00:32.263,322.6666667,968,33,1.71855E+12,100,1500,2.8,0,5326,224,10000,0,62.393451,28.755812,41.40149999999987,28.75585867999998,62.39347971999999,31.79375600541585,0,31.79375600541585,289.7595279335828,DJI_0056
00:00:32.296,323,969,34,1.71855E+12,100,1500,2.8,0,5326,224,10000,0,62.393454,28.755794,41.40149999999987,28.755853199999983,62.393480424999986,31.063567737579827,0,31.063567737579827,290.0529060733266,DJI_0056
00:00:32.330,323.3333333,970,33,1.71855E+12,100,1500,2.8,0,5324,224,10000,0,62.393454,28.755794,41.40149999999987,28.755847719999977,62.39348112999999,32.004887383181504,0,32.004887383181504,290.34628420767245,DJI_0056
00:00:32.363,323.6666667,971,34,1.71855E+12,100,1500,2.8,0,5324,224,10000,0,62.393454,28.755794,41.40149999999987,28.755842344999976,62.39348185,30.54365924537649,0,30.54365924537649,290.6347521005454,DJI_0056
00:00:32.397,324,972,33,1.71855E+12,100,1500,2.8,0,5323,224,10000,0,62.393458,28.755775,41.40149999999987,28.755836954999978,62.39348258,31.600984746079636,0,31.600984746079636,290.92442779405116,DJI_0056
00:00:32.430,324.3333333,973,33,1.71855E+12,100,1500,2.8,0,5323,224,10000,0,62.393458,28.755775,41.40149999999987,28.755831564999976,62.39348330499999,31.600984027752688,0,31.600984027752688,291.2141034809722,DJI_0056
00:00:32.463,324.6666667,974,34,1.71855E+12,100,1500,2.8,0,5320,224,10000,0,62.393458,28.755775,41.40149999999987,28.755826274999976,62.39348404999999,30.198605167867427,0,30.198605167867427,291.49931252977984,DJI_0056
00:00:32.497,325,975,33,1.71855E+12,100,1500,2.8,0,5320,224,10000,0,62.393462,28.755755,41.40149999999987,28.755820954999976,62.39348480999999,31.328461125321663,0,31.328461125321663,291.7864900900953,DJI_0056
00:00:32.530,325.3333333,976,33,1.71855E+12,100,1500,2.8,0,5317,224,10000,0,62.393462,28.755755,41.40149999999987,28.755815634999976,62.39348557,31.328460456446734,0,31.328460456446734,292.0736676442794,DJI_0056
00:00:32.563,325.6666667,977,34,1.71855E+12,100,1500,2.8,0,5317,224,10000,0,62.393462,28.755755,41.40099999999987,28.755810419999978,62.39348634000001,29.89503167574655,-0.052941176,29.895078552531942,292.3560100528311,DJI_0056
00:00:32.597,326,978,33,1.71855E+12,100,1600,2.8,0,5315,224,10000,0,62.393465,28.755736,41.400499999999866,28.755805184999982,62.39348713,30.963793606368938,-0.054545455,30.963841649647186,292.63984526795286,DJI_0056
00:00:32.630,326.3333333,979,33,1.71855E+12,100,1600,2.8,0,5315,224,10000,0,62.393465,28.755736,41.39999999999987,28.755799949999982,62.393487910000005,30.963792940129522,-0.054545455,30.963840983408797,292.92368047696743,DJI_0056
00:00:32.663,326.6666667,980,34,1.71855E+12,100,1600,2.8,0,5312,224,10000,0,62.393465,28.755736,41.39949999999987,28.75579480999998,62.39348870500001,29.596948609537705,-0.052941176,29.596995958437777,293.20320766101935,DJI_0056
00:00:32.697,327,981,33,1.71855E+12,100,1600,2.8,0,5312,224,10000,0,62.393469,28.755718,41.398999999999866,28.755789644999982,62.39348952000001,30.70473309986738,-0.054545455,30.70478154849344,293.4846681585472,DJI_0056
00:00:32.730,327.3333333,982,34,1.71855E+12,100,1600,2.8,0,5310,224,10000,0,62.393469,28.755718,41.39849999999987,28.755784479999978,62.39349033500002,29.801652102275987,-0.052941176,29.801699125943422,293.7661286502922,DJI_0056
00:00:32.764,327.6666667,983,33,1.71855E+12,100,1600,2.8,0,5310,224,10000,0,62.393469,28.755718,41.39799999999987,28.755779419999982,62.39349116000001,30.186076284919803,-0.054545455,30.186125565988252,294.0428348013138,DJI_0056
00:00:32.797,328,984,33,1.71855E+12,100,1600,2.8,0,5307,224,10000,0,62.393473,28.7557,41.39749999999987,28.755774334999977,62.39349200000002,30.379503754433106,-0.054545455,30.379552721727602,294.3213140345963,DJI_0056
00:00:32.830,328.3333333,985,34,1.71855E+12,100,1600,2.8,0,5307,224,10000,0,62.393473,28.7557,41.39699999999987,28.755769249999975,62.393492840000036,29.485988287750587,-0.052941176,29.48603581483158,294.59979326173635,DJI_0056
00:00:32.864,328.6666667,986,33,1.71855E+12,100,1600,2.8,0,5304,224,10000,0,62.393473,28.7557,41.39699999999987,28.755764279999976,62.39349369000004,29.812540804722968,0,29.812540804722968,294.87307488577966,DJI_0056
00:00:32.897,329,987,33,1.71855E+12,100,1600,2.8,0,5304,224,10000,0,62.393477,28.755683,41.39699999999987,28.755759279999975,62.39349456000004,30.05549363059289,0,30.05549363059289,295.1485835773934,DJI_0056
00:00:32.930,329.3333333,988,34,1.71855E+12,100,1600,2.8,0,5302,224,10000,0,62.393477,28.755683,41.39699999999987,28.755754279999973,62.39349543000004,29.171507728715472,0,29.171507728715472,295.42409226149795,DJI_0056
00:00:32.964,329.6666667,989,33,1.71855E+12,100,1600,2.8,0,5302,224,10000,0,62.393477,28.755683,41.39699999999987,28.755749384999973,62.39349630500004,29.52484918103038,0,29.52484918103038,295.6947367123241,DJI_0056
00:00:32.997,330,990,33,1.71855E+12,100,1600,2.8,0,5300,224,10000,0,62.393482,28.755665,41.39749999999987,28.755744464999974,62.393497195000045,29.721906109756677,0.054545454545714994,29.72195616045153,295.9671879771282,DJI_0056
00:00:33.030,330.3333333,991,34,1.71855E+12,100,1600,2.8,0,5300,224,10000,0,62.393482,28.755665,41.397999999999875,28.755739544999972,62.39349808500005,28.84773160252243,0.052941176470841025,28.84778018113937,296.23963923439453,DJI_0056
00:00:33.064,330.6666667,992,33,1.71855E+12,100,1600,2.8,0,5299,224,10000,0,62.393482,28.755665,41.39849999999988,28.755734729999975,62.39349898500004,29.21747484938164,0.054545454545714994,29.217525764185783,296.5074665538996,DJI_0056
00:00:33.097,331,993,34,1.71855E+12,100,1600,2.8,0,5299,224,10000,0,62.393486,28.755649,41.39849999999987,28.755729884999983,62.39349990500004,28.598714302411505,-7.52E-13,28.598714302411505,296.77756552231125,DJI_0056
00:00:33.131,331.3333333,994,33,1.71855E+12,100,1600,2.8,0,5297,224,10000,0,62.393486,28.755649,41.39849999999988,28.755725039999984,62.39350082500004,29.465341274657096,7.751375299201093e-13,29.465341274657096,297.0476644839956,DJI_0056
00:00:33.164,331.6666667,995,33,1.71855E+12,100,1600,2.8,0,5297,224,10000,0,62.393486,28.755649,41.39849999999988,28.755720299999986,62.393501750000034,28.942960300738797,0,28.942960300738797,297.31297495341903,DJI_0056
00:00:33.197,332,996,34,1.71855E+12,100,1600,2.8,0,5296,224,10000,0,62.39349,28.755632,41.39899999999988,28.75571552999999,62.39350269500003,28.33461857424739,0.052941176470841025,28.33466803257542,297.5805801515045,DJI_0056
00:00:33.231,332.3333333,997,33,1.71855E+12,100,1600,2.8,0,5296,224,10000,0,62.39349,28.755632,41.39949999999988,28.75571075999999,62.39350364000003,29.193242633969437,0.054545454545714994,29.19329359103598,297.84818534275564,DJI_0056
00:00:33.264,332.6666667,998,33,1.71855E+12,100,1600,2.8,0,5295,224,10000,0,62.39349,28.755632,41.39999999999987,28.755706094999987,62.39350459000002,28.67524512693302,0.054545455,28.67529700450036,298.11104223196355,DJI_0056
00:00:33.297,333,999,34,1.71855E+12,100,1600,2.8,0,5295,224,10000,0,62.393495,28.755617,41.40049999999988,28.755701399999978,62.39350556000002,28.077109049053426,0.052941176,28.07715896098827,298.37621539992847,DJI_0056
00:00:33.331,333.3333333,1000,33,1.71855E+12,100,1600,2.8,0,5294,224,10000,0,62.393495,28.755617,41.400999999999875,28.755696704999977,62.39350653000001,28.927929562936917,0.054545455,28.927980987356364,298.64138855897926,DJI_0056
00:00:33.364,333.6666667,1001,33,1.71855E+12,100,1600,2.8,0,5294,224,10000,0,62.393495,28.755617,41.40099999999988,28.75569211999998,62.39350750500001,28.388945941292338,7.751375299201093e-13,28.388945941292338,298.9016205634411,DJI_0056
00:00:33.397,334,1002,34,1.71855E+12,100,1500,2.8,0,5294,224,10000,0,62.393499,28.755601,41.401499999999885,28.755687504999983,62.39350850000001,27.801604850549342,0.052941176470841025,27.80165525709314,299.1641917519803,DJI_0056
00:00:33.431,334.3333333,1003,33,1.71855E+12,100,1500,2.8,0,5294,224,10000,0,62.393499,28.755601,41.402,28.75568288999998,62.393509494999996,28.644077007752283,0.054545454547265275,28.644128941768408,299.4267629339465,DJI_0056
00:00:33.464,334.6666667,1004,34,1.71855E+12,100,1500,2.8,0,5294,224,10000,0,62.393499,28.755601,41.40249999999989,28.755678379999978,62.3935105,27.308082075016667,0.052941176,27.308133392526347,299.6846730826537,DJI_0056
00:00:33.498,335,1005,33,1.71855E+12,100,1500,2.8,0,5294,224,10000,0,62.393505,28.755583,41.403,28.75567383499998,62.39351152,28.41841671802967,0.054545455,28.418469064434134,299.94517571574437,DJI_0056
00:00:33.531,335.3333333,1006,33,1.71855E+12,100,1500,2.8,0,5294,224,10000,0,62.393505,28.755583,41.4035,28.755669289999982,62.393512535000006,28.41841596949775,0.054545454545714994,28.41846831590359,300.2056783419735,DJI_0056
00:00:33.564,335.6666667,1007,34,1.71855E+12,100,1500,2.8,0,5294,224,10000,0,62.393505,28.755583,41.403999999999904,28.75566484999998,62.39351356000001,27.093803070966647,0.052941176470841025,27.093854794334604,300.4615647483644,DJI_0056
00:00:33.598,336,1008,33,1.71855E+12,100,1500,2.8,0,5294,224,10000,0,62.39351,28.755567,41.404499999999906,28.755660374999984,62.39351461000002,28.22709926974471,0.054545454545714994,28.22715197094163,300.7203136414314,DJI_0056
00:00:33.631,336.3333333,1009,33,1.71855E+12,100,1500,2.8,0,5294,224,10000,0,62.39351,28.755567,41.40499999999991,28.75565589999998,62.39351566000003,28.227098653917444,0.054545454545714994,28.227151355115513,300.9790625288533,DJI_0056
00:00:33.664,336.6666667,1010,34,1.71855E+12,100,1500,2.8,0,5294,224,10000,0,62.39351,28.755567,41.40599999999991,28.75565152499998,62.39351671500003,26.93788535398075,0.10588235294168205,26.938093444356358,301.2334778558278,DJI_0056
00:00:33.698,337,1011,33,1.71855E+12,100,1500,2.8,0,5294,224,10000,0,62.393514,28.755554,41.406999999999904,28.755647114999977,62.39351779500004,28.069617816216986,0.10909090908987971,28.069829803098777,301.49078462902287,DJI_0056
00:00:33.731,337.3333333,1012,33,1.71855E+12,100,1500,2.8,0,5293,224,10000,0,62.393514,28.755554,41.40799999999991,28.75564270499998,62.39351887500005,28.069617065856523,0.10909090909142999,28.069829052743984,301.7480913953397,DJI_0056
00:00:33.764,337.6666667,1013,34,1.71855E+12,100,1500,2.8,0,5293,224,10000,0,62.393514,28.755554,41.408999999999914,28.755638399999974,62.393519955000045,26.73833181633016,0.10588235294168205,26.738541459713883,302.00062206468147,DJI_0056
00:00:33.798,338,1014,33,1.71855E+12,100,1500,2.8,0,5292,224,10000,0,62.393519,28.755541,41.40999999999992,28.755634059999974,62.39352105500004,27.837679716372442,0.10909090909142999,27.837893469473943,302.2558027548183,DJI_0056
00:00:33.831,338.3333333,1015,34,1.71855E+12,100,1500,2.8,0,5292,224,10000,0,62.393519,28.755541,41.410999999999916,28.755629719999973,62.39352215500005,27.018923667057503,0.1058823529409297,27.01913113330894,302.5109834,DJI_0056
00:00:33.865,338.6666667,1016,33,1.71855E+12,100,1500,2.8,0,5291,224,10000,0,62.393519,28.755541,41.411999999999914,28.75562549999998,62.39352326000004,27.27696049323979,0.10909090909065484,27.277178640325147,302.7610242,DJI_0056
00:00:33.898,339,1017,33,1.71855E+12,100,1500,2.8,0,5291,224,10000,0,62.393525,28.755528,41.41299999999992,28.75562124499998,62.39352439000004,27.598302998093196,0.10909090909142999,27.598518605189778,303.01401066249457,DJI_0056
00:00:33.931,339.3333333,1018,34,1.71855E+12,100,1500,2.8,0,5288,224,10000,0,62.393525,28.755528,41.41399999999992,28.75561698999998,62.39352552000004,26.78658751811358,0.10588235294168205,26.78679678383033,303.26699707656405,DJI_0056
00:00:33.965,339.6666667,1019,33,1.71855E+12,100,1500,2.8,0,5288,224,10000,0,62.393525,28.755528,41.41499999999993,28.75561283999998,62.39352665000005,27.08723306112154,0.10909090909142999,27.08745273616481,303.51529872664554,DJI_0056
00:00:33.998,340,1020,33,1.71855E+12,100,1500,2.8,0,5287,224,10000,0,62.39353,28.755516,41.41599999999993,28.75560865999998,62.39352780500005,27.387161016775483,0.10909090909142999,27.387378286087063,303.7663497,DJI_0056
00:00:34.031,340.3333333,1021,34,1.71855E+12,100,1500,2.8,0,5287,224,10000,0,62.39353,28.755516,41.41699999999994,28.755604479999977,62.39352896000005,26.581655601859623,0.10588235294168205,26.581866480902722,304.01740065547654,DJI_0056
00:00:34.065,340.6666667,1022,33,1.71855E+12,100,1500,2.8,0,5284,224,10000,0,62.39353,28.755516,41.417999999999935,28.755600404999978,62.39353011500005,26.881354788548897,0.10909090909065484,26.881576146020283,304.2638151034817,DJI_0056
00:00:34.098,341,1023,33,1.71855E+12,100,1500,2.8,0,5284,224,10000,0,62.393534,28.755504,41.41899999999994,28.755596294999982,62.393531295000045,27.20823841027578,0.10909090909142999,27.20845710834873,304.51322596030826,DJI_0056
00:00:34.131,341.3333333,1024,34,1.71855E+12,100,1500,2.8,0,5281,224,10000,0,62.393534,28.755504,41.419999999999945,28.755592184999983,62.393532475000036,26.40799541161158,0.10588235294168205,26.40820767739384,304.76263681059476,DJI_0056
00:00:34.165,341.6666667,1025,33,1.71855E+12,100,1500,2.8,0,5281,224,10000,0,62.393534,28.755504,41.42149999999995,28.755588184999983,62.393533655000034,26.684019555274855,0.16363636363714498,26.684521290174853,305.00724492242136,DJI_0056
00:00:34.198,342,1026,34,1.71855E+12,100,1500,2.8,0,5277,224,10000,0,62.393539,28.755494,41.42249999999996,28.755584149999986,62.393534865000035,26.25107915026132,0.10588235294168205,26.251292684855517,305.25517379777835,DJI_0056
00:00:34.232,342.3333333,1027,33,1.71855E+12,100,1500,2.8,0,5277,224,10000,0,62.393539,28.755494,41.42349999999996,28.755580114999983,62.39353607500003,27.046565573484525,0.10909090909142999,27.046785578830708,305.5031026655843,DJI_0056
00:00:34.265,342.6666667,1028,33,1.71855E+12,100,1500,2.8,0,5273,224,10000,0,62.393539,28.755494,41.42449999999996,28.755576184999985,62.39353728500003,26.552433324378033,0.10909090909065484,26.552657423918745,305.7465020253036,DJI_0056
00:00:34.298,343,1029,34,1.71855E+12,100,1500,2.8,0,5273,224,10000,0,62.393544,28.755485,41.42549999999996,28.755572219999987,62.393538520000035,26.094149466526574,0.1058823529409297,26.094364285302937,305.99294879910923,DJI_0056
00:00:34.332,343.3333333,1030,33,1.71855E+12,100,1500,2.8,0,5269,224,10000,0,62.393544,28.755485,41.42649999999996,28.755568254999986,62.393539755000035,26.88488044875257,0.10909090909142999,26.88510177719557,306.2393955654002,DJI_0056
00:00:34.365,343.6666667,1031,33,1.71855E+12,100,1500,2.8,0,5269,224,10000,0,62.393544,28.755485,41.42699999999997,28.755564394999983,62.39354098500004,26.36208839871202,0.054545455,26.362144828297236,306.48104855965954,DJI_0056
00:00:34.398,344,1032,34,1.71855E+12,100,1500,2.8,0,5266,224,10000,0,62.393548,28.755477,41.42749999999997,28.755560499999987,62.393542245000035,25.94525272811555,0.052941176,25.945306741180634,306.7260875677707,DJI_0056
00:00:34.432,344.3333333,1033,33,1.71855E+12,100,1500,2.8,0,5266,224,10000,0,62.393548,28.755477,41.427999999999976,28.75555660499999,62.39354350500003,26.731471781285524,0.054545455,26.731527431111672,306.9711265692226,DJI_0056
00:00:34.465,344.6666667,1034,34,1.71855E+12,100,1500,2.8,0,5262,224,10000,0,62.393548,28.755477,41.428499999999964,28.755552819999984,62.39354476500003,25.454927309063912,0.052941176,25.45498236255319,307.2115347,DJI_0056
00:00:34.499,345,1035,33,1.71855E+12,100,1500,2.8,0,5262,224,10000,0,62.393553,28.755467,41.42899999999998,28.75554900499999,62.39354605500003,26.57668904203433,0.054545454547265275,26.57674501596461,307.45515489862635,DJI_0056
00:00:34.532,345.3333333,1036,33,1.71855E+12,100,1500,2.8,0,5258,224,10000,0,62.393553,28.755467,41.42949999999997,28.755545189999992,62.39354734500003,26.57668836,0.054545455,26.57674433143771,307.69877505499784,DJI_0056
00:00:34.565,345.6666667,1037,34,1.71855E+12,100,1500,2.8,0,5258,224,10000,0,62.393553,28.755467,41.42999999999998,28.75554147999999,62.393548630000026,25.29867078249575,0.052941176,25.298726176020608,307.9377074688825,DJI_0056
00:00:34.599,346,1038,33,1.71855E+12,100,1500,2.8,0,5255,224,10000,0,62.393558,28.75546,41.42999999999997,28.755537734999994,62.393549945000025,26.441743411703335,-7.75E-13,26.441743411703335,308.18009011682307,DJI_0056
00:00:34.632,346.3333333,1039,33,1.71855E+12,100,1500,2.8,0,5255,224,10000,0,62.393558,28.75546,41.42999999999998,28.75553399,62.393551260000024,26.441742645953696,7.751375299201093e-13,26.441742645953696,308.4224727577443,DJI_0056
00:00:34.665,346.6666667,1040,34,1.71855E+12,100,1500,2.8,0,5252,224,10000,0,62.393558,28.75546,41.42999999999998,28.75553035,62.39355257000002,25.173132935051996,0,25.173132935051996,308.660219,DJI_0056
00:00:34.699,347,1041,33,1.71855E+12,100,1500,2.8,0,5252,224,10000,0,62.393562,28.755454,41.42999999999998,28.755526685000003,62.39355391000003,26.271304514698013,0,26.271304514698013,308.90103930462675,DJI_0056
00:00:34.732,347.3333333,1042,33,1.71855E+12,100,1500,2.8,0,5248,224,10000,0,62.393562,28.755454,41.42999999999998,28.75552302000001,62.39355525000003,26.271303694850268,0,26.271303694850268,309.14185958849623,DJI_0056
00:00:34.765,347.6666667,1043,34,1.71855E+12,100,1500,2.8,0,5248,224,10000,0,62.393562,28.755454,41.42999999999998,28.75551946000001,62.393556585000034,25.013785277368456,0,25.013785277368456,309.3781008938936,DJI_0056
00:00:34.799,348,1044,33,1.71855E+12,100,1500,2.8,0,5243,224,10000,0,62.393565,28.755448,41.42999999999998,28.755515870000014,62.39355795000003,26.132793069156094,0,26.132793069156094,309.6176514970275,DJI_0056
00:00:34.832,348.3333333,1045,34,1.71855E+12,100,1250,2.8,0,5243,224,10000,0,62.393565,28.755448,41.42999999999998,28.755512280000012,62.39355931500003,25.364181061652857,0,25.364181061652857,309.85720209594314,DJI_0056
00:00:34.866,348.6666667,1046,33,1.71855E+12,100,1250,2.8,0,5239,224,10000,0,62.393565,28.755448,41.42999999999998,28.75550879500002,62.39356067000003,25.600506904106005,0,25.600506904106005,310.0918734092308,DJI_0056
00:00:34.899,349,1047,33,1.71855E+12,100,1250,2.8,0,5239,224,10000,0,62.39357,28.755442,41.42999999999998,28.755505285000016,62.39356205500002,25.943137307397933,0,25.943137307397933,310.3296855012153,DJI_0056
00:00:34.932,349.3333333,1048,34,1.71855E+12,100,1250,2.8,0,5234,224,10000,0,62.39357,28.755442,41.42999999999998,28.75550177500002,62.393563440000015,25.180103182445176,0,25.180103182445176,310.5674975868273,DJI_0056
00:00:34.966,349.6666667,1049,33,1.71855E+12,100,1250,2.8,0,5234,224,10000,0,62.39357,28.755442,41.42999999999998,28.755498370000023,62.39356481500001,25.416185715798402,0,25.416185715798402,310.8004792892221,DJI_0056
00:00:34.999,350,1050,33,1.71855E+12,100,1250,2.8,0,5230,224,10000,0,62.393573,28.755437,41.42999999999998,28.755494945000024,62.39356621500002,25.700962001469197,0,25.700962001469197,311.0360714409022,DJI_0056
00:00:35.032,350.3333333,1051,34,1.71855E+12,100,1250,2.8,0,5230,224,10000,0,62.393573,28.755437,41.42999999999998,28.755491520000017,62.39356761500002,24.94505075094997,0,24.94505075094997,311.2716635868834,DJI_0056
00:00:35.066,350.6666667,1052,33,1.71855E+12,100,1250,2.8,0,5226,224,10000,0,62.393573,28.755437,41.42999999999998,28.755488200000013,62.39356900500002,25.179289371838607,0,25.179289371838607,311.5024737394586,DJI_0056
00:00:35.099,351,1053,33,1.71855E+12,100,1250,2.8,0,5226,224,10000,0,62.393577,28.755432,41.42999999999998,28.75548486000001,62.39357042500001,25.50778215,0,25.50778215,311.7362950758158,DJI_0056
00:00:35.132,351.3333333,1054,34,1.71855E+12,100,1250,2.8,0,5222,224,10000,0,62.393577,28.755432,41.42999999999998,28.75548152000001,62.39357185,24.75755259866147,0,24.75755259866147,311.97011640591427,DJI_0056
00:00:35.166,351.6666667,1055,33,1.71855E+12,100,1250,2.8,0,5222,224,10000,0,62.393577,28.755432,41.42999999999998,28.755478285000013,62.393573254999986,24.992207035296452,0,24.992207035296452,312.19921163707113,DJI_0056
00:00:35.199,352,1056,34,1.71855E+12,100,1250,2.8,0,5218,224,10000,0,62.39358,28.755427,41.42999999999998,28.755475025000013,62.39357469999998,24.640117340595214,0,24.640117340595214,312.43192385639895,DJI_0056
00:00:35.233,352.3333333,1057,33,1.71855E+12,100,1000,2.8,0,5218,224,10000,0,62.39358,28.755427,41.42999999999998,28.755471765000017,62.393576144999976,25.386786791006802,0,25.386786791006802,312.6646360686498,DJI_0056
00:00:35.266,352.6666667,1058,33,1.71855E+12,100,1000,2.8,0,5214,224,10000,0,62.39358,28.755427,41.42999999999997,28.75546860500002,62.393577579999985,24.89800533,-7.75E-13,24.89800533,312.89286778421183,DJI_0056
00:00:35.299,353,1059,34,1.71855E+12,100,1000,2.8,0,5214,224,10000,0,62.393583,28.755423,41.42999999999997,28.755465425000022,62.393579039999985,24.450342667925426,0,24.450342667925426,313.1237876871867,DJI_0056
00:00:35.333,353.3333333,1060,33,1.71855E+12,100,1000,2.8,0,5211,224,10000,0,62.393583,28.755423,41.42999999999997,28.755462245000018,62.39358049999999,25.19126155,0,25.19126155,313.35470758471627,DJI_0056
00:00:35.366,353.6666667,1061,33,1.71855E+12,100,1000,2.8,0,5211,224,10000,0,62.393583,28.755423,41.42999999999997,28.755459170000016,62.39358194499999,24.64496977689103,0,24.64496977689103,313.5806198076711,DJI_0056
00:00:35.399,354,1062,34,1.71855E+12,100,1000,2.8,0,5207,224,10000,0,62.393586,28.755418,41.42949999999997,28.755456080000013,62.393583419999985,24.23016435159994,-0.052941176,24.230222187873363,313.80946079500103,DJI_0056
00:00:35.433,354.3333333,1063,33,1.71855E+12,100,1000,2.8,0,5207,224,10000,0,62.393586,28.755418,41.42899999999997,28.755452990000013,62.39358489499998,24.964411184856175,-0.054545455,24.96447077374531,314.0383017770937,DJI_0056
00:00:35.466,354.6666667,1064,33,1.71855E+12,100,1000,2.8,0,5203,224,10000,0,62.393586,28.755418,41.428499999999964,28.755449995000014,62.39358635999998,24.506722676391988,-0.054545455,24.506783378162808,314.2629472913935,DJI_0056
00:00:35.499,355,1065,34,1.71855E+12,100,1000,2.8,0,5203,224,10000,0,62.39359,28.755415,41.428499999999964,28.755446985000013,62.39358785499998,24.09968339046659,0,24.09968339046659,314.4905554123035,DJI_0056
00:00:35.533,355.3333333,1066,33,1.71855E+12,100,1000,2.8,0,5200,224,10000,0,62.39359,28.755415,41.42849999999998,28.755443975000013,62.393589349999985,24.82997636293407,1.5502750598402186e-12,24.82997636293407,314.7181635289637,DJI_0056
00:00:35.566,355.6666667,1067,34,1.71855E+12,100,1000,2.8,0,5200,224,10000,0,62.39359,28.755415,41.42849999999998,28.755441065000014,62.39359082999999,23.59945060437203,0,23.59945060437203,314.9410472291161,DJI_0056
00:00:35.600,356,1068,33,1.71855E+12,100,1000,2.8,0,5197,224,10000,0,62.393593,28.755409,41.42849999999998,28.755438140000013,62.393592339999984,24.64141492680764,0,24.64141492680764,315.1669268659452,DJI_0056
00:00:35.633,356.3333333,1069,33,1.71855E+12,100,800,2.8,0,5197,224,10000,0,62.393593,28.755409,41.42849999999998,28.755435215000013,62.39359384999999,24.64141462652443,0,24.64141462652443,315.39280650002166,DJI_0056
00:00:35.666,356.6666667,1070,34,1.71855E+12,100,800,2.8,0,5196,224,10000,0,62.393593,28.755409,41.42849999999998,28.755432380000013,62.393595344999994,23.45803683755281,0,23.45803683755281,315.61435462570967,DJI_0056
00:00:35.700,357,1071,33,1.71855E+12,100,800,2.8,0,5196,224,10000,0,62.393596,28.755406,41.42849999999998,28.755429535000008,62.39359687,24.434601458844078,0,24.434601458844078,315.8383384724157,DJI_0056
00:00:35.733,357.3333333,1072,33,1.71855E+12,100,800,2.8,0,5194,224,10000,0,62.393596,28.755406,41.42849999999998,28.755426690000004,62.393598385000004,24.434601043376542,0,24.434601043376542,316.06232231531334,DJI_0056
00:00:35.766,357.6666667,1073,34,1.71855E+12,100,800,2.8,0,5194,224,10000,0,62.393596,28.755406,41.42849999999998,28.75542394,62.39359989,23.199084848740927,0,23.199084848740927,316.2814247833292,DJI_0056
00:00:35.800,358,1074,33,1.71855E+12,100,800,2.8,0,5194,224,10000,0,62.393599,28.7554,41.42849999999998,28.755421180000003,62.39360141,24.170384851912914,0,24.170384851912914,316.5029866444718,DJI_0056
00:00:35.833,358.3333333,1075,33,1.71855E+12,100,800,2.8,0,5194,224,10000,0,62.393599,28.7554,41.42849999999998,28.755418420000005,62.39360294,24.170384202536106,0,24.170384202536106,316.7245484996617,DJI_0056
00:00:35.866,358.6666667,1076,34,1.71855E+12,100,800,2.8,0,5193,224,10000,0,62.393599,28.7554,41.42849999999998,28.75541576000001,62.39360444,22.929442564389138,0,22.929442564389138,316.94110434610315,DJI_0056
00:00:35.900,359,1077,33,1.71855E+12,100,800,2.8,0,5193,224,10000,0,62.393602,28.755396,41.42849999999998,28.75541309500001,62.393605969999996,23.877587095959854,0,23.877587095959854,317.1599822278161,DJI_0056
00:00:35.933,359.3333333,1078,34,1.71855E+12,100,800,2.8,0,5193,224,10000,0,62.393602,28.755396,41.42849999999998,28.755410430000012,62.39360749999999,23.175304495358994,0,23.175304495358994,317.3788601036056,DJI_0056
00:00:35.967,359.6666667,1079,33,1.71855E+12,100,800,2.8,0,5193,224,10000,0,62.393602,28.755396,41.42849999999998,28.75540786000001,62.393609014999996,23.402005172308563,0,23.402005172308563,317.5933784843517,DJI_0056
00:00:36.000,360,1080,33,1.71855E+12,100,725,2.8,0,5193,224,10000,0,62.393606,28.755391,41.42849999999998,28.755405285000016,62.39361055499999,23.65865391423218,0,23.65865391423218,317.81024947856554,DJI_0056
00:00:36.033,360.3333333,1081,34,1.71855E+12,100,725,2.8,0,5193,224,10000,0,62.393606,28.755391,41.42849999999998,28.755402710000016,62.39361209499999,22.962810870376565,0,22.962810870376565,318.0271204701191,DJI_0056
00:00:36.067,360.6666667,1082,33,1.71855E+12,100,725,2.8,0,5194,224,10000,0,62.393606,28.755391,41.42849999999998,28.75540022500002,62.393613614999985,23.157822125344104,0,23.157822125344104,318.23940050626805,DJI_0056
00:00:36.100,361,1083,33,1.71855E+12,100,725,2.8,0,5194,224,10000,0,62.393609,28.755386,41.42849999999998,28.75539773500002,62.39361515999999,23.417360139624744,0,23.417360139624744,318.45405964088127,DJI_0056
00:00:36.133,361.3333333,1084,34,1.71855E+12,100,725,2.8,0,5195,224,10000,0,62.393609,28.755386,41.42849999999998,28.755395245000017,62.393616704999985,22.728613854311508,0,22.728613854311508,318.6687187717275,DJI_0056
00:00:36.167,361.6666667,1085,33,1.71855E+12,100,725,2.8,0,5195,224,10000,0,62.393609,28.755386,41.42849999999998,28.755392845000014,62.39361822999999,22.921182310171947,0,22.921182310171947,318.87882960957074,DJI_0056
00:00:36.200,362,1086,33,1.71855E+12,100,725,2.8,0,5197,224,10000,0,62.393613,28.75538,41.42899999999998,28.755390440000014,62.39361977999998,23.183584150569388,0.054545454545714994,23.183648316715463,319.0913463858073,DJI_0056
00:00:36.233,362.3333333,1087,34,1.71855E+12,100,725,2.8,0,5197,224,10000,0,62.393613,28.75538,41.42949999999998,28.755388035000014,62.39362132999997,22.50171365206702,0.052941176470841025,22.501775930974546,319.30386315848875,DJI_0056
00:00:36.267,362.6666667,1088,33,1.71855E+12,100,725,2.8,0,5197,224,10000,0,62.393613,28.75538,41.42999999999998,28.755385715000017,62.393622859999965,22.70848656327087,0.054545455,22.708552071870752,319.51202488581424,DJI_0056
00:00:36.300,363,1089,34,1.71855E+12,100,725,2.8,0,5198,224,10000,0,62.393616,28.755375,41.430499999999995,28.755383390000016,62.39362441499997,22.29787596362341,0.052941176472345704,22.29793881,319.72261653014846,DJI_0056
00:00:36.334,363.3333333,1090,33,1.71855E+12,100,725,2.8,0,5198,224,10000,0,62.393616,28.755375,41.43099999999998,28.75538106500002,62.39362596999997,22.973568767528963,0.054545455,22.973633520255206,319.9332081707508,DJI_0056
00:00:36.367,363.6666667,1091,33,1.71855E+12,100,725,2.8,0,5200,224,10000,0,62.393616,28.755375,41.4315,28.75537883000002,62.393627499999965,22.43689445593549,0.054545454547265275,22.43696075749567,320.13888031102783,DJI_0056
00:00:36.400,364,1092,34,1.71855E+12,100,725,2.8,0,5200,224,10000,0,62.39362,28.755369,41.43199999999999,28.75537659500002,62.393629054999955,22.021623630932048,0.052941176,22.021687267568545,320.3468629129993,DJI_0056
00:00:36.434,364.3333333,1093,33,1.71855E+12,100,725,2.8,0,5201,224,10000,0,62.39362,28.755369,41.43249999999998,28.75537436000002,62.39363060999995,22.688945306037176,0.054545455,22.689010871057338,320.5548455126507,DJI_0056
00:00:36.467,364.6666667,1094,33,1.71855E+12,100,725,2.8,0,5201,224,10000,0,62.39362,28.755369,41.43299999999999,28.75537220500002,62.39363214499995,22.23853451872825,0.054545455,22.238601411673343,320.75869935892433,DJI_0056
00:00:36.500,365,1095,34,1.71855E+12,100,640,2.8,0,5203,224,10000,0,62.393624,28.755363,41.432999999999986,28.75537005000002,62.39363370499995,21.83205114,-7.52E-13,21.83205114,320.96489095306066,DJI_0056
00:00:36.534,365.3333333,1096,33,1.71855E+12,100,640,2.8,0,5203,224,10000,0,62.393624,28.755363,41.43299999999999,28.75536789500002,62.393635264999936,22.493627739749158,7.751375299201093e-13,22.493627739749158,321.1710825,DJI_0056
00:00:36.567,365.6666667,1097,33,1.71855E+12,100,640,2.8,0,5204,224,10000,0,62.393624,28.755363,41.43299999999999,28.755365825000027,62.393636804999936,22.03286235798435,0,22.03286235798435,321.37305044562316,DJI_0056
00:00:36.600,366,1098,34,1.71855E+12,100,640,2.8,0,5204,224,10000,0,62.393628,28.755357,41.43299999999999,28.755363755000026,62.39363836499993,21.58529068358726,0,21.58529068358726,321.57691152430147,DJI_0056
00:00:36.634,366.3333333,1099,33,1.71855E+12,100,640,2.8,0,5206,224,10000,0,62.393628,28.755357,41.432999999999986,28.755361685000025,62.39363992499993,22.23939006483546,-7.75E-13,22.23939006483546,321.7807725998958,DJI_0056
00:00:36.667,366.6666667,1100,34,1.71855E+12,100,640,2.8,0,5206,224,10000,0,62.393628,28.755357,41.432999999999986,28.755359690000027,62.39364145999994,21.120605783030847,0,21.120605783030847,321.9802449878466,DJI_0056
00:00:36.701,367,1101,33,1.71855E+12,100,640,2.8,0,5208,224,10000,0,62.393632,28.755351,41.432999999999986,28.755357690000018,62.39364301999994,22.03561258891655,0,22.03561258891655,322.1822381,DJI_0056
00:00:36.734,367.3333333,1102,33,1.71855E+12,100,640,2.8,0,5208,224,10000,0,62.393632,28.755351,41.432999999999986,28.75535569000002,62.39364457999996,22.03561253697832,0,22.03561253697832,322.3842312181673,DJI_0056
00:00:36.767,367.6666667,1103,34,1.71855E+12,100,640,2.8,0,5209,224,10000,0,62.393632,28.755351,41.43299999999997,28.75535377000002,62.39364611999995,20.963214474687646,-1.50E-12,20.963214474687646,322.5822171326505,DJI_0056
00:00:36.801,368,1104,33,1.71855E+12,100,640,2.8,0,5209,224,10000,0,62.393636,28.755344,41.433499999999974,28.755351850000014,62.39364768499995,21.861870775327894,0.054545454545714994,21.861938820785024,322.78261823850767,DJI_0056
00:00:36.834,368.3333333,1105,33,1.71855E+12,100,640,2.8,0,5210,224,10000,0,62.393636,28.755344,41.43399999999997,28.755349930000015,62.39364924999995,21.861870595331293,0.054545455,21.86193864078899,322.9830193427149,DJI_0056
00:00:36.867,368.6666667,1106,34,1.71855E+12,100,640,2.8,0,5210,224,10000,0,62.393636,28.755344,41.43499999999997,28.75534810000001,62.393650784999956,20.670070661528584,0.1058823529409297,20.670341850710866,323.17823923797164,DJI_0056
00:00:36.901,369,1107,33,1.71855E+12,100,640,2.8,0,5211,224,10000,0,62.393641,28.755337,41.435999999999964,28.755346265000007,62.39365234499996,21.576130725953995,0.10909090909065484,21.576406511045864,323.3760229643229,DJI_0056
00:00:36.934,369.3333333,1108,33,1.71855E+12,100,640,2.8,0,5211,224,10000,0,62.393641,28.755337,41.43699999999996,28.755344430000005,62.39365390499996,21.576130468630748,0.10909090909065484,21.576406253725906,323.57380668831536,DJI_0056
00:00:36.967,369.6666667,1109,34,1.71855E+12,100,640,2.8,0,5212,224,10000,0,62.393641,28.755337,41.43799999999996,28.75534268,62.393655439999954,20.47512041763904,0.1058823529409297,20.475394188866876,323.7671854112102,DJI_0056
00:00:37.001,370,1110,33,1.71855E+12,100,640,2.8,0,5212,224,10000,0,62.393646,28.75533,41.43899999999996,28.75534093,62.393656994999944,21.29747447093502,0.10909090909065484,21.29775386435328,323.96241482163344,DJI_0056
00:00:37.034,370.3333333,1111,34,1.71855E+12,100,640,2.8,0,5214,224,10000,0,62.393646,28.75533,41.43999999999995,28.755339174999996,62.393658549999934,20.671077949644776,0.10588235294017737,20.671349125612352,324.1576442,DJI_0056
00:00:37.068,370.6666667,1112,33,1.71855E+12,100,640,2.8,0,5214,224,10000,0,62.393646,28.75533,41.440999999999946,28.75533749,62.39366008499993,20.914056349614242,0.10909090909065484,20.91434086509269,324.34935902130536,DJI_0056
00:00:37.101,371,1113,33,1.71855E+12,100,640,2.8,0,5218,224,10000,0,62.39365,28.755323,41.44199999999995,28.75533579999999,62.39366164499993,21.19771318043278,0.10909090909142999,21.19799388872305,324.54367396528534,DJI_0056
00:00:37.134,371.3333333,1114,34,1.71855E+12,100,640,2.8,0,5218,224,10000,0,62.39365,28.755323,41.44299999999994,28.75533410999999,62.39366320499992,20.57425093,0.10588235294017737,20.57452338303417,324.73798890834735,DJI_0056
00:00:37.168,371.6666667,1115,33,1.71855E+12,100,640,2.8,0,5222,224,10000,0,62.39365,28.755323,41.44349999999994,28.755332484999986,62.39366473999992,20.76315159335473,0.054545454545714994,20.763223239546424,324.9283184547099,DJI_0056
00:00:37.201,372,1116,33,1.71855E+12,100,640,2.8,0,5222,224,10000,0,62.393655,28.755316,41.44399999999994,28.75533085999998,62.39366629999992,21.036144210815614,0.054545455,21.03621492723543,325.1211504248762,DJI_0056
00:00:37.234,372.3333333,1117,34,1.71855E+12,100,640,2.8,0,5227,224,10000,0,62.393655,28.755316,41.444499999999934,28.755329234999977,62.39366785999992,20.417433901182623,0.052941176,20.417502537708362,325.31398239328786,DJI_0056
00:00:37.268,372.6666667,1118,33,1.71855E+12,100,640,2.8,0,5227,224,10000,0,62.393655,28.755316,41.44499999999993,28.755327674999975,62.39366938999992,20.549752203851238,0.054545455,20.549824594051902,325.5023558,DJI_0056
00:00:37.301,373,1119,33,1.71855E+12,100,640,2.8,0,5233,224,10000,0,62.39366,28.75531,41.445999999999934,28.755326114999974,62.39367094999992,20.879733615701152,0.10909090909142999,20.880018598868325,325.6937559558896,DJI_0056
00:00:37.334,373.3333333,1120,34,1.71855E+12,100,640,2.8,0,5233,224,10000,0,62.39366,28.75531,41.44699999999993,28.75532455499997,62.39367250999992,20.265623466284882,0.1058823529409297,20.265900067598796,325.88515612319475,DJI_0056
00:00:37.368,373.6666667,1121,33,1.71855E+12,100,640,2.8,0,5238,224,10000,0,62.39366,28.75531,41.44799999999993,28.755323054999973,62.39367404499992,20.463091486379057,0.10909090909065484,20.463382271911094,326.07273712735395,DJI_0056
00:00:37.401,374,1122,34,1.71855E+12,100,640,2.8,0,5238,224,10000,0,62.393665,28.755303,41.44899999999993,28.755321549999973,62.39367560499993,20.14116374209077,0.1058823529409297,20.141442052603296,326.26296185785077,DJI_0056
00:00:37.435,374.3333333,1123,33,1.71855E+12,100,640,2.8,0,5244,224,10000,0,62.393665,28.755303,41.449999999999925,28.755320044999976,62.39367716499993,20.75150156063466,0.10909090909065484,20.751788304805665,326.45318658397815,DJI_0056
00:00:37.468,374.6666667,1124,33,1.71855E+12,100,640,2.8,0,5244,224,10000,0,62.393665,28.755303,41.45099999999992,28.755318599999974,62.39367870499993,20.393040644223653,0.10909090909065484,20.393332428600388,326.64012546457366,DJI_0056
00:00:37.501,375,1125,34,1.71855E+12,100,640,2.8,0,5248,224,10000,0,62.393671,28.755296,41.45199999999993,28.75531715499998,62.39368026999992,20.063818934336616,0.10588235294168205,20.06409831770441,326.8296197264631,DJI_0056
00:00:37.535,375.3333333,1126,33,1.71855E+12,100,500,2.8,0,5248,224,10000,0,62.393671,28.755296,41.45299999999992,28.755315709999977,62.39368183499992,20.67181355042098,0.10909090908987971,20.67210139994999,327.01911398929593,DJI_0056
00:00:37.568,375.6666667,1127,33,1.71855E+12,100,500,2.8,0,5253,224,10000,0,62.393671,28.755296,41.45399999999992,28.755314314999982,62.39368337499991,20.282485836881587,0.10909090909142999,20.282779211679763,327.2050395,DJI_0056
00:00:37.601,376,1128,34,1.71855E+12,100,500,2.8,0,5253,224,10000,0,62.393676,28.755289,41.45549999999993,28.755312919999984,62.39368494499991,20.01245359759174,0.15882352941252306,20.013083818074055,327.3940519236848,DJI_0056
00:00:37.635,376.3333333,1129,33,1.71855E+12,100,500,2.8,0,5258,224,10000,0,62.393676,28.755289,41.45699999999992,28.755311524999982,62.39368651499991,20.618891272289847,0.1636363636355947,20.619540590372385,327.5830643790965,DJI_0056
00:00:37.668,376.6666667,1130,34,1.71855E+12,100,500,2.8,0,5258,224,10000,0,62.393676,28.755289,41.45849999999993,28.755310174999988,62.39368806,19.646735138002565,0.15882352941252306,19.647377089482447,327.7686229404972,DJI_0056
00:00:37.702,377,1131,33,1.71855E+12,100,500,2.8,0,5264,224,10000,0,62.393682,28.755282,41.45999999999994,28.755308819999986,62.39368963,20.59063495552837,0.16363636363714498,20.591285164635337,327.9573763878397,DJI_0056
00:00:37.735,377.3333333,1132,33,1.71855E+12,100,500,2.8,0,5264,224,10000,0,62.393682,28.755282,41.46149999999993,28.755307464999984,62.39369121,20.590634650320496,0.1636363636355947,20.59128485943709,328.14612983238453,DJI_0056
00:00:37.768,377.6666667,1133,34,1.71855E+12,100,500,2.8,0,5269,224,10000,0,62.393682,28.755282,41.46299999999993,28.75530614999998,62.393692764999884,19.685485205385998,0.15882352941177072,19.686125893251972,328.33205435470967,DJI_0056
00:00:37.802,378,1134,33,1.71855E+12,100,500,2.8,0,5269,224,10000,0,62.393688,28.755276,41.46449999999992,28.75530483499998,62.393694344999886,20.56498294696933,0.1636363636355947,20.565633967097714,328.5205726660747,DJI_0056
00:00:37.835,378.3333333,1135,33,1.71855E+12,100,500,2.8,0,5274,224,10000,0,62.393688,28.755276,41.46599999999993,28.755303519999973,62.39369592499988,20.564982544011507,0.16363636363714498,20.565633564152655,328.70909097374613,DJI_0056
00:00:37.868,378.6666667,1136,34,1.71855E+12,100,500,2.8,0,5274,224,10000,0,62.393688,28.755276,41.46749999999993,28.755302254999975,62.39369747999987,19.587493964845518,0.15882352941177072,19.588137857804515,328.8940900535143,DJI_0056
00:00:37.902,379,1137,33,1.71855E+12,100,500,2.8,0,5277,224,10000,0,62.393694,28.755269,41.46899999999992,28.755300984999977,62.39369906499987,20.53213402885605,0.1636363636355947,20.532786090504434,329.0823072593439,DJI_0056
00:00:37.935,379.3333333,1138,33,1.71855E+12,100,500,2.8,0,5277,224,10000,0,62.393694,28.755269,41.47049999999992,28.755299714999975,62.39370064999987,20.532133897255413,0.16363636363636982,20.532785958907983,329.2705244639672,DJI_0056
00:00:37.968,379.6666667,1139,34,1.71855E+12,100,500,2.8,0,5281,224,10000,0,62.393694,28.755269,41.47199999999992,28.755298479999976,62.39370220999987,19.58561400318605,0.15882352941177072,19.586257957948277,329.4555057891256,DJI_0056
00:00:38.002,380,1140,33,1.71855E+12,100,500,2.8,0,5281,224,10000,0,62.3937,28.755264,41.47349999999992,28.755297244999973,62.39370379999988,20.521530274786073,0.16363636363636982,20.522182673352887,329.64362579696467,DJI_0056
00:00:38.035,380.3333333,1141,34,1.71855E+12,100,500,2.8,0,5284,224,10000,0,62.3937,28.755264,41.47499999999993,28.755296009999974,62.39370538999988,19.91795559261621,0.15882352941252306,19.91858880299823,329.83174580232634,DJI_0056
00:00:38.069,380.6666667,1142,33,1.71855E+12,100,500,2.8,0,5284,224,10000,0,62.3937,28.755264,41.47649999999992,28.755294804999977,62.39370695999988,20.23597438,0.1636363636355947,20.236635981130387,330.01724829882005,DJI_0056
00:00:38.102,381,1143,33,1.71855E+12,100,500,2.8,0,5286,224,10000,0,62.393706,28.755258,41.47799999999993,28.75529359499998,62.393708564999876,20.64619183601554,0.16363636363714498,20.64684029552849,330.20651100152907,DJI_0056
00:00:38.135,381.3333333,1144,34,1.71855E+12,100,500,2.8,0,5286,224,10000,0,62.393706,28.755258,41.47949999999992,28.755292384999983,62.393710169999885,20.038951077488004,0.15882352941101838,20.039580464656748,330.39577370591746,DJI_0056
00:00:38.169,381.6666667,1145,33,1.71855E+12,100,500,2.8,0,5289,224,10000,0,62.393706,28.755258,41.48099999999993,28.75529120499999,62.393711759999896,20.418787713579857,0.16363636363714498,20.41944339475844,330.58295193703606,DJI_0056
00:00:38.202,382,1146,33,1.71855E+12,100,500,2.8,0,5289,224,10000,0,62.393712,28.755253,41.48249999999993,28.75529002499999,62.39371337,20.70611872442511,0.16363636363636982,20.706765307249036,330.77276395235253,DJI_0056
00:00:38.235,382.3333333,1147,34,1.71855E+12,100,500,2.8,0,5291,224,10000,0,62.393712,28.755253,41.48399999999993,28.75528884499998,62.39371499,20.097115001369957,0.15882352941177072,20.097742567059218,330.9625759654859,DJI_0056
00:00:38.269,382.6666667,1148,33,1.71855E+12,100,500,2.8,0,5291,224,10000,0,62.393712,28.755253,41.48549999999993,28.755287694999982,62.393716579999904,20.364510644426662,0.16363636363636982,20.36516807,331.14925667282284,DJI_0056
00:00:38.302,383,1149,33,1.71855E+12,100,500,2.8,0,5293,224,10000,0,62.393717,28.755249,41.48699999999994,28.75528654499998,62.39371820499989,20.767954696899537,0.16363636363714498,20.76859935460203,331.33963550024004,DJI_0056
00:00:38.335,383.3333333,1150,34,1.71855E+12,100,500,2.8,0,5293,224,10000,0,62.393717,28.755249,41.48849999999993,28.755285394999976,62.39371982999989,20.15713268957743,0.15882352941101838,20.15775838675336,331.53001432944825,DJI_0056
00:00:38.369,383.6666667,1151,33,1.71855E+12,100,500,2.8,0,5294,224,10000,0,62.393717,28.755249,41.48999999999994,28.755284269999976,62.393721439999894,20.551170192895537,0.16363636363714498,20.55182165,331.71840602791184,DJI_0056
00:00:38.402,384,1152,34,1.71855E+12,100,500,2.8,0,5294,224,10000,0,62.393723,28.755245,41.49149999999993,28.755283144999975,62.39372307999988,20.28342316,0.15882352941101838,20.284044965063092,331.9099776,DJI_0056
00:00:38.436,384.3333333,1153,33,1.71855E+12,100,500,2.8,0,5294,224,10000,0,62.393723,28.755245,41.49299999999994,28.75528201999997,62.39372471999988,20.898072414261904,0.16363636363714498,20.898713058254057,332.10154910006037,DJI_0056
00:00:38.469,384.6666667,1154,33,1.71855E+12,100,500,2.8,0,5294,224,10000,0,62.393723,28.755245,41.49449999999993,28.75528091999997,62.39372633999987,20.624075864749212,0.1636363636355947,20.62472501960777,332.29060907940675,DJI_0056
00:00:38.502,385,1155,34,1.71855E+12,100,500,2.8,0,5295,224,10000,0,62.39373,28.75524,41.49599999999994,28.75527982499997,62.39372799499988,20.40335586094387,0.15882352941252306,20.40397400757528,332.4833132783672,DJI_0056
00:00:38.536,385.3333333,1156,33,1.71855E+12,100,500,2.8,0,5295,224,10000,0,62.39373,28.75524,41.49749999999994,28.755278729999972,62.393729649999884,21.021639124396845,0.16363636363636982,21.02227600275185,332.67601747505904,DJI_0056
00:00:38.569,385.6666667,1157,33,1.71855E+12,100,500,2.8,0,5294,224,10000,0,62.39373,28.75524,41.49899999999994,28.75527765999997,62.39373129,20.806400904451543,0.16363636363636982,20.807044370988066,332.86674871512645,DJI_0056
00:00:38.602,386,1158,34,1.71855E+12,100,500,2.8,0,5294,224,10000,0,62.393735,28.755236,41.50049999999994,28.755276589999973,62.393732964999906,20.58967800023579,0.15882352941177072,20.59029055324107,333.06121257035153,DJI_0056
00:00:38.636,386.3333333,1159,33,1.71855E+12,100,500,2.8,0,5292,224,10000,0,62.393735,28.755236,41.501999999999946,28.75527551999997,62.39373463999992,21.21360756137955,0.16363636363714498,21.214238676599358,333.25567642488704,DJI_0056
00:00:38.669,386.6666667,1160,33,1.71855E+12,100,500,2.8,0,5292,224,10000,0,62.393735,28.755236,41.50349999999994,28.75527446999997,62.39373629999993,21.007069449225447,0.1636363636355947,21.00770676928077,333.4482470702721,DJI_0056
00:00:38.702,387,1161,34,1.71855E+12,100,500,2.8,0,5291,224,10000,0,62.393741,28.755233,41.504999999999946,28.75527341999997,62.39373799499993,20.785419718960572,0.15882352941252306,20.78602650356364,333.6445595428057,DJI_0056
00:00:38.736,387.3333333,1162,33,1.71855E+12,100,500,2.8,0,5291,224,10000,0,62.393741,28.755233,41.50649999999994,28.755272369999975,62.39373968999993,21.415280681833256,0.1636363636355947,21.415905853855556,333.84087201313275,DJI_0056
00:00:38.769,387.6666667,1163,34,1.71855E+12,100,500,2.8,0,5290,224,10000,0,62.393741,28.755233,41.507999999999946,28.75527134499998,62.39374136999994,20.57797090127611,0.15882352941252306,20.578583802761102,334.0352253046033,DJI_0056
00:00:38.803,388,1164,33,1.71855E+12,100,500,2.8,0,5290,224,10000,0,62.393747,28.75523,41.50899999999994,28.75527032499998,62.39374307999994,21.54483638,0.10909090909065484,21.545112569595066,334.23272216982457,DJI_0056
00:00:38.836,388.3333333,1165,33,1.71855E+12,100,500,2.8,0,5288,224,10000,0,62.393747,28.75523,41.509999999999934,28.755269304999985,62.39374478999994,21.544836455096664,0.10909090908987971,21.545112640766312,334.43021903569826,DJI_0056
00:00:38.869,388.6666667,1166,34,1.71855E+12,100,500,2.8,0,5288,224,10000,0,62.393747,28.75523,41.51099999999994,28.75526829999998,62.39374647999995,20.66212825195888,0.10588235294168205,20.66239954538344,334.6253639202935,DJI_0056
00:00:38.903,389,1167,33,1.71855E+12,100,500,2.8,0,5286,224,10000,0,62.393753,28.755227,41.511999999999944,28.755267299999982,62.39374820499994,21.690994825347378,0.10909090909142999,21.691269150044985,334.82420055416895,DJI_0056
00:00:38.936,389.3333333,1168,33,1.71855E+12,100,500,2.8,0,5286,224,10000,0,62.393753,28.755227,41.51299999999995,28.755266299999985,62.39374992999994,21.69099473200529,0.10909090909142999,21.691269056704073,335.0230371871887,DJI_0056
00:00:38.969,389.6666667,1169,34,1.71855E+12,100,500,2.8,0,5285,224,10000,0,62.393753,28.755227,41.51399999999995,28.755265329999983,62.393751639999934,20.840068876613902,0.10588235294168205,20.840337853659566,335.2198626002511,DJI_0056
00:00:39.003,390,1170,33,1.71855E+12,100,500,2.8,0,5285,224,10000,0,62.393758,28.755225,41.51499999999996,28.755264364999984,62.39375338499994,21.875924788735478,0.10909090909142999,21.876196794435216,335.42039440420007,DJI_0056
00:00:39.036,390.3333333,1171,33,1.71855E+12,100,500,2.8,0,5285,224,10000,0,62.393758,28.755225,41.515999999999956,28.755263399999986,62.393755129999946,21.875924710223043,0.10909090909065484,21.876196715923754,335.62092620742936,DJI_0056
00:00:39.069,390.6666667,1172,34,1.71855E+12,100,500,2.8,0,5285,224,10000,0,62.393758,28.755225,41.51699999999996,28.755262449999982,62.39375685999995,21.04093979340208,0.10588235294168205,21.04120620264522,335.8196487104544,DJI_0056
00:00:39.103,391,1173,33,1.71855E+12,100,500,2.8,0,5284,224,10000,0,62.393763,28.755223,41.517999999999965,28.755261509999986,62.39375862499994,22.07715237140894,0.10909090909142999,22.077421897876885,336.0220250778516,DJI_0056
00:00:39.136,391.3333333,1174,34,1.71855E+12,100,500,2.8,0,5284,224,10000,0,62.393763,28.755223,41.51899999999997,28.755260569999987,62.39376038999993,21.427824433602822,0.10588235294168205,21.42808603282082,336.22440144593935,DJI_0056
00:00:39.170,391.6666667,1175,33,1.71855E+12,100,500,2.8,0,5284,224,10000,0,62.393763,28.755223,41.519999999999975,28.755259659999993,62.393762139999936,21.860179915335483,0.10909090909142999,21.860452116945872,336.4247889,DJI_0056
00:00:39.203,392,1176,33,1.71855E+12,100,500,2.8,0,5284,224,10000,0,62.393768,28.755222,41.52049999999998,28.755258754999996,62.393763929999935,22.326275588623687,0.054545454545714994,22.326342218683866,336.62944706068265,DJI_0056
00:00:39.236,392.3333333,1177,34,1.71855E+12,100,500,2.8,0,5284,224,10000,0,62.393768,28.755222,41.52099999999998,28.75525785,62.39376571999994,21.669620502889508,0.052941176470841025,21.66968517,336.83410519842994,DJI_0056
00:00:39.270,392.6666667,1178,33,1.71855E+12,100,500,2.8,0,5284,224,10000,0,62.393768,28.755222,41.521499999999975,28.755256964999997,62.39376749499995,22.123350429001075,0.054545455,22.12341767,337.0369031937403,DJI_0056
00:00:39.303,393,1179,33,1.71855E+12,100,500,2.8,0,5284,224,10000,0,62.393773,28.755221,41.52199999999999,28.75525609,62.39376930499995,22.525313524196193,0.054545454547265275,22.52537956550228,337.24338583975737,DJI_0056
00:00:39.336,393.3333333,1180,34,1.71855E+12,100,500,2.8,0,5285,224,10000,0,62.393773,28.755221,41.52249999999998,28.755255215000002,62.39377111499996,21.862804101051754,0.052941176,21.86286819996707,337.44986848386816,DJI_0056
00:00:39.370,393.6666667,1181,33,1.71855E+12,100,500,2.8,0,5285,224,10000,0,62.393773,28.755221,41.522999999999996,28.755254365000006,62.39377290499996,22.257714385065242,0.054545454547265275,22.257781220367672,337.6538981450549,DJI_0056
00:00:39.403,394,1182,33,1.71855E+12,100,500,2.8,0,5286,224,10000,0,62.393778,28.75522,41.52349999999999,28.755253520000007,62.39377472499996,22.60772062,0.054545455,22.607786421422112,337.86113618725125,DJI_0056
00:00:39.436,394.3333333,1183,34,1.71855E+12,100,500,2.8,0,5286,224,10000,0,62.393778,28.75522,41.523999999999994,28.755252675000005,62.39377654499995,21.942787749036263,0.052941176470841025,21.942851614305333,338.06837423027525,DJI_0056
00:00:39.470,394.6666667,1184,33,1.71855E+12,100,500,2.8,0,5290,224,10000,0,62.393778,28.75522,41.524499999999996,28.755251855000004,62.393778349999955,22.400265329343796,0.054545454545714994,22.40033173932059,338.2737106045524,DJI_0056
00:00:39.503,395,1185,34,1.71855E+12,100,500,2.8,0,5290,224,10000,0,62.393783,28.755219,41.525,28.755251045000005,62.39378019499996,22.19205196422637,0.052941176470841025,22.192115112153903,338.4833028028338,DJI_0056
00:00:39.537,395.3333333,1186,33,1.71855E+12,100,500,2.8,0,5296,224,10000,0,62.393783,28.755219,41.52550000000001,28.755250235000002,62.39378203999997,22.864538172894257,0.054545455,22.864603234395958,338.6928949991491,DJI_0056
00:00:39.570,395.6666667,1187,33,1.71855E+12,100,500,2.8,0,5296,224,10000,0,62.393783,28.755219,41.526,28.755249455000012,62.393783864999975,22.59318166583169,0.054545455,22.593247508755454,338.89999976797935,DJI_0056
00:00:39.603,396,1188,34,1.71855E+12,100,500,2.8,0,5302,224,10000,0,62.393788,28.755218,41.526500000000006,28.755248680000008,62.39378572999997,22.386171245106127,0.052941176470841025,22.386233845454722,339.1114253098531,DJI_0056
00:00:39.637,396.3333333,1189,33,1.71855E+12,100,500,2.8,0,5302,224,10000,0,62.393788,28.755218,41.52700000000001,28.755247905000015,62.39378759499996,23.064539709192687,0.054545454545714994,23.06460420652255,339.3228508484129,DJI_0056
00:00:39.670,396.6666667,1190,33,1.71855E+12,100,500,2.8,0,5308,224,10000,0,62.393788,28.755218,41.52700000000001,28.75524715500001,62.39378944499995,22.85930015484116,0,22.85930015484116,339.5323944331656,DJI_0056
00:00:39.703,397,1191,34,1.71855E+12,100,500,2.8,0,5308,224,10000,0,62.393793,28.755218,41.52700000000001,28.755246415000006,62.39379132999997,22.58270152500871,0,22.58270152500871,339.74567550312406,DJI_0056
00:00:39.737,397.3333333,1192,33,1.71855E+12,100,500,2.8,0,5314,224,10000,0,62.393793,28.755218,41.52700000000001,28.755245675000012,62.39379321499997,23.2670253,0,23.2670253,339.95895656841384,DJI_0056
00:00:39.770,397.6666667,1193,33,1.71855E+12,100,500,2.8,0,5314,224,10000,0,62.393793,28.755218,41.52750000000001,28.755244965000006,62.39379507999996,22.99817958694478,0.054545454545714994,22.99824427037801,340.16977380755895,DJI_0056
00:00:39.803,398,1194,34,1.71855E+12,100,500,2.8,0,5321,224,10000,0,62.393798,28.755218,41.52800000000001,28.755244265000005,62.393796979999976,22.718883877660794,0.052941176470841025,22.718945561244734,340.3843416267485,DJI_0056
00:00:39.837,398.3333333,1195,33,1.71855E+12,100,500,2.8,0,5321,224,10000,0,62.393798,28.755218,41.528500000000015,28.755243565000004,62.393798879999984,23.407334868241755,0.054545454545714994,23.407398421025306,340.5989094456079,DJI_0056
00:00:39.870,398.6666667,1196,34,1.71855E+12,100,500,2.8,0,5330,224,10000,0,62.393798,28.755218,41.528500000000015,28.755242895000006,62.39380076,22.459265813531623,0,22.459265813531623,340.8110247338468,DJI_0056
00:00:39.904,399,1197,33,1.71855E+12,100,500,2.8,0,5330,224,10000,0,62.393802,28.755218,41.52850000000002,28.755242234999997,62.39380267999999,23.610330639334652,7.751375299201093e-13,23.610330639334652,341.0274527647074,DJI_0056
00:00:39.937,399.3333333,1198,33,1.71855E+12,100,500,2.8,0,5340,224,10000,0,62.393802,28.755218,41.52850000000002,28.755241574999996,62.39380459999998,23.610330596263108,0,23.610330596263108,341.24388079517314,DJI_0056
00:00:39.970,399.6666667,1199,34,1.71855E+12,100,500,2.8,0,5340,224,10000,0,62.393802,28.755218,41.52850000000002,28.755240944999997,62.39380649999998,22.657676053426663,0,22.657676053426663,341.45786995789996,DJI_0056
00:00:40.004,400,1200,33,1.71855E+12,100,500,2.8,0,5351,224,10000,0,62.393807,28.755217,41.52850000000002,28.755240324999995,62.39380843499998,23.756137772590257,0,23.756137772590257,341.6756345541487,DJI_0056
00:00:40.037,400.3333333,1201,33,1.71855E+12,100,500,2.8,0,5351,224,10000,0,62.393807,28.755217,41.52850000000002,28.755239704999994,62.393810369999976,23.75613773423943,0,23.75613773423943,341.8933991500459,DJI_0056
00:00:40.070,400.6666667,1202,34,1.71855E+12,100,500,2.8,0,5362,224,10000,0,62.393807,28.755217,41.52800000000003,28.755239114999995,62.393812284999974,22.80053988410765,-0.052941176,22.80060134678359,342.1087381627655,DJI_0056
00:00:40.104,401,1203,33,1.71855E+12,100,500,2.8,0,5362,224,10000,0,62.393812,28.755217,41.52700000000004,28.755238534999993,62.393814239999976,23.964716046237463,-0.109090909,23.964964343875778,342.3284170025844,DJI_0056
00:00:40.137,401.3333333,1204,33,1.71855E+12,100,500,2.8,0,5373,224,10000,0,62.393812,28.755217,41.52600000000003,28.755237954999995,62.39381619499998,23.96471617028998,-0.109090909,23.964964467927015,342.5480958435404,DJI_0056
00:00:40.170,401.6666667,1205,34,1.71855E+12,100,500,2.8,0,5373,224,10000,0,62.393812,28.755217,41.52500000000003,28.755237409999985,62.39381812999998,23.000834447019244,-0.105882353,23.00107816,342.7653282483457,DJI_0056
00:00:40.204,402,1206,33,1.71855E+12,100,500,2.8,0,5385,224,10000,0,62.393817,28.755216,41.52400000000002,28.75523687499999,62.39382009999998,24.112264565202878,-0.109090909,24.112511343466167,342.9863596023275,DJI_0056
00:00:40.237,402.3333333,1207,34,1.71855E+12,100,500,2.8,0,5385,224,10000,0,62.393817,28.755216,41.52300000000003,28.755236339999996,62.39382206999998,23.40308043807582,-0.105882353,23.403319958153617,343.20739095748786,DJI_0056
00:00:40.271,402.6666667,1208,33,1.71855E+12,100,500,2.8,0,5397,224,10000,0,62.393817,28.755216,41.52200000000003,28.755235839999997,62.393824014999964,23.786970783897445,-0.109090909,23.78722094,343.4254404827427,DJI_0056
00:00:40.304,403,1209,33,1.71855E+12,100,500,2.8,0,5397,224,10000,0,62.393821,28.755217,41.52100000000002,28.755235350000003,62.39382599999997,24.262926635124924,-0.109090909,24.263171881019613,343.64785289165206,DJI_0056
00:00:40.337,403.3333333,1210,34,1.71855E+12,100,500,2.8,0,5410,224,10000,0,62.393821,28.755217,41.52000000000002,28.75523486,62.39382798499997,23.549310980671663,-0.105882353,23.549549013453476,343.87026529900135,DJI_0056
00:00:40.371,403.6666667,1211,33,1.71855E+12,100,500,2.8,0,5410,224,10000,0,62.393821,28.755217,41.51900000000001,28.75523441,62.39382994499998,23.93945379154395,-0.109090909,23.939702351197155,344.0897126,DJI_0056
00:00:40.404,404,1212,33,1.71855E+12,100,500,2.8,0,5422,224,10000,0,62.393826,28.755216,41.51800000000002,28.75523396,62.39383193999997,24.356245607205917,-0.109090909,24.356489913470366,344.3129803947608,DJI_0056
00:00:40.437,404.3333333,1213,34,1.71855E+12,100,500,2.8,0,5422,224,10000,0,62.393826,28.755216,41.51700000000002,28.75523351499999,62.39383393499997,23.639885585524258,-0.105882353,23.64012270630891,344.5362482203204,DJI_0056
00:00:40.471,404.6666667,1214,33,1.71855E+12,100,500,2.8,0,5434,224,10000,0,62.393826,28.755216,41.51600000000001,28.75523310499999,62.39383590999995,24.09500981767533,-0.109090909,24.09525677265791,344.7571214074031,DJI_0056
00:00:40.504,405,1215,33,1.71855E+12,100,500,2.8,0,5434,224,10000,0,62.393831,28.755216,41.51500000000001,28.755232704999983,62.39383792499995,24.573361015546798,-0.109090909,24.57360316,344.9823794363999,DJI_0056
00:00:40.537,405.3333333,1216,34,1.71855E+12,100,500,2.8,0,5448,224,10000,0,62.393831,28.755216,41.514,28.755232304999986,62.39383993999994,23.85061508350048,-0.105882353,23.850850109251137,345.20763746520953,DJI_0056
00:00:40.571,405.6666667,1217,33,1.71855E+12,100,500,2.8,0,5448,224,10000,0,62.393831,28.755216,41.513000000000005,28.75523193999998,62.393841929999944,24.253580963354313,-0.109090909,24.25382630374904,345.4299642063272,DJI_0056
00:00:40.604,406,1218,34,1.71855E+12,100,500,2.8,0,5462,224,10000,0,62.393837,28.755216,41.512,28.75523158499998,62.393843959999955,24.00557752,-0.105882353,24.005811031531127,345.65668575495835,DJI_0056
00:00:40.638,406.3333333,1219,33,1.71855E+12,100,500,2.8,0,5462,224,10000,0,62.393837,28.755216,41.510999999999996,28.75523122999998,62.393845989999974,24.73301925221459,-0.109090909,24.733259836844475,345.8834073034628,DJI_0056
00:00:40.671,406.6666667,1220,33,1.71855E+12,100,500,2.8,0,5476,224,10000,0,62.393837,28.755216,41.50999999999999,28.755230904999976,62.39384799499998,24.417199573976717,-0.109090909,24.417443270372413,346.10723386677455,DJI_0056
00:00:40.704,407,1221,34,1.71855E+12,100,500,2.8,0,5476,224,10000,0,62.393842,28.755215,41.508999999999986,28.755230589999982,62.39385003499998,24.106484706006107,-0.105882353,24.106717237184554,346.33490841845907,DJI_0056
00:00:40.738,407.3333333,1222,33,1.71855E+12,100,500,2.8,0,5489,224,10000,0,62.393842,28.755215,41.50799999999998,28.75523027499998,62.39385207499998,24.83698423393772,-0.109090909,24.83722381,346.5625829700646,DJI_0056
00:00:40.771,407.6666667,1223,33,1.71855E+12,100,500,2.8,0,5489,224,10000,0,62.393842,28.755215,41.50699999999998,28.755229994999983,62.39385408999997,24.52072574270075,-0.109090909,24.52096841,346.7873585,DJI_0056
00:00:40.804,408,1224,34,1.71855E+12,100,500,2.8,0,5501,224,10000,0,62.393847,28.755215,41.50599999999998,28.75522972499998,62.39385613999997,24.20783801542217,-0.105882353,24.20806957304905,347.0159902820149,DJI_0056
00:00:40.838,408.3333333,1225,33,1.71855E+12,100,500,2.8,0,5501,224,10000,0,62.393847,28.755215,41.504999999999974,28.75522945499998,62.39385818999997,24.94140901007159,-0.109090909,24.941647584594865,347.2446220515404,DJI_0056
00:00:40.871,408.6666667,1226,34,1.71855E+12,100,500,2.8,0,5511,224,10000,0,62.393847,28.755215,41.504499999999965,28.755229219999983,62.393860209999964,23.843846808118123,-0.052941176,23.843905581451434,347.46981449314296,DJI_0056
00:00:40.905,409,1227,33,1.71855E+12,100,500,2.8,0,5511,224,10000,0,62.393853,28.755215,41.50399999999996,28.755228994999985,62.39386226499996,24.987905444795352,-0.054545455,24.98796497765764,347.6988708387715,DJI_0056
00:00:40.938,409.3333333,1228,33,1.71855E+12,100,500,2.8,0,5521,224,10000,0,62.393853,28.755215,41.50349999999996,28.755228769999984,62.39386431999996,24.987905440394865,-0.054545455,24.987964973257164,347.92792718435965,DJI_0056
00:00:40.971,409.6666667,1229,34,1.71855E+12,100,500,2.8,0,5521,224,10000,0,62.393853,28.755215,41.50299999999996,28.75522857999998,62.39386634999997,23.94963623236834,-0.052941176,23.94969474609095,348.1541187458505,DJI_0056
00:00:41.005,410,1230,33,1.71855E+12,100,500,2.8,0,5530,224,10000,0,62.393859,28.755214,41.502499999999955,28.755228399999986,62.39386840999997,25.037024359957716,-0.054545455,25.03708377602567,348.38362534713076,DJI_0056
00:00:41.038,410.3333333,1231,33,1.71855E+12,100,500,2.8,0,5530,224,10000,0,62.393859,28.755214,41.50199999999995,28.755228219999985,62.39387046999997,25.03702405,-0.054545455,25.03708346736238,348.6131319455816,DJI_0056
00:00:41.071,410.6666667,1232,34,1.71855E+12,100,500,2.8,0,5537,224,10000,0,62.393859,28.755214,41.50149999999995,28.755228074999977,62.39387249999997,23.940245822885196,-0.052941176,23.940304359559388,348.83923482008856,DJI_0056
00:00:41.105,411,1233,33,1.71855E+12,100,500,2.8,0,5537,224,10000,0,62.393864,28.755214,41.50099999999994,28.755227939999976,62.393874564999976,25.08874990018637,-0.054545455,25.08880919375635,349.06921557103135,DJI_0056
00:00:41.138,411.3333333,1234,33,1.71855E+12,100,500,2.8,0,5544,224,10000,0,62.393864,28.755214,41.50049999999994,28.755227804999976,62.39387662999999,25.08874989860088,-0.054545455,25.08880919217087,349.2991963219596,DJI_0056
00:00:41.171,411.6666667,1235,34,1.71855E+12,100,500,2.8,0,5544,224,10000,0,62.393864,28.755214,41.499999999999936,28.75522769999999,62.39387866499998,23.99293125166923,-0.052941176,23.992989659804635,349.5257967798577,DJI_0056
00:00:41.205,412,1236,33,1.71855E+12,100,500,2.8,0,5550,224,10000,0,62.39387,28.755213,41.499999999999936,28.755227604999977,62.393880739999986,25.20435509396722,0,25.20435509396722,349.7568367015524,DJI_0056
00:00:41.238,412.3333333,1237,34,1.71855E+12,100,500,2.8,0,5550,224,10000,0,62.39387,28.755213,41.499999999999936,28.755227509999976,62.39388281499999,24.463050380223734,0,24.463050380223734,349.9878766218101,DJI_0056
00:00:41.272,412.6666667,1238,33,1.71855E+12,100,500,2.8,0,5554,224,10000,0,62.39387,28.755213,41.50049999999994,28.75522744999997,62.393884859999986,24.836661678546513,0.054545454545714994,24.83672157393549,350.21554656957113,DJI_0056
00:00:41.305,413,1239,33,1.71855E+12,100,500,2.8,0,5554,224,10000,0,62.393876,28.755213,41.500999999999934,28.75522739999997,62.39388693999997,25.260971412534495,0.054545455,25.26103030186015,350.4471060140049,DJI_0056
00:00:41.338,413.3333333,1240,34,1.71855E+12,100,500,2.8,0,5558,224,10000,0,62.393876,28.755213,41.50149999999994,28.755227349999974,62.39388901999996,24.518001514951273,0.052941176,24.518058672238286,350.67866545702043,DJI_0056
00:00:41.372,413.6666667,1241,33,1.71855E+12,100,500,2.8,0,5558,224,10000,0,62.393876,28.755213,41.50199999999993,28.755227324999964,62.39389106999995,24.89548356036787,0.054545455,24.89554331423917,350.90687460406764,DJI_0056
00:00:41.405,414,1242,33,1.71855E+12,100,500,2.8,0,5564,224,10000,0,62.393883,28.755212,41.502499999999934,28.755227304999966,62.39389314999996,25.259655237738325,0.054545454545714994,25.259714130132448,351.13842198359384,DJI_0056
00:00:41.438,414.3333333,1243,34,1.71855E+12,100,500,2.8,0,5564,224,10000,0,62.393883,28.755212,41.502999999999936,28.75522728499996,62.39389522999996,24.516724201300466,0.052941176470841025,24.51678136156535,351.36996936311976,DJI_0056
00:00:41.472,414.6666667,1244,33,1.71855E+12,100,500,2.8,0,5569,224,10000,0,62.393883,28.755212,41.50349999999993,28.755227294999962,62.39389727999996,24.89514965309333,0.054545455,24.895209407766075,351.5981754493576,DJI_0056
00:00:41.505,415,1245,33,1.71855E+12,100,500,2.8,0,5569,224,10000,0,62.393888,28.755212,41.503999999999934,28.75522731499996,62.393899359999956,25.259655083138007,0.054545454545714994,25.259713975532485,351.82972282746664,DJI_0056
00:00:41.538,415.3333333,1246,34,1.71855E+12,100,500,2.8,0,5575,224,10000,0,62.393888,28.755212,41.504499999999936,28.755227334999958,62.393901439999965,24.51672435115196,0.052941176470841025,24.516781511416497,352.0612702084078,DJI_0056
00:00:41.572,415.6666667,1247,33,1.71855E+12,100,500,2.8,0,5575,224,10000,0,62.393888,28.755212,41.504999999999924,28.755227379999962,62.39390348999996,24.89637395596593,0.054545455,24.896433707700183,352.28948751739506,DJI_0056
00:00:41.605,416,1248,34,1.71855E+12,100,500,2.8,0,5580,224,10000,0,62.393895,28.755212,41.50549999999994,28.75522743499996,62.393905574999955,24.577250609402274,0.052941176472345704,24.577307628898872,352.52160653389024,DJI_0056
00:00:41.639,416.3333333,1249,33,1.71855E+12,100,500,2.8,0,5580,224,10000,0,62.393895,28.755212,41.50599999999993,28.755227489999967,62.39390765999995,25.322015625509593,0.054545455,25.322074372870077,352.7537255489749,DJI_0056
00:00:41.672,416.6666667,1250,33,1.71855E+12,100,500,2.8,0,5584,224,10000,0,62.393895,28.755212,41.50649999999993,28.75522756499997,62.39390971999995,25.02008556909308,0.054545454545714994,25.020145025386075,352.9830768783743,DJI_0056
00:00:41.705,417,1251,34,1.71855E+12,100,500,2.8,0,5584,224,10000,0,62.393901,28.755212,41.506999999999934,28.75522764499997,62.39391181499995,24.697148071097722,0.052941176470841025,24.69720481,353.2163282571711,DJI_0056
00:00:41.739,417.3333333,1252,33,1.71855E+12,100,500,2.8,0,5588,224,10000,0,62.393901,28.755212,41.50749999999993,28.755227724999962,62.39391390999995,25.445546341197307,0.054545455,25.445604803357124,353.4495796345352,DJI_0056
00:00:41.772,417.6666667,1253,33,1.71855E+12,100,500,2.8,0,5588,224,10000,0,62.393901,28.755212,41.50799999999994,28.755227824999956,62.39391597499996,25.083558617198715,0.054545455,25.08361792304004,353.67951279882976,DJI_0056
00:00:41.805,418,1254,34,1.71855E+12,100,500,2.8,0,5591,224,10000,0,62.393908,28.755213,41.508499999999934,28.75522793499995,62.39391806499997,24.641674046844635,0.052941176,24.641730917269236,353.91224025749284,DJI_0056
00:00:41.839,418.3333333,1255,33,1.71855E+12,100,500,2.8,0,5591,224,10000,0,62.393908,28.755213,41.50899999999993,28.75522804499995,62.393920154999975,25.388391287571544,0.054545455,25.388449881342705,354.14496771473847,DJI_0056
00:00:41.872,418.6666667,1256,33,1.71855E+12,100,500,2.8,0,5591,224,10000,0,62.393908,28.755213,41.50949999999993,28.755228179999946,62.393922209999985,24.96736659544068,0.054545454545714994,24.967426177276234,354.3738357880302,DJI_0056
00:00:41.905,419,1257,34,1.71855E+12,100,500,2.8,0,5591,224,10000,0,62.393915,28.755213,41.50999999999993,28.755228319999947,62.39392429499999,24.587307975672726,0.052941176,24.587364971845716,354.60604979054204,DJI_0056
00:00:41.939,419.3333333,1258,33,1.71855E+12,100,500,2.8,0,5593,224,10000,0,62.393915,28.755213,41.51049999999993,28.755228459999945,62.39392638,25.332378065934343,0.054545454545714994,25.332436789263742,354.8382637944436,DJI_0056
00:00:41.972,419.6666667,1259,34,1.71855E+12,100,500,2.8,0,5593,224,10000,0,62.393915,28.755213,41.51099999999993,28.755228619999944,62.39392844000001,24.296466784532647,0.052941176470841025,24.296524462977505,355.06773096992725,DJI_0056
00:00:42.006,420,1260,33,1.71855E+12,100,500,2.8,0,5593,224,10000,0,62.393922,28.755213,41.51199999999992,28.75522878499995,62.39393053,25.397822227958212,0.10909090908987971,25.398056515202384,355.3005464879833,DJI_0056
00:00:42.039,420.3333333,1261,33,1.71855E+12,100,500,2.8,0,5593,224,10000,0,62.393922,28.755213,41.51299999999994,28.75522894999995,62.393932619999994,25.397822377367547,0.10909090909298028,25.398056664610348,355.53336200740887,DJI_0056
00:00:42.072,420.6666667,1262,34,1.71855E+12,100,500,2.8,0,5591,224,10000,0,62.393922,28.755213,41.514499999999934,28.755229129999957,62.39393467999999,24.30064105695632,0.15882352941101838,24.30116007,355.7628729636148,DJI_0056
00:00:42.106,421,1263,33,1.71855E+12,100,500,2.8,0,5591,224,10000,0,62.393928,28.755214,41.515999999999934,28.75522931999996,62.39393676499998,25.34268878209761,0.16363636363636982,25.34321707,355.9951857867761,DJI_0056
00:00:42.139,421.3333333,1264,33,1.71855E+12,100,500,2.8,0,5589,224,10000,0,62.393928,28.755214,41.517499999999934,28.755229509999957,62.39393884999998,25.342688933318808,0.16363636363636982,25.34321722336104,356.2274986113236,DJI_0056
00:00:42.172,421.6666667,1265,34,1.71855E+12,100,500,2.8,0,5589,224,10000,0,62.393928,28.755214,41.51849999999993,28.755229714999956,62.39394090499998,24.247677156499993,0.1058823529409297,24.247908333679337,356.45650663447503,DJI_0056
00:00:42.206,422,1266,33,1.71855E+12,100,500,2.8,0,5587,224,10000,0,62.393935,28.755215,41.51949999999994,28.755229924999952,62.393942984999995,25.28703319455015,0.10909090909142999,25.287268508257814,356.6883065958007,DJI_0056
00:00:42.239,422.3333333,1267,33,1.71855E+12,100,500,2.8,0,5587,224,10000,0,62.393935,28.755215,41.52049999999994,28.755230134999955,62.39394507,25.28703334839099,0.10909090909142999,25.287268662097226,356.9201065585366,DJI_0056
00:00:42.272,422.6666667,1268,34,1.71855E+12,100,500,2.8,0,5584,224,10000,0,62.393935,28.755215,41.52149999999993,28.75523035999996,62.39394711500001,24.194108948407266,0.10588235294017737,24.19434063743141,357.1486086645568,DJI_0056
00:00:42.306,423,1269,33,1.71855E+12,100,500,2.8,0,5584,224,10000,0,62.393942,28.755216,41.52249999999994,28.75523058999996,62.393949190000015,25.231902838225523,0.10909090909142999,25.23213866607624,357.3799032689958,DJI_0056
00:00:42.339,423.3333333,1270,34,1.71855E+12,100,500,2.8,0,5582,224,10000,0,62.393942,28.755216,41.52349999999993,28.755230819999962,62.39395126500003,24.48978804,0.10588235294017737,24.49001693435841,357.61119787337583,DJI_0056
00:00:42.373,423.6666667,1271,33,1.71855E+12,100,500,2.8,0,5582,224,10000,0,62.393942,28.755216,41.52449999999993,28.75523105999996,62.393953315000026,24.931693844823734,0.10909090909142999,24.931932512311754,357.8397406,DJI_0056
00:00:42.406,424,1272,33,1.71855E+12,100,500,2.8,0,5580,224,10000,0,62.393949,28.755218,41.52549999999993,28.755231309999964,62.393955390000016,25.23792604921023,0.10909090909065484,25.23816182077947,358.07109040476246,DJI_0056
00:00:42.439,424.3333333,1273,34,1.71855E+12,100,500,2.8,0,5580,224,10000,0,62.393949,28.755218,41.526499999999935,28.755231559999967,62.39395746500002,24.49563440075633,0.10588235294168205,24.49586323786491,358.3024402242312,DJI_0056
00:00:42.473,424.6666667,1274,33,1.71855E+12,100,500,2.8,0,5577,224,10000,0,62.393949,28.755218,41.527499999999925,28.75523181999997,62.39395951500003,24.93804384603418,0.10909090908987971,24.938282452750617,358.53104114671476,DJI_0056
00:00:42.506,425,1275,33,1.71855E+12,100,500,2.8,0,5577,224,10000,0,62.393957,28.755219,41.52849999999993,28.75523208499997,62.393961590000025,25.242772206065517,0.10909090909142999,25.24300793237129,358.7624353860948,DJI_0056
00:00:42.539,425.3333333,1276,34,1.71855E+12,100,500,2.8,0,5575,224,10000,0,62.393957,28.755219,41.52949999999993,28.755232349999968,62.39396366500003,24.500337869081548,0.1058823529409297,24.50056666225938,358.9938296267939,DJI_0056
00:00:42.573,425.6666667,1277,33,1.71855E+12,100,500,2.8,0,5575,224,10000,0,62.393957,28.755219,41.53049999999993,28.755232619999965,62.39396571500003,24.94140867789492,0.10909090909142999,24.94164725242137,359.22246139327444,DJI_0056
00:00:42.606,426,1278,33,1.71855E+12,100,500,2.8,0,5572,224,10000,0,62.393964,28.755221,41.53199999999993,28.755232894999963,62.393967785000044,25.185554059834004,0.16363636363636982,25.18608564585464,359.4533338450281,DJI_0056
00:00:42.639,426.3333333,1279,34,1.71855E+12,100,500,2.8,0,5572,224,10000,0,62.393964,28.755221,41.53349999999994,28.755233169999965,62.393969855000044,24.44480246346254,0.15882352941252306,24.44531841460036,359.6842062967216,DJI_0056
00:00:42.673,426.6666667,1280,33,1.71855E+12,100,500,2.8,0,5569,224,10000,0,62.393964,28.755221,41.53499999999995,28.755233449999963,62.39397190000004,24.884301710435032,0.16363636363714498,24.88483973176167,359.91231732759604,DJI_0056
00:00:42.706,427,1281,34,1.71855E+12,100,500,2.8,0,5569,224,10000,0,62.39397,28.755222,41.53649999999994,28.755233739999966,62.393973970000054,24.449973262315375,0.15882352941101838,24.45048910433964,360.14323861358145,DJI_0056
00:00:42.740,427.3333333,1282,33,1.71855E+12,100,500,2.8,0,5564,224,10000,0,62.39397,28.755222,41.53799999999994,28.755234029999965,62.393976040000055,25.19088138383297,0.16363636363636982,25.191412857437086,360.37415989810796,DJI_0056
00:00:42.773,427.6666667,1283,33,1.71855E+12,100,500,2.8,0,5564,224,10000,0,62.39397,28.755222,41.53949999999995,28.755234324999968,62.393978085000064,24.889789251936666,0.16363636363714498,24.890327154646364,360.6023212303589,DJI_0056
00:00:42.806,428,1284,34,1.71855E+12,100,500,2.8,0,5562,224,10000,0,62.393978,28.755224,41.54099999999994,28.75523462499997,62.39398015000006,24.394771142499298,0.15882352941101838,24.395288151780687,360.8327211740146,DJI_0056
00:00:42.840,428.3333333,1285,33,1.71855E+12,100,500,2.8,0,5562,224,10000,0,62.393978,28.755224,41.54249999999995,28.75523492499997,62.39398221500006,25.134006619041745,0.16363636363714498,25.13453929527133,361.06312111755454,DJI_0056
00:00:42.873,428.6666667,1286,33,1.71855E+12,100,500,2.8,0,5557,224,10000,0,62.393978,28.755224,41.54349999999994,28.755235229999975,62.39398425500005,24.833030689861946,0.10909090908987971,24.833270305581408,361.29075942868906,DJI_0056
00:00:42.906,429,1287,34,1.71855E+12,100,500,2.8,0,5557,224,10000,0,62.393986,28.755225,41.54449999999994,28.755235539999976,62.39398632000004,24.398500472018696,0.10588235294168205,24.39873022015205,361.5211918807683,DJI_0056
00:00:42.940,429.3333333,1288,33,1.71855E+12,100,500,2.8,0,5553,224,10000,0,62.393986,28.755225,41.54549999999995,28.755235849999973,62.39398838500003,25.137849116952353,0.10909090909142999,25.13808582714898,361.7516243341838,DJI_0056
00:00:42.973,429.6666667,1289,33,1.71855E+12,100,500,2.8,0,5553,224,10000,0,62.393986,28.755225,41.546499999999945,28.75523616499997,62.39399042500003,24.83698364974728,0.10909090909065484,24.837223227330785,361.9792988804343,DJI_0056
00:00:43.006,430,1290,34,1.71855E+12,100,500,2.8,0,5551,224,10000,0,62.393993,28.755227,41.54749999999994,28.75523648499997,62.39399248000004,24.284788480645975,0.1058823529409297,24.285019304550275,362.2086573960884,DJI_0056
00:00:43.040,430.3333333,1291,33,1.71855E+12,100,500,2.8,0,5551,224,10000,0,62.393993,28.755227,41.54849999999994,28.75523680499997,62.393994535000026,25.02069069327293,0.10909090909065484,25.020928511845455,362.4380159,DJI_0056
00:00:43.073,430.6666667,1292,34,1.71855E+12,100,500,2.8,0,5548,224,10000,0,62.393993,28.755227,41.549499999999945,28.755237124999972,62.39399656500004,23.990892609181373,0.10588235294168205,23.99112626072269,362.66459876657603,DJI_0056
00:00:43.107,431,1293,33,1.71855E+12,100,500,2.8,0,5548,224,10000,0,62.394,28.755229,41.55049999999995,28.755237454999975,62.39399862000004,25.024803988092327,0.10909090909142999,25.025041767575296,362.8939949827788,DJI_0056
00:00:43.140,431.3333333,1294,33,1.71855E+12,100,500,2.8,0,5546,224,10000,0,62.394,28.755229,41.55149999999994,28.755237784999977,62.39400067500004,25.024803978640385,0.10909090908987971,25.025041758123436,363.1233911988949,DJI_0056
00:00:43.173,431.6666667,1295,34,1.71855E+12,100,500,2.8,0,5546,224,10000,0,62.394,28.755229,41.55299999999995,28.755238114999976,62.39400270500004,23.994933508391398,0.15882352941252306,23.99545913262798,363.35001497959195,DJI_0056
00:00:43.207,432,1296,33,1.71855E+12,100,500,2.8,0,5544,224,10000,0,62.394008,28.755231,41.55449999999994,28.755238449999975,62.39400476000004,25.026907502155005,0.1636363636355947,25.02744245784867,363.57943320212223,DJI_0056
00:00:43.240,432.3333333,1297,33,1.71855E+12,100,500,2.8,0,5544,224,10000,0,62.394008,28.755231,41.55599999999995,28.755238784999975,62.39400681500003,25.02690764647427,0.16363636363714498,25.027442602164857,363.80885142597543,DJI_0056
00:00:43.273,432.6666667,1298,34,1.71855E+12,100,500,2.8,0,5542,224,10000,0,62.394008,28.755231,41.55749999999995,28.755239119999978,62.394008850000034,24.055762832147767,0.15882352941177072,24.05628712727791,364.0360496932886,DJI_0056
00:00:43.307,433,1299,33,1.71855E+12,100,500,2.8,0,5542,224,10000,0,62.394015,28.755233,41.55899999999995,28.75523946499998,62.394010910000034,25.091746597926228,0.16363636363636982,25.09228017,364.26606226152535,DJI_0056
00:00:43.340,433.3333333,1300,33,1.71855E+12,100,500,2.8,0,5540,224,10000,0,62.394015,28.755233,41.56049999999995,28.75523980999998,62.39401297000004,25.091746736093352,0.16363636363636982,25.092280309444888,364.4960748310286,DJI_0056
00:00:43.373,433.6666667,1301,34,1.71855E+12,100,500,2.8,0,5540,224,10000,0,62.394015,28.755233,41.561999999999955,28.755240159999982,62.394015005000036,24.062133038831714,0.15882352941252306,24.062657195163048,364.7233333,DJI_0056
00:00:43.407,434,1302,33,1.71855E+12,100,500,2.8,0,5538,224,10000,0,62.394023,28.755235,41.56349999999995,28.755240514999983,62.39401706000003,25.035636837770618,0.1636363636355947,25.036171606941846,364.9528314998243,DJI_0056
00:00:43.440,434.3333333,1303,34,1.71855E+12,100,500,2.8,0,5538,224,10000,0,62.394023,28.755235,41.564999999999955,28.755240869999987,62.39401911500003,24.29929441774849,0.15882352941252306,24.299813458418114,365.1823297380427,DJI_0056
00:00:43.474,434.6666667,1304,33,1.71855E+12,100,500,2.8,0,5536,224,10000,0,62.394023,28.755235,41.565999999999946,28.755241224999995,62.394021145000025,24.733018006699705,0.10909090908987971,24.73325859,365.4090513,DJI_0056
00:00:43.507,435,1305,33,1.71855E+12,100,500,2.8,0,5536,224,10000,0,62.39403,28.755237,41.56699999999995,28.75524158499999,62.39402320000002,25.037897685577125,0.10909090909142999,25.038135340713268,365.6385675157532,DJI_0056
00:00:43.540,435.3333333,1306,34,1.71855E+12,100,500,2.8,0,5535,224,10000,0,62.39403,28.755237,41.567999999999955,28.755241944999987,62.39402525500002,24.301488766933588,0.10588235294168205,24.301719432214338,365.86808375483525,DJI_0056
00:00:43.574,435.6666667,1307,33,1.71855E+12,100,500,2.8,0,5535,224,10000,0,62.39403,28.755237,41.56899999999996,28.755242309999986,62.394027285000014,24.737626996309384,0.10909090909142999,24.737867536127307,366.0948475405831,DJI_0056
00:00:43.607,436,1308,33,1.71855E+12,100,500,2.8,0,5534,224,10000,0,62.394038,28.755239,41.56949999999996,28.755242684999985,62.39402934,25.04486842456979,0.054545454545714994,25.044927822028644,366.32442604561834,DJI_0056
00:00:43.640,436.3333333,1309,34,1.71855E+12,100,500,2.8,0,5534,224,10000,0,62.394038,28.755239,41.569999999999965,28.755243059999987,62.39403139500001,24.308255086728806,0.052941176470841025,24.308312737202534,366.55400455480304,DJI_0056
00:00:43.674,436.6666667,1310,33,1.71855E+12,100,500,2.8,0,5534,224,10000,0,62.394038,28.755239,41.57049999999997,28.755243429999986,62.39403343000001,24.800483720279328,0.054545454545714994,24.8005437,366.7813428720809,DJI_0056
00:00:43.707,437,1311,34,1.71855E+12,100,500,2.8,0,5534,224,10000,0,62.394045,28.755241,41.57099999999997,28.755243809999993,62.394035490000014,24.36929036637519,0.052941176470841025,24.369347872457993,367.0114978242097,DJI_0056
00:00:43.741,437.3333333,1312,33,1.71855E+12,100,500,2.8,0,5534,224,10000,0,62.394045,28.755241,41.57149999999997,28.755244189999996,62.39403755000002,25.107753849176497,0.054545454545714994,25.107813097867542,367.2416527776068,DJI_0056
00:00:43.774,437.6666667,1313,33,1.71855E+12,100,500,2.8,0,5534,224,10000,0,62.394045,28.755241,41.57199999999998,28.755244574999995,62.39403958500003,24.807713105577992,0.054545455,24.80777307085982,367.4690573640897,DJI_0056
00:00:43.807,438,1314,34,1.71855E+12,100,500,2.8,0,5534,224,10000,0,62.394053,28.755243,41.572999999999986,28.755244964999996,62.39404164500004,24.374003017799545,0.10588235294168205,24.374232996842505,367.6992584535043,DJI_0056
00:00:43.841,438.3333333,1315,33,1.71855E+12,100,500,2.8,0,5534,224,10000,0,62.394053,28.755243,41.573999999999984,28.755245354999996,62.39404370500004,25.112609005888324,0.10909090909065484,25.112845953994732,367.9294595414159,DJI_0056
00:00:43.874,438.6666667,1316,33,1.71855E+12,100,500,2.8,0,5535,224,10000,0,62.394053,28.755243,41.575,28.755245744999993,62.39404574000004,24.810186171284908,0.10909090909298028,24.810426007633637,368.1568884464859,DJI_0056
00:00:43.907,439,1317,34,1.71855E+12,100,500,2.8,0,5535,224,10000,0,62.394061,28.755245,41.57549999999999,28.755246144999997,62.394047805000035,24.437533942889765,0.052941176,24.43759128838305,368.3876879,DJI_0056
00:00:43.941,439.3333333,1318,33,1.71855E+12,100,500,2.8,0,5536,224,10000,0,62.394061,28.755245,41.57599999999999,28.755246544999995,62.394049870000025,25.17806541130176,0.054545454545714994,25.17812449453695,368.61848739429826,DJI_0056
00:00:43.974,439.6666667,1319,33,1.71855E+12,100,500,2.8,0,5536,224,10000,0,62.394061,28.755245,41.57599999999999,28.75524695,62.394051905000026,24.815227314498383,0,24.815227314498383,368.8459603113478,DJI_0056
00:00:44.007,440,1320,34,1.71855E+12,100,500,2.8,0,5538,224,10000,0,62.394068,28.755247,41.576499999999996,28.75524736,62.39405396500002,24.383792025057154,0.052941176470841025,24.38384949693971,369.07625222326334,DJI_0056
00:00:44.041,440.3333333,1321,33,1.71855E+12,100,500,2.8,0,5538,224,10000,0,62.394068,28.755247,41.577000000000005,28.75524777,62.39405602500002,25.122694949684117,0.054545455,25.122754163138552,369.30654413642543,DJI_0056
00:00:44.074,440.6666667,1322,34,1.71855E+12,100,500,2.8,0,5540,224,10000,0,62.394068,28.755247,41.57750000000001,28.755248180000002,62.39405806000001,24.09293715,0.052941176470841025,24.092995320096225,369.53408909222634,DJI_0056
00:00:44.108,441,1323,33,1.71855E+12,100,500,2.8,0,5540,224,10000,0,62.394075,28.755249,41.57750000000001,28.755248605000002,62.39406012500002,25.19103232273489,0,25.19103232273489,369.7650068885181,DJI_0056
00:00:44.141,441.3333333,1324,33,1.71855E+12,100,500,2.8,0,5540,224,10000,0,62.394075,28.755249,41.57750000000001,28.75524903,62.39406219000001,25.1910323,0,25.1910323,369.9959246846352,DJI_0056
00:00:44.174,441.6666667,1325,34,1.71855E+12,100,500,2.8,0,5540,224,10000,0,62.394075,28.755249,41.57750000000001,28.755249454999998,62.39406423,24.15679740039967,0,24.15679740039967,370.2240722,DJI_0056
00:00:44.208,442,1326,33,1.71855E+12,100,500,2.8,0,5539,224,10000,0,62.394082,28.755251,41.57750000000001,28.755249889999995,62.394066294999995,25.196437136093753,0,25.196437136093753,370.4550395560532,DJI_0056
00:00:44.241,442.3333333,1327,33,1.71855E+12,100,500,2.8,0,5539,224,10000,0,62.394082,28.755251,41.577500000000015,28.75525033,62.394068359999984,25.196436969413178,7.751375299201093e-13,25.196436969413178,370.68600689493945,DJI_0056
00:00:44.274,442.6666667,1328,34,1.71855E+12,100,500,2.8,0,5539,224,10000,0,62.394082,28.755251,41.57700000000002,28.75525076,62.39407039499997,24.103459574631067,-0.052941176,24.103517714931982,370.9136512289138,DJI_0056
00:00:44.308,443,1329,33,1.71855E+12,100,500,2.8,0,5539,224,10000,0,62.394088,28.755253,41.576500000000024,28.75525121,62.39407246499998,25.26238635989299,-0.054545455,25.26244524592025,371.1452236436681,DJI_0056
00:00:44.341,443.3333333,1330,33,1.71855E+12,100,500,2.8,0,5537,224,10000,0,62.394088,28.755253,41.57600000000003,28.75525165,62.39407453499997,25.26238634274286,-0.054545455,25.26244522877017,371.37679605826514,DJI_0056
00:00:44.374,443.6666667,1331,34,1.71855E+12,100,500,2.8,0,5537,224,10000,0,62.394088,28.755253,41.57550000000003,28.755252100000003,62.39407657499997,24.17030063526016,-0.052941176,24.170358614779047,371.60507166740473,DJI_0056
00:00:44.408,444,1332,33,1.71855E+12,100,500,2.8,0,5535,224,10000,0,62.394095,28.755255,41.57500000000004,28.75525256,62.39407864499998,25.270893350729022,-0.054545455,25.27095221693341,371.8367220627266,DJI_0056
00:00:44.441,444.3333333,1333,34,1.71855E+12,100,500,2.8,0,5535,224,10000,0,62.394095,28.755255,41.57450000000004,28.75525302,62.39408071499998,24.527631618202907,-0.052941176,24.52768875304873,372.0683724565054,DJI_0056
00:00:44.475,444.6666667,1334,33,1.71855E+12,100,500,2.8,0,5534,224,10000,0,62.394095,28.755255,41.57400000000004,28.75525348,62.39408275999998,24.968910890627416,-0.054545455,24.968970468777925,372.29725468580256,DJI_0056
00:00:44.508,445,1335,33,1.71855E+12,100,500,2.8,0,5534,224,10000,0,62.394103,28.755257,41.57350000000005,28.755253949999997,62.39408483499997,25.337106732954894,-0.054545455,25.337165445324775,372.529512,DJI_0056
00:00:44.541,445.3333333,1336,34,1.71855E+12,100,500,2.8,0,5533,224,10000,0,62.394103,28.755257,41.57300000000005,28.755254419999996,62.39408690999998,24.591897547330994,-0.052941176,24.591954532866847,372.7617694,DJI_0056
00:00:44.575,445.6666667,1337,33,1.71855E+12,100,500,2.8,0,5533,224,10000,0,62.394103,28.755257,41.572500000000055,28.755254894999997,62.39408895499997,24.977802932635775,-0.054545455,24.97786248957664,372.9907331235718,DJI_0056
00:00:44.608,446,1338,33,1.71855E+12,100,500,2.8,0,5531,224,10000,0,62.39411,28.755259,41.57150000000005,28.755255379999998,62.39409102999997,25.346057011105483,-0.109090909,25.34629177683899,373.2230741315261,DJI_0056
00:00:44.641,446.3333333,1339,34,1.71855E+12,100,500,2.8,0,5531,224,10000,0,62.39411,28.755259,41.57050000000006,28.755255864999995,62.39409310499997,24.60058442441284,-0.105882353,24.600812285274806,373.4554151364426,DJI_0056
00:00:44.675,446.6666667,1340,33,1.71855E+12,100,500,2.8,0,5530,224,10000,0,62.39411,28.755259,41.569500000000055,28.755256359999997,62.39409518499997,25.41253132732182,-0.109090909,25.412765478958786,373.6883654866664,DJI_0056
00:00:44.708,447,1341,33,1.71855E+12,100,500,2.8,0,5530,224,10000,0,62.394116,28.75526,41.56850000000006,28.75525686,62.394097264999964,25.412531002914474,-0.109090909,25.412765154554425,373.9213158339165,DJI_0056
00:00:44.741,447.3333333,1342,34,1.71855E+12,100,500,2.8,0,5529,224,10000,0,62.394116,28.75526,41.56750000000005,28.75525735,62.39409934499996,24.66510359990213,-0.105882353,24.665330864729334,374.1542661809723,DJI_0056
00:00:44.775,447.6666667,1343,33,1.71855E+12,100,500,2.8,0,5529,224,10000,0,62.394116,28.75526,41.56650000000006,28.755257864999997,62.39410141999995,25.364790647651606,-0.109090909,25.365025239996122,374.3867789123389,DJI_0056
00:00:44.808,448,1344,34,1.71855E+12,100,500,2.8,0,5528,224,10000,0,62.394122,28.755262,41.56550000000006,28.75525838,62.39410349499994,24.618767226048632,-0.105882353,24.618994918619865,374.61929164212586,DJI_0056
00:00:44.842,448.3333333,1345,33,1.71855E+12,100,500,2.8,0,5528,224,10000,0,62.394122,28.755262,41.56450000000006,28.755258895000008,62.39410556999993,25.36479061405631,-0.109090909,25.365025206401143,374.85180437318456,DJI_0056
00:00:44.875,448.6666667,1346,33,1.71855E+12,100,500,2.8,0,5527,224,10000,0,62.394122,28.755262,41.56350000000006,28.755259420000005,62.39410764999992,25.431589371621573,-0.109090909,25.431823347790488,375.0849294205393,DJI_0056
00:00:44.908,449,1347,34,1.71855E+12,100,500,2.8,0,5527,224,10000,0,62.394129,28.755264,41.56250000000006,28.755259945000013,62.39410972999992,24.68360158281192,-0.105882353,24.68382867732759,375.31805446915854,DJI_0056
00:00:44.942,449.3333333,1348,33,1.71855E+12,100,500,2.8,0,5525,224,10000,0,62.394129,28.755264,41.56150000000006,28.75526047000001,62.39411180999992,25.43158947742054,-0.109090909,25.43182345358849,375.5511795174831,DJI_0056
00:00:44.975,449.6666667,1349,33,1.71855E+12,100,500,2.8,0,5525,224,10000,0,62.394129,28.755264,41.560500000000054,28.75526099500001,62.39411385499992,25.00947794083023,-0.109090909,25.009715866025356,375.78043524625497,DJI_0056
00:00:45.008,450,1350,34,1.71855E+12,100,500,2.8,0,5524,224,10000,0,62.394136,28.755265,41.55900000000006,28.755261530000016,62.39411592999991,24.631487126199076,-0.158823529,24.631999166969894,376.01307079394303,DJI_0056
00:00:45.042,450.3333333,1351,33,1.71855E+12,100,500,2.8,0,5524,224,10000,0,62.394136,28.755265,41.557500000000054,28.755262065000014,62.39411800499992,25.37789610907127,-0.163636364,25.378423666223224,376.2457063442167,DJI_0056
00:00:45.075,450.6666667,1352,33,1.71855E+12,100,500,2.8,0,5526,224,10000,0,62.394136,28.755265,41.55600000000006,28.755262610000013,62.39412008499991,25.444909216996685,-0.163636364,25.44543538477396,376.47895616857716,DJI_0056
00:00:45.108,451,1353,34,1.71855E+12,100,500,2.8,0,5526,224,10000,0,62.394141,28.755267,41.554500000000054,28.75526315500001,62.39412216499993,24.696529806956956,-0.158823529,24.697040499205738,376.7122059955141,DJI_0056
00:00:45.142,451.3333333,1354,33,1.71855E+12,100,500,2.8,0,5530,224,10000,0,62.394141,28.755267,41.55300000000005,28.755263700000004,62.39412424499993,25.44490931904237,-0.163636364,25.445435486817544,376.94545582080997,DJI_0056
00:00:45.175,451.6666667,1355,34,1.71855E+12,100,500,2.8,0,5530,224,10000,0,62.394141,28.755267,41.551500000000054,28.755264240000006,62.39412628999993,24.283719096841416,-0.158823529,24.284238470411115,377.1748069619194,DJI_0056
00:00:45.209,452,1356,33,1.71855E+12,100,500,2.8,0,5531,224,10000,0,62.394147,28.755268,41.55000000000005,28.75526479000001,62.39412836999995,25.44831626010594,-0.163636364,25.448842357440878,377.4080880168626,DJI_0056
00:00:45.242,452.3333333,1357,33,1.71855E+12,100,500,2.8,0,5531,224,10000,0,62.394147,28.755268,41.54850000000005,28.755265340000008,62.394130449999956,25.448315765213284,-0.163636364,25.448841862558442,377.6413690672694,DJI_0056
00:00:45.275,452.6666667,1358,34,1.71855E+12,100,500,2.8,0,5531,224,10000,0,62.394147,28.755268,41.54700000000005,28.755265905000016,62.39413252999995,24.7099339,-0.158823529,24.710444315949264,377.87474548580894,DJI_0056
00:00:45.309,453,1359,33,1.71855E+12,100,500,2.8,0,5531,224,10000,0,62.394153,28.755269,41.54550000000004,28.75526647000001,62.39413460999995,25.45871974446671,-0.163636364,25.45924562682098,378.1081219040548,DJI_0056
00:00:45.342,453.3333333,1360,33,1.71855E+12,100,500,2.8,0,5531,224,10000,0,62.394153,28.755269,41.54400000000004,28.755267035000017,62.394136689999954,25.45871972137112,-0.163636364,25.45924560372587,378.34149832208897,DJI_0056
00:00:45.375,453.6666667,1361,34,1.71855E+12,100,500,2.8,0,5531,224,10000,0,62.394153,28.755269,41.54250000000004,28.75526760000001,62.39413873499994,24.300680994205877,-0.158823529,24.301200005260103,378.5710097,DJI_0056
00:00:45.409,454,1362,33,1.71855E+12,100,500,2.8,0,5531,224,10000,0,62.394158,28.755271,41.54050000000003,28.755268170000008,62.394140809999946,25.402014040313585,-0.218181818,25.402951021683958,378.8038700398374,DJI_0056
00:00:45.442,454.3333333,1363,33,1.71855E+12,100,500,2.8,0,5529,224,10000,0,62.394158,28.755271,41.53850000000002,28.75526874000001,62.394142884999944,25.402013863521287,-0.218181818,25.402950844898182,379.0367304225823,DJI_0056
00:00:45.475,454.6666667,1364,34,1.71855E+12,100,500,2.8,0,5529,224,10000,0,62.394158,28.755271,41.53700000000001,28.75526930500001,62.39414492999994,24.300681066328753,-0.158823529,24.30120007738144,379.2662417566465,DJI_0056
00:00:45.509,455,1365,33,1.71855E+12,100,500,2.8,0,5529,224,10000,0,62.394163,28.755272,41.53600000000002,28.75526988500001,62.394147004999944,25.409181080583338,-0.109090909,25.409415263093333,379.4991613965582,DJI_0056
00:00:45.542,455.3333333,1366,34,1.71855E+12,100,500,2.8,0,5529,224,10000,0,62.394163,28.755272,41.53500000000002,28.755270465000013,62.394149079999934,24.66185205284148,-0.105882353,24.662079347632183,379.73208103484137,DJI_0056
00:00:45.576,455.6666667,1367,33,1.71855E+12,100,500,2.8,0,5528,224,10000,0,62.394163,28.755272,41.533500000000025,28.755271050000005,62.39415115999995,25.473019838613087,-0.163636364,25.473545425752576,379.9655885345774,DJI_0056
00:00:45.609,456,1368,33,1.71855E+12,100,500,2.8,0,5528,224,10000,0,62.394168,28.755273,41.53200000000002,28.755271635000003,62.39415323999995,25.47301996227983,-0.163636364,25.473545549416773,380.1990960354471,DJI_0056
00:00:45.642,456.3333333,1369,34,1.71855E+12,100,500,2.8,0,5527,224,10000,0,62.394168,28.755273,41.53050000000001,28.755272220000002,62.39415531999996,24.72381331992782,-0.158823529,24.724323448623128,380.4326035346841,DJI_0056
00:00:45.676,456.6666667,1370,33,1.71855E+12,100,500,2.8,0,5527,224,10000,0,62.394168,28.755273,41.529,28.755272810000005,62.39415739499996,25.416470472606434,-0.163636364,25.416997229105938,380.6655926759509,DJI_0056
00:00:45.709,457,1371,33,1.71855E+12,100,500,2.8,0,5528,224,10000,0,62.394173,28.755275,41.52750000000001,28.755273400000007,62.394159469999956,25.41647044724539,-0.163636364,25.416997203745414,380.89858181698526,DJI_0056
00:00:45.742,457.3333333,1372,34,1.71855E+12,100,500,2.8,0,5528,224,10000,0,62.394173,28.755275,41.526,28.755273990000013,62.39416154499997,24.668927466981284,-0.158823529,24.669438730637523,381.1315709605524,DJI_0056
00:00:45.776,457.6666667,1373,33,1.71855E+12,100,500,2.8,0,5527,224,10000,0,62.394173,28.755275,41.524499999999996,28.755274585000006,62.39416361999997,25.420161308513148,-0.163636364,25.420687988532748,381.3645939337806,DJI_0056
00:00:45.809,458,1374,33,1.71855E+12,100,500,2.8,0,5527,224,10000,0,62.394178,28.755276,41.523,28.75527518,62.39416569499998,25.420161273254315,-0.163636364,25.42068795327464,381.59761690668563,DJI_0056
00:00:45.842,458.3333333,1375,34,1.71855E+12,100,500,2.8,0,5527,224,10000,0,62.394178,28.755276,41.521499999999996,28.75527578,62.394167769999974,24.672509301959437,-0.158823529,24.67302049139444,381.83063987799324,DJI_0056
00:00:45.876,458.6666667,1376,33,1.71855E+12,100,500,2.8,0,5527,224,10000,0,62.394178,28.755276,41.521,28.755276374999998,62.39416983999999,25.363702174689838,-0.054545455,25.363760825496236,382.06314101889365,DJI_0056
00:00:45.909,459,1377,34,1.71855E+12,100,500,2.8,0,5528,224,10000,0,62.394182,28.755277,41.5205,28.755276974999997,62.39417191,24.617710760123348,-0.052941176,24.617767685906433,382.2956421581494,DJI_0056
00:00:45.943,459.3333333,1378,33,1.71855E+12,100,500,2.8,0,5528,224,10000,0,62.394182,28.755277,41.52,28.75527758,62.39417398,25.36370181586737,-0.054545455,25.36376047,382.5281432957606,DJI_0056
00:00:45.976,459.6666667,1379,33,1.71855E+12,100,500,2.8,0,5531,224,10000,0,62.394182,28.755277,41.5195,28.755278174999997,62.394176044999995,25.303523632863357,-0.054545455,25.303582423156726,382.7600928013062,DJI_0056
00:00:46.009,460,1380,34,1.71855E+12,100,500,2.8,0,5531,224,10000,0,62.394187,28.755279,41.519,28.755278774999997,62.39417810999999,24.559302468017865,-0.052941176,24.559359529184686,382.99204230797073,DJI_0056
00:00:46.043,460.3333333,1381,33,1.71855E+12,100,500,2.8,0,5531,224,10000,0,62.394187,28.755279,41.518499999999996,28.75527938,62.39418018,25.303523876991648,-0.054545455,25.303582667284452,383.2239918157542,DJI_0056
00:00:46.076,460.6666667,1382,33,1.71855E+12,100,500,2.8,0,5534,224,10000,0,62.394187,28.755279,41.51749999999999,28.75527998,62.394182244999996,25.36746255405357,-0.109090909,25.367697121689158,383.4565290393697,DJI_0056
00:00:46.109,461,1383,34,1.71855E+12,100,500,2.8,0,5534,224,10000,0,62.394191,28.75528,41.516499999999986,28.755280584999994,62.394184314999976,24.621360525665477,-0.105882353,24.621588194254702,383.6890662612043,DJI_0056
00:00:46.143,461.3333333,1384,33,1.71855E+12,100,500,2.8,0,5539,224,10000,0,62.394191,28.75528,41.51549999999998,28.75528119,62.39418638499997,25.367462342620478,-0.109090909,25.367696910258022,383.92160348288166,DJI_0056
00:00:46.176,461.6666667,1385,33,1.71855E+12,100,500,2.8,0,5539,224,10000,0,62.394191,28.75528,41.51449999999998,28.7552818,62.394188449999966,25.311093922644975,-0.109090909,25.311329012665492,384.1536239988311,DJI_0056
00:00:46.209,462,1386,34,1.71855E+12,100,500,2.8,0,5545,224,10000,0,62.394196,28.755281,41.513499999999986,28.75528241,62.39419051499997,24.566650105881408,-0.105882353,24.566878281488414,384.3856445159341,DJI_0056
00:00:46.243,462.3333333,1387,33,1.71855E+12,100,500,2.8,0,5545,224,10000,0,62.394196,28.755281,41.51249999999998,28.75528302,62.394192579999974,25.31109386332711,-0.109090909,25.311328953348173,384.61766503133975,DJI_0056
00:00:46.276,462.6666667,1388,34,1.71855E+12,100,500,2.8,0,5551,224,10000,0,62.394196,28.755281,41.51149999999998,28.75528363499999,62.39419463999997,24.51198925997471,-0.105882353,24.512217944400298,384.8491693119258,DJI_0056
00:00:46.310,463,1389,33,1.71855E+12,100,500,2.8,0,5551,224,10000,0,62.394199,28.755282,41.510499999999986,28.755284249999992,62.39419669999997,25.254776785604623,-0.109090909,25.255012399861545,385.0806735922578,DJI_0056
00:00:46.343,463.3333333,1390,33,1.71855E+12,100,400,2.8,0,5559,224,10000,0,62.394199,28.755282,41.50949999999998,28.75528486499999,62.39419875999997,25.25477675299663,-0.109090909,25.25501236725386,385.3121779,DJI_0056
00:00:46.376,463.6666667,1391,34,1.71855E+12,100,400,2.8,0,5559,224,10000,0,62.394199,28.755282,41.508499999999984,28.755285479999994,62.39420081499998,24.45361266734506,-0.105882353,24.453841897689678,385.54313082354696,DJI_0056
00:00:46.410,464,1392,33,1.71855E+12,100,400,2.8,0,5559,224,10000,0,62.394204,28.755284,41.50749999999998,28.755286094999995,62.39420286999999,25.19463120041569,-0.109090909,25.19486737713469,385.77408377450405,DJI_0056
00:00:46.443,464.3333333,1393,33,1.71855E+12,100,400,2.8,0,5566,224,10000,0,62.394204,28.755284,41.50649999999999,28.75528671,62.39420493,25.194631320842593,-0.109090909,25.194867497560466,386.00503672656504,DJI_0056
00:00:46.476,464.6666667,1394,34,1.71855E+12,100,400,2.8,0,5566,224,10000,0,62.394204,28.755284,41.505499999999984,28.755287329999998,62.39420697999999,24.457378633309943,-0.105882353,24.457607828357833,386.23602524494396,DJI_0056
00:00:46.510,465,1395,33,1.71855E+12,100,400,2.8,0,5566,224,10000,0,62.394209,28.755285,41.50449999999998,28.755287949999992,62.394209034999996,25.198511439043926,-0.109090909,25.19874757939517,386.4670137644217,DJI_0056
00:00:46.543,465.3333333,1396,33,1.71855E+12,100,400,2.8,0,5574,224,10000,0,62.394209,28.755285,41.50349999999999,28.755288569999998,62.39421109,25.198511415822722,-0.109090909,25.19874755617418,386.69800228368666,DJI_0056
00:00:46.576,465.6666667,1397,34,1.71855E+12,100,400,2.8,0,5574,224,10000,0,62.394209,28.755285,41.50249999999998,28.75528919,62.394213140000005,24.399013868167977,-0.105882353,24.399243611467092,386.9284395844616,DJI_0056
00:00:46.610,466,1398,33,1.71855E+12,100,400,2.8,0,5583,224,10000,0,62.394214,28.755287,41.501499999999986,28.755289809999994,62.394215190000004,25.138377738644284,-0.109090909,25.13861444,387.15887688353035,DJI_0056
00:00:46.643,466.3333333,1399,34,1.71855E+12,100,400,2.8,0,5583,224,10000,0,62.394214,28.755287,41.50049999999998,28.755290429999995,62.394217239999996,24.39901366017198,-0.105882353,24.399243403473058,387.3893141823409,DJI_0056
00:00:46.677,466.6666667,1400,33,1.71855E+12,100,400,2.8,0,5591,224,10000,0,62.394214,28.755287,41.49949999999999,28.755291049999993,62.39421929,25.078247202272415,-0.109090909,25.078484475038167,387.61920029002874,DJI_0056
00:00:46.710,467,1401,33,1.71855E+12,100,400,2.8,0,5591,224,10000,0,62.394218,28.755288,41.498499999999986,28.75529166999999,62.39422133,25.078247021126376,-0.109090909,25.078484293893847,387.8490863960561,DJI_0056
00:00:46.743,467.3333333,1402,34,1.71855E+12,100,400,2.8,0,5599,224,10000,0,62.394218,28.755288,41.49749999999999,28.75529228999999,62.39422338,24.340651632010875,-0.105882353,24.340881926166478,388.0789725031366,DJI_0056
00:00:46.777,467.6666667,1403,33,1.71855E+12,100,400,2.8,0,5599,224,10000,0,62.394218,28.755288,41.496999999999986,28.755292909999984,62.39422542,25.018119019049905,-0.054545455,25.018178480016452,388.3083058058701,DJI_0056
00:00:46.810,468,1404,33,1.71855E+12,100,400,2.8,0,5605,224,10000,0,62.394223,28.755289,41.49649999999999,28.755293529999985,62.39422746,25.018119143901068,-0.054545455,25.018178604867316,388.5376391,DJI_0056
00:00:46.843,468.3333333,1405,34,1.71855E+12,100,400,2.8,0,5605,224,10000,0,62.394223,28.755289,41.49599999999999,28.755294149999987,62.39422949500001,24.282292226590812,-0.052941176,24.282349938704836,388.76697241472465,DJI_0056
00:00:46.877,468.6666667,1406,33,1.71855E+12,100,400,2.8,0,5612,224,10000,0,62.394223,28.755289,41.49549999999999,28.755294774999985,62.394231534999996,25.02205827,-0.054545455,25.022117723648652,388.99634182719143,DJI_0056
00:00:46.910,469,1407,34,1.71855E+12,100,400,2.8,0,5612,224,10000,0,62.394228,28.755291,41.49499999999999,28.75529539999998,62.39423358,24.286115492600366,-0.052941176,24.286173195629022,389.2257112407057,DJI_0056
00:00:46.944,469.3333333,1408,33,1.71855E+12,100,400,2.8,0,5616,224,10000,0,62.394228,28.755291,41.49449999999999,28.755296024999986,62.39423562,25.022058362718226,-0.054545455,25.022117814323565,389.45508065400367,DJI_0056
00:00:46.977,469.6666667,1409,33,1.71855E+12,100,400,2.8,0,5616,224,10000,0,62.394228,28.755291,41.493999999999986,28.75529664999998,62.39423765,24.901830403758826,-0.054545455,24.90189014240042,389.683348,DJI_0056
00:00:47.010,470,1410,34,1.71855E+12,100,400,2.8,0,5621,224,10000,0,62.394233,28.755293,41.49349999999998,28.755297274999986,62.39423967499999,24.16942331233045,-0.052941176,24.169481293953925,389.9116153036408,DJI_0056
00:00:47.044,470.3333333,1411,33,1.71855E+12,100,400,2.8,0,5621,224,10000,0,62.394233,28.755293,41.49299999999998,28.75529789999998,62.39424170499999,24.90183048939416,-0.054545455,24.901890228035544,390.13988263073117,DJI_0056
00:00:47.077,470.6666667,1412,33,1.71855E+12,100,400,2.8,0,5624,224,10000,0,62.394233,28.755293,41.49299999999998,28.75529852499999,62.39424373,24.84172062167275,0,24.84172062167275,390.3675984030965,DJI_0056
00:00:47.110,471,1413,34,1.71855E+12,100,400,2.8,0,5624,224,10000,0,62.394238,28.755294,41.49299999999998,28.75529914999999,62.39424575499999,24.111081890717877,0,24.111081890717877,390.59531417650885,DJI_0056
00:00:47.144,471.3333333,1414,33,1.71855E+12,100,400,2.8,0,5626,224,10000,0,62.394238,28.755294,41.49299999999998,28.75529977499999,62.39424778000001,24.841720702235882,0,24.841720702235882,390.8230299496127,DJI_0056
00:00:47.177,471.6666667,1415,33,1.71855E+12,100,400,2.8,0,5626,224,10000,0,62.394238,28.755294,41.49249999999998,28.75530039999999,62.394249800000004,24.78161395205859,-0.054545455,24.78167398049366,391.0501952944339,DJI_0056
00:00:47.210,472,1416,34,1.71855E+12,100,400,2.8,0,5629,224,10000,0,62.394244,28.755296,41.49199999999998,28.755301024999984,62.394251820000015,24.052743069240844,-0.052941176,24.052801332133427,391.2773606403485,DJI_0056
00:00:47.244,472.3333333,1417,33,1.71855E+12,100,400,2.8,0,5629,224,10000,0,62.394244,28.755296,41.49149999999998,28.755301649999982,62.39425384000002,24.781613879671145,-0.054545455,24.78167390810639,391.50452598450613,DJI_0056
00:00:47.277,472.6666667,1418,34,1.71855E+12,100,400,2.8,0,5631,224,10000,0,62.394244,28.755296,41.49099999999998,28.755302274999977,62.394255855000026,23.994407183765468,-0.052941176,23.994465588308113,391.73114038172906,DJI_0056
00:00:47.311,473,1419,33,1.71855E+12,100,400,2.8,0,5631,224,10000,0,62.394249,28.755298,41.490499999999976,28.755302899999975,62.394257870000025,24.721510408291703,-0.054545455,24.721570582669024,391.95775477873684,DJI_0056
00:00:47.344,473.3333333,1420,33,1.71855E+12,100,400,2.8,0,5634,224,10000,0,62.394249,28.755298,41.489999999999974,28.755303524999977,62.394259885000025,24.721510063694392,-0.054545455,24.721570238072555,392.18436917258583,DJI_0056
00:00:47.377,473.6666667,1421,34,1.71855E+12,100,400,2.8,0,5634,224,10000,0,62.394249,28.755298,41.489999999999974,28.755304149999976,62.394261890000024,23.877744122231906,0,23.877744122231906,392.4098812004069,DJI_0056
00:00:47.411,474,1422,33,1.71855E+12,100,400,2.8,0,5634,224,10000,0,62.394255,28.7553,41.48999999999998,28.755304774999978,62.39426389500003,24.601311939376497,7.751375299201093e-13,24.601311939376497,392.63539322651786,DJI_0056
00:00:47.444,474.3333333,1423,33,1.71855E+12,100,400,2.8,0,5634,224,10000,0,62.394255,28.7553,41.48999999999998,28.755305399999976,62.394265900000036,24.601312211549853,0,24.601312211549853,392.8609052551237,DJI_0056
00:00:47.477,474.6666667,1424,34,1.71855E+12,100,400,2.8,0,5635,224,10000,0,62.394255,28.7553,41.48999999999998,28.755306024999978,62.39426790000003,23.81941691413696,0,23.81941691413696,393.08586641486835,DJI_0056
00:00:47.511,475,1425,33,1.71855E+12,100,400,2.8,0,5635,224,10000,0,62.39426,28.755302,41.489999999999974,28.75530664999998,62.39426990000002,24.541217245266722,-7.75E-13,24.541217245266722,393.31082757294996,DJI_0056
00:00:47.544,475.3333333,1426,33,1.71855E+12,100,400,2.8,0,5637,224,10000,0,62.39426,28.755302,41.489999999999974,28.755307274999982,62.394271900000014,24.541217512296132,0,24.541217512296132,393.53578873347936,DJI_0056
00:00:47.577,475.6666667,1427,34,1.71855E+12,100,400,2.8,0,5637,224,10000,0,62.39426,28.755302,41.48999999999997,28.755307899999984,62.39427390000001,23.81941667273869,-7.52E-13,23.81941667273869,393.7607498909441,DJI_0056
00:00:47.611,476,1428,33,1.71855E+12,100,400,2.8,0,5639,224,10000,0,62.394267,28.755304,41.48999999999997,28.755308524999982,62.39427590000001,24.54121744500262,0,24.54121744500262,393.98571105085665,DJI_0056
00:00:47.644,476.3333333,1429,34,1.71855E+12,100,400,2.8,0,5639,224,10000,0,62.394267,28.755304,41.48999999999997,28.75530914999998,62.39427790000001,23.819416894278014,0,23.819416894278014,394.21067221041375,DJI_0056
00:00:47.678,476.6666667,1430,33,1.71855E+12,100,400,2.8,0,5640,224,10000,0,62.394267,28.755304,41.48999999999995,28.75530977499998,62.39427990000002,24.541217224805997,-1.55E-12,24.541217224805997,394.4356333683078,DJI_0056
00:00:47.711,477,1431,33,1.71855E+12,100,400,2.8,0,5640,224,10000,0,62.394273,28.755306,41.48999999999995,28.75531039999998,62.39428190000002,24.541217349192372,0,24.541217349192372,394.6605945,DJI_0056
00:00:47.744,477.3333333,1432,34,1.71855E+12,100,400,2.8,0,5641,224,10000,0,62.394273,28.755306,41.48999999999995,28.755311024999983,62.39428390000002,23.81941665287977,0,23.81941665287977,394.88555568461925,DJI_0056
00:00:47.778,477.6666667,1433,33,1.71855E+12,100,350,2.8,0,5641,224,10000,0,62.394273,28.755306,41.489999999999945,28.75531164999998,62.394285895000024,24.481125763306373,-7.75E-13,24.481125763306373,395.10996600411625,DJI_0056
00:00:47.811,478,1434,33,1.71855E+12,100,350,2.8,0,5643,224,10000,0,62.394279,28.755308,41.489999999999945,28.755312274999973,62.39428789000002,24.48112587741397,0,24.48112587741397,395.3343763246592,DJI_0056
00:00:47.844,478.3333333,1435,34,1.71855E+12,100,350,2.8,0,5643,224,10000,0,62.394279,28.755308,41.489999999999945,28.755312899999968,62.39428988500001,23.76109243392031,0,23.76109243392031,395.5587866420907,DJI_0056
00:00:47.878,478.6666667,1436,33,1.71855E+12,100,350,2.8,0,5644,224,10000,0,62.394279,28.755308,41.48949999999994,28.75531352499997,62.39429187000002,24.360952288807933,-0.054545455,24.36101335380341,395.78209593116725,DJI_0056
00:00:47.911,479,1437,33,1.71855E+12,100,350,2.8,0,5644,224,10000,0,62.394285,28.75531,41.48899999999993,28.75531414999997,62.394293855000015,24.36095210228714,-0.054545455,24.361013167283087,396.0054052,DJI_0056
00:00:47.944,479.3333333,1438,34,1.71855E+12,100,350,2.8,0,5645,224,10000,0,62.394285,28.75531,41.48849999999993,28.75531477499997,62.39429584000001,23.644453631790167,-0.052941176,23.644512900756514,396.22871450704116,DJI_0056
00:00:47.978,479.6666667,1439,33,1.71855E+12,100,350,2.8,0,5645,224,10000,0,62.394292,28.755312,41.48799999999993,28.755315399999972,62.394297815000016,24.24079127949686,-0.054545455,24.240852647189257,396.4509223229737,DJI_0056
00:00:48.011,480,1440,34,1.71855E+12,100,350,2.8,0,5647,224,10000,0,62.394292,28.755312,41.48749999999993,28.75531602499997,62.39429979000001,23.52782694581845,-0.052941176,23.527886508578426,396.67313013999916,DJI_0056
00:00:48.045,480.3333333,1441,33,1.71855E+12,100,350,2.8,0,5647,224,10000,0,62.394292,28.755312,41.48699999999994,28.75531664999997,62.394301765000016,24.240791365084096,-0.054545455,24.240852732776283,396.8953379567163,DJI_0056
00:00:48.078,480.6666667,1442,33,1.71855E+12,100,350,2.8,0,5649,224,10000,0,62.394298,28.755315,41.48699999999994,28.755317279999968,62.39430374000001,24.244889461172285,0,24.244889461172285,397.1175828,DJI_0056
00:00:48.111,481,1443,34,1.71855E+12,100,350,2.8,0,5649,224,10000,0,62.394298,28.755315,41.48699999999994,28.755317909999967,62.394305715000016,23.531804448933023,0,23.531804448933023,397.3398275965725,DJI_0056
00:00:48.145,481.3333333,1444,33,1.71855E+12,100,350,2.8,0,5651,224,10000,0,62.394298,28.755315,41.48699999999994,28.755318539999962,62.39430769000001,24.244889387592995,0,24.244889387592995,397.56207241595877,DJI_0056
00:00:48.178,481.6666667,1445,33,1.71855E+12,100,350,2.8,0,5651,224,10000,0,62.394304,28.755317,41.48699999999994,28.75531916999996,62.394309665000016,24.24488951672627,0,24.24488951672627,397.78431723652875,DJI_0056
00:00:48.211,482,1446,34,1.71855E+12,100,350,2.8,0,5653,224,10000,0,62.394304,28.755317,41.48699999999994,28.755319799999967,62.394311640000026,23.53180449777276,0,23.53180449777276,398.00656205678547,DJI_0056
00:00:48.245,482.3333333,1447,33,1.71855E+12,100,350,2.8,0,5653,224,10000,0,62.394304,28.755317,41.486999999999945,28.755320429999966,62.39431361500003,24.244889443146988,7.751375299201093e-13,24.244889443146988,398.2288069,DJI_0056
00:00:48.278,482.6666667,1448,33,1.71855E+12,100,350,2.8,0,5656,224,10000,0,62.394304,28.755317,41.486999999999945,28.755321059999964,62.39431558000003,24.12476156924962,0,24.12476156924962,398.4499505243991,DJI_0056
00:00:48.311,483,1449,34,1.71855E+12,100,350,2.8,0,5656,224,10000,0,62.39431,28.755319,41.486999999999945,28.755321689999963,62.39431754500002,23.41520987,0,23.41520987,398.6710941731567,DJI_0056
00:00:48.345,483.3333333,1450,33,1.71855E+12,100,350,2.8,0,5658,224,10000,0,62.39431,28.755319,41.486999999999945,28.755322319999962,62.39431951000003,24.124761653732666,0,24.124761653732666,398.89223782164925,DJI_0056
00:00:48.378,483.6666667,1451,34,1.71855E+12,100,350,2.8,0,5658,224,10000,0,62.394317,28.755321,41.48699999999995,28.755322954999965,62.394321470000044,23.36095632578923,7.523393672754003e-13,23.36095632578923,399.11286907583724,DJI_0056
00:00:48.412,484,1452,33,1.71855E+12,100,350,2.8,0,5660,224,10000,0,62.394317,28.755321,41.48699999999995,28.755323589999968,62.39432343000005,24.06886391106062,0,24.06886391106062,399.3335003283553,DJI_0056
00:00:48.445,484.3333333,1453,33,1.71855E+12,100,350,2.8,0,5660,224,10000,0,62.394317,28.755321,41.48699999999995,28.75532422499997,62.394325390000056,24.068863871040875,0,24.068863871040875,399.5541315805065,DJI_0056
00:00:48.478,484.6666667,1454,34,1.71855E+12,100,350,2.8,0,5662,224,10000,0,62.394317,28.755321,41.48699999999995,28.75532485999997,62.39432735500006,23.419238567650936,0,23.419238567650936,399.77531327808987,DJI_0056
00:00:48.512,485,1455,33,1.71855E+12,100,350,2.8,0,5662,224,10000,0,62.394324,28.755323,41.48699999999996,28.755325494999965,62.394329320000054,24.128912118043257,7.751375299201093e-13,24.128912118043257,399.9964949725053,DJI_0056
00:00:48.545,485.3333333,1456,33,1.71855E+12,100,350,2.8,0,5663,224,10000,0,62.394324,28.755323,41.48699999999997,28.75532612999996,62.39433128500004,24.128912083335944,1.5502750598402186e-12,24.128912083335944,400.21767666660253,DJI_0056
00:00:48.578,485.6666667,1457,34,1.71855E+12,100,350,2.8,0,5663,224,10000,0,62.394331,28.755326,41.48699999999997,28.75532676999996,62.39433324500004,23.365025963474405,0,23.365025963474405,400.43834635625757,DJI_0056
00:00:48.612,486,1458,33,1.71855E+12,100,350,2.8,0,5664,224,10000,0,62.394331,28.755326,41.48699999999997,28.75532740999996,62.394335205000054,24.073057012673456,0,24.073057012673456,400.6590160455404,DJI_0056
00:00:48.645,486.3333333,1459,33,1.71855E+12,100,350,2.8,0,5664,224,10000,0,62.394331,28.755326,41.48699999999997,28.755328049999957,62.39433716500005,24.073056972070255,0,24.073056972070255,400.8796857,DJI_0056
00:00:48.678,486.6666667,1460,34,1.71855E+12,100,350,2.8,0,5665,224,10000,0,62.394331,28.755326,41.48649999999998,28.755328694999957,62.394339125000045,23.369126898421158,-0.052941176,23.369186865671587,401.10039472151567,DJI_0056
00:00:48.712,487,1461,33,1.71855E+12,100,350,2.8,0,5665,224,10000,0,62.394337,28.755327,41.48599999999998,28.75532933999996,62.394341085000036,24.07728222318484,-0.054545455,24.077344007624767,401.3211037082522,DJI_0056
00:00:48.745,487.3333333,1462,34,1.71855E+12,100,350,2.8,0,5666,224,10000,0,62.394337,28.755327,41.48549999999997,28.75532998499996,62.394343045000035,23.36912697717787,-0.052941176,23.369186944428098,401.54181269606073,DJI_0056
00:00:48.779,487.6666667,1463,33,1.71855E+12,100,350,2.8,0,5666,224,10000,0,62.394337,28.755327,41.48549999999998,28.75533062999996,62.39434500500004,24.07728230432813,7.751375299201093e-13,24.07728230432813,401.7625211171837,DJI_0056
00:00:48.812,488,1464,33,1.71855E+12,100,350,2.8,0,5667,224,10000,0,62.394343,28.75533,41.48549999999998,28.75533127499996,62.39434696500005,24.077282268533605,0,24.077282268533605,401.9832295379786,DJI_0056
00:00:48.845,488.3333333,1465,34,1.71855E+12,100,350,2.8,0,5667,224,10000,0,62.394343,28.75533,41.48549999999998,28.755331919999968,62.39434892500006,23.36912702643031,0,23.36912702643031,402.2039379598949,DJI_0056
00:00:48.879,488.6666667,1466,33,1.71855E+12,100,350,2.8,0,5668,224,10000,0,62.394351,28.755332,41.485499999999995,28.755332569999965,62.39435089000006,24.14155673027819,1.5502750598402186e-12,24.14155673027819,402.4252355632558,DJI_0056
00:00:48.912,489,1467,33,1.71855E+12,100,350,2.8,0,5668,224,10000,0,62.394351,28.755332,41.485499999999995,28.755333219999965,62.39435285500005,24.141556552063612,0,24.141556552063612,402.64653316498305,DJI_0056
00:00:48.945,489.3333333,1468,34,1.71855E+12,100,350,2.8,0,5669,224,10000,0,62.394351,28.755332,41.485499999999995,28.75533386999997,62.394354820000046,23.431510884064974,0,23.431510884064974,402.8678308,DJI_0056
00:00:48.979,489.6666667,1469,33,1.71855E+12,100,350,2.8,0,5669,224,10000,0,62.394357,28.755334,41.4855,28.75533451999997,62.394356785000035,24.14155632123115,7.751375299201093e-13,24.14155632123115,403.08912836738824,DJI_0056
00:00:49.012,490,1470,33,1.71855E+12,100,350,2.8,0,5669,224,10000,0,62.394357,28.755334,41.4855,28.75533516999997,62.39435875000004,24.141556743026698,0,24.141556743026698,403.310426,DJI_0056
00:00:49.045,490.3333333,1471,34,1.71855E+12,100,350,2.8,0,5669,224,10000,0,62.394357,28.755334,41.4855,28.755335819999967,62.39436071500003,23.431510624743417,0,23.431510624743417,403.5317235712108,DJI_0056
00:00:49.079,490.6666667,1472,33,1.71855E+12,100,350,2.8,0,5669,224,10000,0,62.394364,28.755337,41.4855,28.75533646999997,62.394362685000026,24.201576974425713,0,24.201576974425713,403.75357136014304,DJI_0056
00:00:49.112,491,1473,34,1.71855E+12,100,350,2.8,0,5669,224,10000,0,62.394364,28.755337,41.48550000000001,28.75533711999997,62.39436465500002,23.489765698179994,7.523393672754003e-13,23.489765698179994,403.97541914729254,DJI_0056
00:00:49.146,491.3333333,1474,33,1.71855E+12,100,350,2.8,0,5671,224,10000,0,62.394364,28.755337,41.48550000000001,28.75533776999997,62.39436662500001,24.201576896316777,0,24.201576896316777,404.19726693550876,DJI_0056
00:00:49.179,491.6666667,1475,33,1.71855E+12,100,350,2.8,0,5671,224,10000,0,62.394371,28.755339,41.48550000000001,28.75533842499997,62.39436860500002,24.325875701710626,0,24.325875701710626,404.4202541294411,DJI_0056
00:00:49.212,492,1476,34,1.71855E+12,100,350,2.8,0,5673,224,10000,0,62.394371,28.755339,41.48550000000001,28.755339079999967,62.394370585000026,23.61040887644251,0,23.61040887644251,404.64324132438526,DJI_0056
00:00:49.246,492.3333333,1477,33,1.71855E+12,100,320,2.8,0,5673,224,10000,0,62.394371,28.755339,41.48550000000002,28.755339734999964,62.39437256500002,24.325875317041408,1.5502750598402186e-12,24.325875317041408,404.8662285147915,DJI_0056
00:00:49.279,492.6666667,1478,33,1.71855E+12,100,320,2.8,0,5676,224,10000,0,62.394377,28.755341,41.48500000000002,28.755340394999973,62.39437455500002,24.450177925291417,-0.054545455,24.450238767443956,405.09035570349306,DJI_0056
00:00:49.312,493,1479,34,1.71855E+12,100,320,2.8,0,5676,224,10000,0,62.394377,28.755341,41.484500000000025,28.755341054999978,62.39437654500002,23.73105514642459,-0.052941176,23.7311142,405.31448289315125,DJI_0056
00:00:49.346,493.3333333,1480,33,1.71855E+12,100,320,2.8,0,5681,224,10000,0,62.394377,28.755341,41.48400000000002,28.755341714999982,62.39437853500002,24.450177692204853,-0.054545455,24.450238534357972,405.5386100797162,DJI_0056
00:00:49.379,493.6666667,1481,33,1.71855E+12,100,320,2.8,0,5681,224,10000,0,62.394384,28.755343,41.48300000000003,28.755342374999984,62.394380525000024,24.45017780200046,-0.109090909,24.45042116970344,405.76273894043845,DJI_0056
00:00:49.412,494,1482,34,1.71855E+12,100,320,2.8,0,5689,224,10000,0,62.394384,28.755343,41.482000000000035,28.75534303499998,62.394382515000025,23.73105488910113,-0.105882353,23.731291098930857,405.98686780081727,DJI_0056
00:00:49.446,494.3333333,1483,33,1.71855E+12,100,320,2.8,0,5689,224,10000,0,62.394384,28.755343,41.48100000000004,28.75534369499998,62.39438450500002,24.450177727056424,-0.109090909,24.450421094760156,406.2109966608526,DJI_0056
00:00:49.479,494.6666667,1484,34,1.71855E+12,100,320,2.8,0,5700,224,10000,0,62.394391,28.755346,41.48000000000004,28.755344359999977,62.39438650500002,23.851704815344924,-0.105882353,23.85193983035788,406.4362649814726,DJI_0056
00:00:49.513,495,1485,33,1.71855E+12,100,320,2.8,0,5700,224,10000,0,62.394391,28.755346,41.479000000000035,28.75534502499998,62.39438850500002,24.574483563858358,-0.109090909,24.574725700540196,406.66153330039424,DJI_0056
00:00:49.546,495.3333333,1486,33,1.71855E+12,100,250,2.8,0,5715,224,10000,0,62.394391,28.755346,41.47800000000003,28.755345689999977,62.394390505000025,24.57448367306387,-0.109090909,24.574725809744635,406.8868016203169,DJI_0056
00:00:49.579,495.6666667,1487,34,1.71855E+12,100,250,2.8,0,5715,224,10000,0,62.394398,28.755348,41.47650000000003,28.755346364999976,62.39439251500003,23.976541901555343,-0.158823529,23.977067928971923,407.1132517063127,DJI_0056
00:00:49.613,496,1488,33,1.71855E+12,100,250,2.8,0,5732,224,10000,0,62.394398,28.755348,41.47500000000004,28.75534703999998,62.394394525000024,24.70310358551624,-0.163636364,24.703645553161767,407.33970179055007,DJI_0056
00:00:49.646,496.3333333,1489,33,1.71855E+12,100,250,2.8,0,5732,224,10000,0,62.394398,28.755348,41.47350000000003,28.75534771499998,62.39439653500003,24.703103704497686,-0.163636364,24.70364567214061,407.5661519,DJI_0056
00:00:49.679,496.6666667,1490,34,1.71855E+12,100,250,2.8,0,5752,224,10000,0,62.394404,28.75535,41.47100000000004,28.755348394999977,62.39439856000002,24.15543977814427,-0.264705882,24.156890116066396,407.7943002825297,DJI_0056
00:00:49.713,497,1491,33,1.71855E+12,100,250,2.8,0,5752,224,10000,0,62.394404,28.75535,41.46850000000004,28.75534907499998,62.39440059,24.887422603793922,-0.272727273,24.88891689136194,408.0224486873672,DJI_0056
00:00:49.746,497.3333333,1492,34,1.71855E+12,100,250,2.8,0,5772,224,10000,0,62.394404,28.75535,41.46600000000004,28.755349754999983,62.39440261,24.155439700951625,-0.264705882,24.15689004,408.25059709328997,DJI_0056
00:00:49.780,497.6666667,1493,33,1.71855E+12,100,240,2.8,0,5772,224,10000,0,62.394411,28.755353,41.462500000000034,28.755350434999986,62.39440463999999,24.947422109651093,-0.381818182,24.95034378602979,408.47930857799525,DJI_0056
00:00:49.813,498,1494,33,1.71855E+12,100,240,2.8,0,5794,224,10000,0,62.394411,28.755353,41.45900000000003,28.75535111499999,62.394406669999995,24.947422217062005,-0.381818182,24.950343893428123,408.7080201,DJI_0056
00:00:49.846,498.3333333,1495,34,1.71855E+12,100,240,2.8,0,5794,224,10000,0,62.394411,28.755353,41.45550000000003,28.75535179499998,62.39440869999999,24.213674460867857,-0.370588235,24.21651020558129,408.9367315489599,DJI_0056
00:00:49.880,498.6666667,1496,33,1.71855E+12,100,240,2.8,0,5815,224,10000,0,62.394418,28.755355,41.45100000000002,28.755352479999985,62.39441072999999,24.95175318105451,-0.490909091,24.956581868192647,409.16550021608504,DJI_0056
00:00:49.913,499,1497,33,1.71855E+12,100,240,2.8,0,5815,224,10000,0,62.394418,28.755355,41.446500000000015,28.755353164999985,62.39441275999999,24.951753293349494,-0.490909091,24.956581980465902,409.3942688842393,DJI_0056
00:00:49.946,499.3333333,1498,34,1.71855E+12,100,240,2.8,0,5837,224,10000,0,62.394418,28.755355,41.442000000000014,28.755353849999985,62.394414789999985,24.21787800917114,-0.476470588,24.222564676114466,409.6230375506248,DJI_0056
00:00:49.980,499.6666667,1499,33,1.71855E+12,100,240,2.8,0,5837,224,10000,0,62.394424,28.755357,41.436500000000024,28.75535452999998,62.39441682499998,25.00742475935393,-0.6,25.014621586079347,409.85233824849723,DJI_0056
00:00:50.013,500,1500,33,1.71855E+12,100,240,2.8,0,5858,224,10000,0,62.394424,28.755357,41.43100000000003,28.75535520999998,62.39441885999998,25.007424877739275,-0.6,25.01462170443063,410.0816389474545,DJI_0056
00:00:50.046,500.3333333,1501,34,1.71855E+12,100,240,2.8,0,5858,224,10000,0,62.394424,28.755357,41.425500000000035,28.755355889999972,62.394420894999975,24.271912332101873,-0.582352941,24.27889748743414,410.3109396459469,DJI_0056
00:00:50.080,500.6666667,1502,33,1.71855E+12,100,240,2.8,0,5877,224,10000,0,62.394431,28.755359,41.41850000000003,28.75535657499998,62.394422934999966,25.071741463478865,-0.763636364,25.083368204995793,410.5408705211594,DJI_0056
00:00:50.113,501,1503,34,1.71855E+12,100,240,2.8,0,5877,224,10000,0,62.394431,28.755359,41.41150000000003,28.755357259999982,62.394424974999964,24.33433741179323,-0.741176471,24.345622190273822,410.7708013974009,DJI_0056
00:00:50.147,501.3333333,1504,33,1.71855E+12,100,240,2.8,0,5893,224,10000,0,62.394431,28.755359,41.40450000000003,28.755357944999982,62.394427014999955,25.07174137726962,-0.763636364,25.08336811882651,411.00073227182344,DJI_0056
00:00:50.180,501.6666667,1505,33,1.71855E+12,100,240,2.8,0,5893,224,10000,0,62.394438,28.755362,41.39600000000003,28.755358639999987,62.39442905999996,25.140433734997284,-0.927272727,25.157528556965467,411.2313429502623,DJI_0056
00:00:50.213,502,1506,34,1.71855E+12,100,240,2.8,0,5905,224,10000,0,62.394438,28.755362,41.38750000000004,28.75535933499999,62.39443110499996,24.401009019540364,-0.9,24.417601052758815,411.46195362687166,DJI_0056
00:00:50.247,502.3333333,1507,33,1.71855E+12,100,240,2.8,0,5905,224,10000,0,62.394438,28.755362,41.37900000000004,28.755360029999988,62.39443314999996,25.140433646373335,-0.927272727,25.157528468401736,411.69256430449866,DJI_0056
00:00:50.280,502.6666667,1508,33,1.71855E+12,100,240,2.8,0,5912,224,10000,0,62.394444,28.755364,41.36900000000004,28.75536072499999,62.394435199999954,25.20041554,-1.090909091,25.224016850061894,411.9237844589576,DJI_0056
00:00:50.313,503,1509,34,1.71855E+12,100,240,2.8,0,5912,224,10000,0,62.394444,28.755364,41.35900000000005,28.755361419999986,62.39443724999997,24.459227246721582,-1.058823529,24.482134399868027,412.1550046171786,DJI_0056
00:00:50.347,503.3333333,1510,33,1.71855E+12,100,240,2.8,0,5919,224,10000,0,62.394444,28.755364,41.34900000000004,28.75536211499999,62.39443929999996,25.20041561549614,-1.090909091,25.224016925112718,412.3862247723254,DJI_0056
00:00:50.380,503.6666667,1511,33,1.71855E+12,100,240,2.8,0,5919,224,10000,0,62.39445,28.755366,41.33700000000005,28.755362804999987,62.39444134999995,25.196064280627073,-1.309090909,25.230049033677126,412.6175002218008,DJI_0056
00:00:50.413,504,1512,34,1.71855E+12,100,240,2.8,0,5919,224,10000,0,62.39445,28.755366,41.32500000000005,28.755363494999987,62.39444339999996,24.45500353,-1.270588235,24.487988733643547,412.8487756709519,DJI_0056
00:00:50.447,504.3333333,1513,33,1.71855E+12,100,240,2.8,0,5925,224,10000,0,62.39445,28.755366,41.31300000000006,28.755364184999983,62.39444544999995,25.196064351395854,-1.309090909,25.23004910435062,413.08005112107514,DJI_0056
00:00:50.480,504.6666667,1514,34,1.71855E+12,100,240,2.8,0,5925,224,10000,0,62.394457,28.755368,41.29850000000005,28.755364879999984,62.39444749999994,24.45922660615917,-1.535294118,24.507364081009005,413.3115096,DJI_0056
00:00:50.514,505,1515,33,1.71855E+12,100,240,2.8,0,5931,224,10000,0,62.394457,28.755368,41.28400000000004,28.755365574999992,62.39444954999995,25.200415560471495,-1.581818182,25.250011746151454,413.5429680006244,DJI_0056
00:00:50.547,505.3333333,1516,33,1.71855E+12,100,240,2.8,0,5931,224,10000,0,62.394457,28.755368,41.26950000000004,28.75536626999999,62.39445159999994,25.200415355204758,-1.581818182,25.25001154128785,413.77442643975286,DJI_0056
00:00:50.580,505.6666667,1517,34,1.71855E+12,100,240,2.8,0,5931,224,10000,0,62.394464,28.75537,41.25350000000005,28.75536695999999,62.39445364499992,24.396774900960352,-1.694117647,24.455524123808964,414.00539527869995,DJI_0056
00:00:50.614,506,1518,33,1.71855E+12,100,240,2.8,0,5936,224,10000,0,62.394464,28.75537,41.237500000000054,28.755367649999986,62.394455689999916,25.136071368898506,-1.745454545,25.196600870605675,414.23636412001383,DJI_0056
00:00:50.647,506.3333333,1519,33,1.71855E+12,100,240,2.8,0,5936,224,10000,0,62.394464,28.75537,41.22150000000005,28.755368339999976,62.394457734999904,25.136071322429654,-1.745454545,25.196600824248502,414.46733296090275,DJI_0056
00:00:50.680,506.6666667,1520,34,1.71855E+12,100,240,2.8,0,5941,224,10000,0,62.394469,28.755372,41.20250000000004,28.75536902999998,62.39445977,24.338550338662163,-2.011764706,24.421552567751053,414.69798095737593,DJI_0056
00:00:50.714,507,1521,33,1.71855E+12,100,240,2.8,0,5941,224,10000,0,62.394469,28.755372,41.18350000000004,28.75536971999998,62.39446181499991,25.07608212616947,-2.072727273,25.16159957,414.92862895347514,DJI_0056
00:00:50.747,507.3333333,1522,33,1.71855E+12,100,240,2.8,0,5945,224,10000,0,62.394469,28.755372,41.16450000000005,28.755370409999976,62.394463854999906,25.076082079689794,-2.072727273,25.161599528138968,415.1592769491497,DJI_0056
00:00:50.780,507.6666667,1523,34,1.71855E+12,100,240,2.8,0,5945,224,10000,0,62.394475,28.755374,41.144000000000034,28.755371094999976,62.39446588499991,24.21787717163315,-2.170588235,24.31495482182751,415.3889181891337,DJI_0056
00:00:50.814,508,1524,33,1.71855E+12,100,240,2.8,0,5951,224,10000,0,62.394475,28.755374,41.12350000000004,28.755371779999976,62.394467914999915,24.95175219156215,-2.236363636,25.05177158891506,415.61855942869875,DJI_0056
00:00:50.847,508.3333333,1525,34,1.71855E+12,100,240,2.8,0,5951,224,10000,0,62.394475,28.755374,41.103000000000044,28.75537246499998,62.39446994499991,24.21787709867759,-2.170588235,24.31495475,415.8482006679964,DJI_0056
00:00:50.881,508.6666667,1526,33,1.71855E+12,100,240,2.8,0,5954,224,10000,0,62.394482,28.755376,41.080000000000034,28.75537314499998,62.39447196499991,24.82742544,-2.509090909,24.95388929684616,416.07694465321754,DJI_0056
00:00:50.914,509,1527,33,1.71855E+12,100,240,2.8,0,5954,224,10000,0,62.394482,28.755376,41.057000000000045,28.755373824999978,62.394473984999905,24.827425239457682,-2.509090909,24.95388909991661,416.3056886366334,DJI_0056
00:00:50.947,509.3333333,1528,34,1.71855E+12,100,240,2.8,0,5954,224,10000,0,62.394482,28.755376,41.03400000000005,28.75537450499998,62.39447600499991,24.09720711850163,-2.435294118,24.219951452292584,416.5344326225717,DJI_0056
00:00:50.981,509.6666667,1529,33,1.71855E+12,100,240,2.8,0,5954,224,10000,0,62.394488,28.755378,41.009500000000045,28.755375179999977,62.39447800499991,24.58311400132555,-2.672727273,24.72797939736586,416.7611057670476,DJI_0056
00:00:51.014,510,1530,33,1.71855E+12,100,240,2.8,0,5951,224,10000,0,62.394488,28.755378,40.98500000000004,28.755375854999976,62.39448000499991,24.58311380397363,-2.672727273,24.727979201170097,416.98777890972497,DJI_0056
00:00:51.047,510.3333333,1531,34,1.71855E+12,100,240,2.8,0,5951,224,10000,0,62.394488,28.755378,40.960500000000046,28.755376529999975,62.394482004999915,23.860081160528303,-2.594117647,24.00068581007171,417.21445205348675,DJI_0056
00:00:51.081,510.6666667,1532,33,1.71855E+12,100,240,2.8,0,5946,224,10000,0,62.394494,28.75538,40.934000000000054,28.755377199999977,62.394483984999916,24.338806124477408,-2.890909091,24.50989267493423,417.43912606967365,DJI_0056
00:00:51.114,511,1533,33,1.71855E+12,100,240,2.8,0,5946,224,10000,0,62.394494,28.75538,40.907500000000056,28.75537786999998,62.39448596,24.338805927701596,-2.890909091,24.509892479532063,417.66380008406935,DJI_0056
00:00:51.147,511.3333333,1534,34,1.71855E+12,100,240,2.8,0,5937,224,10000,0,62.394494,28.75538,40.88100000000006,28.755378539999985,62.39448794,23.622958958740785,-2.805882353,23.789013551320224,417.8884741009429,DJI_0056
00:00:51.181,511.6666667,1535,33,1.71855E+12,100,240,2.8,0,5937,224,10000,0,62.3945,28.755382,40.85350000000006,28.755379199999982,62.39448989999991,24.03015674418709,-3,24.216697403861613,418.1104604938117,DJI_0056
00:00:51.214,512,1536,34,1.71855E+12,100,240,2.8,0,5928,224,10000,0,62.3945,28.755382,40.82600000000006,28.75537985999998,62.394491854999906,23.323387386457203,-2.911764706,23.504441556462794,418.3324468862894,DJI_0056
00:00:51.248,512.3333333,1537,33,1.71855E+12,100,240,2.8,0,5928,224,10000,0,62.3945,28.755382,40.79850000000006,28.755380519999974,62.394493809999915,24.03015666374202,-3,24.216697324036204,418.5544332784264,DJI_0056
00:00:51.281,512.6666667,1538,33,1.71855E+12,100,240,2.8,0,5916,224,10000,0,62.394505,28.755384,40.77000000000007,28.755381169999975,62.39449573999992,23.72151035895945,-3.109090909,23.924391319137214,418.77374019885184,DJI_0056
00:00:51.314,513,1539,34,1.71855E+12,100,240,2.8,0,5916,224,10000,0,62.394505,28.755384,40.741500000000066,28.755381819999975,62.39449766999992,23.023818689032566,-3.017647059,23.22073256374726,418.99304711750943,DJI_0056
00:00:51.348,513.3333333,1540,33,1.71855E+12,100,240,2.8,0,5903,224,10000,0,62.394505,28.755384,40.71300000000007,28.755382459999975,62.394499564999926,23.292880552092083,-3.109090909,23.499462349062735,419.2084588557092,DJI_0056
00:00:51.381,513.6666667,1541,33,1.71855E+12,100,240,2.8,0,5903,224,10000,0,62.394511,28.755386,40.68350000000007,28.75538310499998,62.394501464999934,23.357227777842237,-3.218181818,23.577887600056123,419.4245895,DJI_0056
00:00:51.414,514,1542,34,1.71855E+12,100,240,2.8,0,5888,224,10000,0,62.394511,28.755386,40.65400000000007,28.755383749999982,62.39450336499993,22.670250312808896,-3.123529412,22.884420141912596,419.64072012671664,DJI_0056
00:00:51.448,514.3333333,1543,33,1.71855E+12,100,240,2.8,0,5888,224,10000,0,62.394511,28.755386,40.62450000000007,28.75538437999998,62.39450523499993,22.984233838553365,-3.218181818,23.208440261253592,419.8534641624448,DJI_0056
00:00:51.481,514.6666667,1544,33,1.71855E+12,100,240,2.8,0,5872,224,10000,0,62.394517,28.755388,40.59400000000007,28.755385009999987,62.39450710999994,23.044228609720086,-3.327272727,23.28319600095081,420.0668934591202,DJI_0056
00:00:51.514,515,1545,34,1.71855E+12,100,250,2.8,0,5872,224,10000,0,62.394517,28.755388,40.56350000000007,28.755385639999986,62.394508984999945,22.36645713620404,-3.229411765,22.598396075201354,420.2803228,DJI_0056
00:00:51.548,515.3333333,1546,33,1.71855E+12,100,250,2.8,0,5853,224,10000,0,62.394517,28.755388,40.533000000000065,28.75538625999999,62.39451082999995,22.675590336249023,-3.327272727,22.918401796352324,420.4904081051859,DJI_0056
00:00:51.581,515.6666667,1547,34,1.71855E+12,100,250,2.8,0,5853,224,10000,0,62.394522,28.75539,40.50100000000007,28.755386879999993,62.39451267999994,22.066894787097358,-3.388235294,22.325500754812346,420.7012600567591,DJI_0056
00:00:51.615,516,1548,33,1.71855E+12,100,250,2.8,0,5835,224,10000,0,62.394522,28.75539,40.46900000000007,28.755387499999998,62.394514529999945,22.73558885178715,-3.490909091,23.002031360697195,420.91211201089885,DJI_0056
00:00:51.648,516.3333333,1549,33,1.71855E+12,100,250,2.8,0,5835,224,10000,0,62.394522,28.75539,40.43700000000007,28.755388120000003,62.39451637999994,22.735588666059726,-3.490909091,23.00203117712125,421.1229639633558,DJI_0056
00:00:51.681,516.6666667,1550,34,1.71855E+12,100,250,2.8,0,5835,224,10000,0,62.394528,28.755392,40.40450000000006,28.75538874,62.39451819999993,21.713306321249366,-3.441176471,21.984298189893213,421.33059344626037,DJI_0056
00:00:51.715,517,1551,33,1.71855E+12,100,250,2.8,0,5819,224,10000,0,62.394528,28.755392,40.372000000000064,28.75538935,62.39452001999993,22.371285279234126,-3.545454545,22.65048902294961,421.53822292897075,DJI_0056
00:00:51.748,517.3333333,1552,33,1.71855E+12,100,250,2.8,0,5819,224,10000,0,62.394528,28.755392,40.33950000000006,28.755389954999995,62.394521804999926,21.942661158681926,-3.545454545,22.227249642243578,421.7419727,DJI_0056
00:00:51.781,517.6666667,1553,34,1.71855E+12,100,250,2.8,0,5801,224,10000,0,62.394534,28.755394,40.30650000000006,28.755390554999998,62.39452358999992,21.29306861144069,-3.494117647,21.577850426374948,421.9457635269404,DJI_0056
00:00:51.815,518,1554,33,1.71855E+12,100,250,2.8,0,5801,224,10000,0,62.394534,28.755394,40.273500000000055,28.75539116,62.39452537499992,21.938313089367924,-3.6,22.231724656605774,422.1495543362926,DJI_0056
00:00:51.848,518.3333333,1555,33,1.71855E+12,100,250,2.8,0,5782,224,10000,0,62.394534,28.755394,40.240500000000054,28.75539176,62.39452715999992,21.938313052900078,-3.6,22.231724620619225,422.35334514531496,DJI_0056
00:00:51.881,518.6666667,1556,34,1.71855E+12,100,250,2.8,0,5782,224,10000,0,62.394539,28.755396,40.206500000000055,28.755392345000004,62.394528909999906,20.877042843723796,-3.6,21.185157962561384,422.55342719273915,DJI_0056
00:00:51.915,519,1557,33,1.71855E+12,100,250,2.8,0,5763,224,10000,0,62.394539,28.755396,40.172500000000056,28.75539293500001,62.39453066,21.509680628367885,-3.709090909,21.827132567203705,422.75350924127184,DJI_0056
00:00:51.948,519.3333333,1558,34,1.71855E+12,100,250,2.8,0,5763,224,10000,0,62.394539,28.755396,40.13850000000006,28.75539351000001,62.39453237499989,20.456811550729295,-3.6,20.771161229504017,422.9496813195505,DJI_0056
00:00:51.982,519.6666667,1559,33,1.71855E+12,100,250,2.8,0,5744,224,10000,0,62.394545,28.755398,40.103500000000054,28.755394090000014,62.39453408,21.021067255697613,-3.818181818,21.365013011118428,423.14552727215244,DJI_0056
00:00:52.015,520,1560,33,1.71855E+12,100,250,2.8,0,5744,224,10000,0,62.394545,28.755398,40.06850000000006,28.75539467000001,62.39453579,21.02106737384112,-3.818181818,21.36501312735986,423.3413732258199,DJI_0056
00:00:52.048,520.3333333,1561,34,1.71855E+12,100,250,2.8,0,5725,224,10000,0,62.394545,28.755398,40.03350000000005,28.755395250000007,62.39453750499992,20.402800801043902,-3.705882353,20.73663050114269,423.5372191805529,DJI_0056
00:00:52.082,520.6666667,1562,33,1.71855E+12,100,250,2.8,0,5725,224,10000,0,62.39455,28.7554,39.99850000000005,28.75539583,62.39453918499992,20.656818429643636,-3.818181818,21.006728922703847,423.72978086234434,DJI_0056
00:00:52.115,521,1563,33,1.71855E+12,100,250,2.8,0,5706,224,10000,0,62.39455,28.7554,39.96350000000005,28.755396399999995,62.394540864999925,20.656818390009335,-3.818181818,21.006728883729593,423.92234254377854,DJI_0056
00:00:52.148,521.3333333,1564,34,1.71855E+12,100,250,2.8,0,5706,224,10000,0,62.39455,28.7554,39.92850000000006,28.755396974999993,62.39454254499994,20.049265039352886,-3.705882353,20.38888404577494,424.11490422643305,DJI_0056
00:00:52.182,521.6666667,1565,33,1.71855E+12,100,250,2.8,0,5687,224,10000,0,62.394556,28.755402,39.89200000000005,28.755397534999993,62.394544194999945,20.283792668160043,-3.981818182,20.670924532733512,424.30438770131644,DJI_0056
00:00:52.215,522,1566,33,1.71855E+12,100,250,2.8,0,5687,224,10000,0,62.394556,28.755402,39.85550000000005,28.75539809499999,62.39454584499995,20.283792483014526,-3.981818182,20.67092435105546,424.49387117453443,DJI_0056
00:00:52.248,522.3333333,1567,34,1.71855E+12,100,250,2.8,0,5670,224,10000,0,62.394556,28.755402,39.81950000000005,28.755398644999993,62.394547454999966,19.212988559154482,-3.811764706,19.58745719962682,424.67886382586425,DJI_0056
00:00:52.282,522.6666667,1568,33,1.71855E+12,100,240,2.8,0,5670,224,10000,0,62.394561,28.755403,39.78250000000004,28.755399194999992,62.394549059999974,19.735229657095974,-4.036363636,20.143771271122112,424.8635150625162,DJI_0056
00:00:52.315,523,1569,34,1.71855E+12,100,240,2.8,0,5655,224,10000,0,62.394561,28.755403,39.745500000000035,28.75539974499999,62.394550664999976,19.154781552669434,-3.917647059,19.551307240386738,425.0481662975643,DJI_0056
00:00:52.349,523.3333333,1570,33,1.71855E+12,100,240,2.8,0,5655,224,10000,0,62.394561,28.755403,39.70850000000003,28.755400284999993,62.39455223999998,19.366594189692748,-4.036363636,19.782750109962087,425.2295081735723,DJI_0056
00:00:52.382,523.6666667,1571,33,1.71855E+12,100,240,2.8,0,5641,224,10000,0,62.394567,28.755405,39.67050000000003,28.75540081999999,62.39455380999998,19.30222031758983,-4.145454545,19.74235301521083,425.4104797428784,DJI_0056
00:00:52.415,524,1572,34,1.71855E+12,100,240,2.8,0,5641,224,10000,0,62.394567,28.755405,39.63250000000003,28.755401354999993,62.394555379999986,18.73450807954386,-4.023529412,19.16169569505353,425.5914513133317,DJI_0056
00:00:52.449,524.3333333,1573,33,1.71855E+12,100,240,2.8,0,5629,224,10000,0,62.394567,28.755405,39.59450000000002,28.75540187499999,62.39455691499998,18.86922642745295,-4.145454545,19.319226158387618,425.76854421978356,DJI_0056
00:00:52.482,524.6666667,1574,33,1.71855E+12,100,240,2.8,0,5629,224,10000,0,62.394574,28.755407,39.55500000000002,28.75540239499999,62.39455845,18.869226567934795,-4.309090909,19.354998727327864,425.94596504145073,DJI_0056
00:00:52.515,525,1575,34,1.71855E+12,100,240,2.8,0,5618,224,10000,0,62.394574,28.755407,39.51550000000002,28.755402914999994,62.394559984999994,18.31424899170398,-4.182352941,18.78573374278208,426.12338586013254,DJI_0056
00:00:52.549,525.3333333,1576,33,1.71855E+12,100,240,2.8,0,5618,224,10000,0,62.394574,28.755407,39.47550000000001,28.75540343,62.39456149,18.440606628982053,-4.363636364,18.949862668602968,426.29709293459473,DJI_0056
00:00:52.582,525.6666667,1577,33,1.71855E+12,100,240,2.8,0,5618,224,10000,0,62.39458,28.755409,39.43450000000001,28.755403939999997,62.39456298499999,18.445006381566447,-4.472727273,18.979556097870915,426.4710721988252,DJI_0056
00:00:52.615,526,1578,34,1.71855E+12,100,240,2.8,0,5607,224,10000,0,62.39458,28.755409,39.3935,28.755404454999994,62.39456448499999,17.902506018196917,-4.341176471,18.421333688969682,426.64505146144324,DJI_0056
00:00:52.649,526.3333333,1579,33,1.71855E+12,100,240,2.8,0,5607,224,10000,0,62.39458,28.755409,39.352500000000006,28.755404959999993,62.39456595499999,18.076371415546966,-4.472727273,18.621506190665638,426.8157486015243,DJI_0056
00:00:52.682,526.6666667,1580,34,1.71855E+12,100,240,2.8,0,5599,224,10000,0,62.394585,28.755411,39.31,28.75540545999999,62.39456743,17.54044110665013,-4.5,18.108480726330008,426.98677314171744,DJI_0056
00:00:52.716,527,1581,33,1.71855E+12,100,240,2.8,0,5599,224,10000,0,62.394585,28.755411,39.2675,28.75540595999999,62.39456889499999,18.071969456499488,-4.636363636,18.65722240327454,427.1577976804141,DJI_0056
00:00:52.749,527.3333333,1582,33,1.71855E+12,100,240,2.8,0,5592,224,10000,0,62.394585,28.755411,39.22549999999999,28.75540644999999,62.39457032999999,17.643356474919454,-4.581818182,18.228578813290152,427.3248929862026,DJI_0056
00:00:52.782,527.6666667,1583,34,1.71855E+12,100,240,2.8,0,5592,224,10000,0,62.394591,28.755413,39.18149999999999,28.75540694499999,62.394571760000005,17.070530793376903,-4.658823529,17.69484835328709,427.4920109984281,DJI_0056
00:00:52.816,528,1584,33,1.71855E+12,100,200,2.8,0,5587,224,10000,0,62.394591,28.755413,39.13749999999999,28.75540743999999,62.39457319000001,17.587819584241185,-4.8,18.231055858831162,427.6591290104674,DJI_0056
00:00:52.849,528.3333333,1585,33,1.71855E+12,100,200,2.8,0,5587,224,10000,0,62.394591,28.755413,39.09349999999999,28.755407919999985,62.394574585000015,17.154785174754135,-4.8,17.81366482203932,427.8224209380027,DJI_0056
00:00:52.882,528.6666667,1586,34,1.71855E+12,100,200,2.8,0,5584,224,10000,0,62.394598,28.755416,39.047999999999995,28.75540839499999,62.39457598000002,16.645954631631767,-4.817647059,17.329094863313866,427.9860846117118,DJI_0056
00:00:52.916,529,1587,33,1.71855E+12,100,200,2.8,0,5584,224,10000,0,62.394598,28.755416,39.00249999999999,28.755408869999993,62.394577375000026,17.150377327250027,-4.963636364,17.854218784855007,428.1497482839063,DJI_0056
00:00:52.949,529.3333333,1588,34,1.71855E+12,100,200,2.8,0,5582,224,10000,0,62.394598,28.755416,38.95699999999999,28.755409334999996,62.394578735000024,16.229949669920536,-4.817647059,16.92988450851183,428.3096416375978,DJI_0056
00:00:52.983,529.6666667,1589,33,1.71855E+12,100,200,2.8,0,5582,224,10000,0,62.394604,28.755418,38.90899999999999,28.75540981,62.39458009500001,16.726191949822418,-5.236363636,17.52669396305332,428.4703029989258,DJI_0056
00:00:53.016,530,1590,33,1.71855E+12,100,200,2.8,0,5582,224,10000,0,62.394604,28.755418,38.861,28.755410274999996,62.394581455000015,16.726192382841113,-5.236363636,17.52669437629462,428.6309643640418,DJI_0056
00:00:53.049,530.3333333,1591,34,1.71855E+12,100,200,2.8,0,5582,224,10000,0,62.394604,28.755418,38.812999999999995,28.755410734999995,62.394582785000004,15.876454405000489,-5.082352941,16.670096457211834,428.78840416391546,DJI_0056
00:00:53.083,530.6666667,1592,33,1.71855E+12,100,200,2.8,0,5584,224,10000,0,62.39461,28.75542,38.763,28.755411194999994,62.394584110000004,16.297607458348338,-5.454545455,17.186159401742742,428.9459439584314,DJI_0056
00:00:53.116,531,1593,33,1.71855E+12,100,200,2.8,0,5584,224,10000,0,62.39461,28.75542,38.712999999999994,28.75541165499999,62.394585434999996,16.29760743448044,-5.454545455,17.18615938,429.1034837527399,DJI_0056
00:00:53.149,531.3333333,1594,34,1.71855E+12,100,200,2.8,0,5586,224,10000,0,62.39461,28.75542,38.663000000000004,28.75541209999999,62.394586724999996,15.397961110285513,-5.294117647,16.282656049144855,429.2572643932041,DJI_0056
00:00:53.183,531.6666667,1595,33,1.71855E+12,100,200,2.8,0,5586,224,10000,0,62.394615,28.755422,38.610499999999995,28.755412539999988,62.39458802,15.860149304272412,-5.727272727,16.862561752188963,429.41183787593246,DJI_0056
00:00:53.216,532,1596,33,1.71855E+12,100,200,2.8,0,5590,224,10000,0,62.394615,28.755422,38.558,28.755412979999992,62.39458931,15.860149298805727,-5.727272727,16.86256174704672,429.5664113586137,DJI_0056
00:00:53.249,532.3333333,1597,34,1.71855E+12,100,200,2.8,0,5590,224,10000,0,62.394615,28.755422,38.5055,28.755413409999992,62.394590560000005,14.977672619992559,-5.558823529,15.97595681462675,429.7172953951963,DJI_0056
00:00:53.283,532.6666667,1598,33,1.71855E+12,100,200,2.8,0,5593,224,10000,0,62.394621,28.755423,38.4505,28.755413839999992,62.394591814999984,15.43154116058527,-6,16.556946052664333,429.86906740067906,DJI_0056
00:00:53.316,533,1599,34,1.71855E+12,100,200,2.8,0,5593,224,10000,0,62.394621,28.755423,38.3955,28.75541426999999,62.394593069999985,14.977672435593934,-5.823529412,16.069977174770305,430.0208394073297,DJI_0056
00:00:53.350,533.3333333,1600,33,1.71855E+12,100,200,2.8,0,5595,224,10000,0,62.394621,28.755423,38.3405,28.755414689999988,62.394594294999976,15.062905871448606,-6,16.213917888410577,430.16946698797346,DJI_0056
00:00:53.383,533.6666667,1601,33,1.71855E+12,100,200,2.8,0,5595,224,10000,0,62.394626,28.755425,38.282999999999994,28.75541510999999,62.394595519999974,15.062906003253815,-6.272727273,16.316808655520926,430.3190377339824,DJI_0056
00:00:53.416,534,1602,34,1.71855E+12,100,200,2.8,0,5599,224,10000,0,62.394626,28.755425,38.2255,28.755415529999986,62.39459674499998,14.619879484027871,-6.088235294,15.836902636691166,430.4686084811067,DJI_0056
00:00:53.450,534.3333333,1603,33,1.71855E+12,100,200,2.8,0,5599,224,10000,0,62.394626,28.755425,38.168,28.75541593999999,62.39459793499997,14.634307264979471,-6.272727273,15.921999138419897,430.61456013987555,DJI_0056
00:00:53.483,534.6666667,1604,33,1.71855E+12,100,200,2.8,0,5605,224,10000,0,62.394632,28.755428,38.108,28.755416349999987,62.39459912499997,14.634307397454554,-6.545454545,16.031404436599058,430.7615146805444,DJI_0056
00:00:53.516,535,1605,34,1.71855E+12,100,200,2.8,0,5605,224,10000,0,62.394632,28.755428,38.047999999999995,28.755416759999985,62.39460031499997,14.203886429546062,-6.352941176,15.55989239343066,430.9084692198157,DJI_0056
00:00:53.550,535.3333333,1606,33,1.71855E+12,100,200,2.8,0,5611,224,10000,0,62.394632,28.755428,37.988,28.755417154999986,62.39460146999996,14.201286577080047,-6.545454545,15.637119800364728,431.0518094846524,DJI_0056
00:00:53.583,535.6666667,1607,33,1.71855E+12,100,200,2.8,0,5611,224,10000,0,62.394638,28.75543,37.9255,28.755417554999987,62.39460262499996,14.205717593655558,-6.818181818,15.757221063895757,431.1962506777381,DJI_0056
00:00:53.616,536,1608,34,1.71855E+12,100,200,2.8,0,5618,224,10000,0,62.394638,28.75543,37.863,28.755417954999988,62.394603779999954,13.787902356967715,-6.617647059,15.293773373514844,431.34069187071015,DJI_0056
00:00:53.650,536.3333333,1609,33,1.71855E+12,100,200,2.8,0,5618,224,10000,0,62.394638,28.75543,37.8005,28.75541834499999,62.39460490499995,13.837085340946828,-6.818181818,15.425710163179868,431.48209421387264,DJI_0056
00:00:53.683,536.6666667,1610,34,1.71855E+12,100,200,2.8,0,5624,224,10000,0,62.394643,28.755431,37.735499999999995,28.75541873499999,62.39460602999994,13.43011222999788,-6.882352941,15.09088123726597,431.6246192033357,DJI_0056
00:00:53.717,537,1611,33,1.71855E+12,100,200,2.8,0,5624,224,10000,0,62.394643,28.755431,37.6705,28.755419124999985,62.39460715499994,13.837085461671334,-7.090909091,15.548180787768384,431.76714419389026,DJI_0056
00:00:53.750,537.3333333,1612,33,1.71855E+12,100,200,2.8,0,5631,224,10000,0,62.394643,28.755431,37.605,28.75541950499998,62.39460824999994,13.468453575872068,-7.145454545,15.24653279885556,431.90690407787974,DJI_0056
00:00:53.783,537.6666667,1613,34,1.71855E+12,100,200,2.8,0,5631,224,10000,0,62.394648,28.755433,37.53649999999999,28.755419884999984,62.394609349999925,13.130512213126917,-7.252941176,15.000516880708778,432.04857562619753,DJI_0056
00:00:53.817,538,1614,33,1.71855E+12,100,200,2.8,0,5637,224,10000,0,62.394648,28.755433,37.46799999999999,28.755420264999977,62.39461044999993,13.528406809659378,-7.472727273,15.45507824956576,432.19024717681856,DJI_0056
00:00:53.850,538.3333333,1615,33,1.71855E+12,100,200,2.8,0,5637,224,10000,0,62.394648,28.755433,37.39999999999999,28.75542063499998,62.39461151499992,13.099822212322774,-7.418181818,15.054393494327993,432.3282457838499,DJI_0056
00:00:53.883,538.6666667,1616,34,1.71855E+12,100,200,2.8,0,5643,224,10000,0,62.394653,28.755434,37.32949999999999,28.755421004999974,62.39461257999992,12.714533306785603,-7.464705882,14.743852655239042,432.4674932811494,DJI_0056
00:00:53.917,539,1617,33,1.71855E+12,100,200,2.8,0,5643,224,10000,0,62.394653,28.755434,37.258999999999986,28.755421374999973,62.39461364499993,13.099822188795944,-7.690909091,15.190636063796116,432.6067407784009,DJI_0056
00:00:53.950,539.3333333,1618,33,1.71855E+12,100,200,2.8,0,5648,224,10000,0,62.394653,28.755434,37.18849999999999,28.755421734999974,62.39461467499993,12.67124889339401,-7.690909091,14.82263914297854,432.7426149705448,DJI_0056
00:00:53.983,539.6666667,1619,34,1.71855E+12,100,200,2.8,0,5648,224,10000,0,62.394657,28.755436,37.11549999999999,28.755422094999975,62.394615704999936,12.298565239629927,-7.729411765,14.525787867851019,432.8798029670745,DJI_0056
00:00:54.017,540,1620,33,1.71855E+12,100,200,2.8,0,5652,224,10000,0,62.394657,28.755436,37.04249999999999,28.75542245499997,62.394616734999936,12.671248865402319,-7.963636364,14.965963114386978,433.0169909622897,DJI_0056
00:00:54.050,540.3333333,1621,34,1.71855E+12,100,200,2.8,0,5652,224,10000,0,62.394657,28.755436,36.968999999999994,28.75542280499997,62.39461773999994,11.99895605442048,-7.782352941,14.301746875712238,433.15206301611585,DJI_0056
00:00:54.084,540.6666667,1622,33,1.71855E+12,100,200,2.8,0,5657,224,10000,0,62.394661,28.755437,36.893,28.75542315499997,62.394618744999946,12.362560772816892,-8.290909091,14.885297525252833,433.2885116,DJI_0056
00:00:54.117,541,1623,33,1.71855E+12,100,200,2.8,0,5657,224,10000,0,62.394661,28.755437,36.81699999999999,28.75542350499997,62.39461974999995,12.362560920518883,-8.290909091,14.885297647923387,433.4249601385366,DJI_0056
00:00:54.150,541.3333333,1624,34,1.71855E+12,100,200,2.8,0,5662,224,10000,0,62.394661,28.755437,36.74099999999999,28.755423844999974,62.39462072499995,11.64116798994393,-8.047058824,14.151747167026363,433.55861552844743,DJI_0056
00:00:54.184,541.6666667,1625,33,1.71855E+12,100,200,2.8,0,5662,224,10000,0,62.394664,28.755438,36.662,28.75542418499997,62.39462169999995,11.993930787473001,-8.618181818,14.769137875513257,433.69399929230633,DJI_0056
00:00:54.217,542,1626,33,1.71855E+12,100,200,2.8,0,5666,224,10000,0,62.394664,28.755438,36.583,28.75542452499997,62.39462267499996,11.993930941480494,-8.618181818,14.769138000582297,433.82938305731165,DJI_0056
00:00:54.250,542.3333333,1627,34,1.71855E+12,100,200,2.8,0,5666,224,10000,0,62.394664,28.755438,36.504,28.75542485499997,62.394623614999944,11.225207167169184,-8.364705882,13.999056412635008,433.9615963678754,DJI_0056
00:00:54.284,542.6666667,1628,33,1.71855E+12,100,200,2.8,0,5669,224,10000,0,62.394667,28.755439,36.42250000000001,28.755425184999968,62.39462455499994,11.56536540823879,-8.890909091,14.587869669313587,434.0953185065108,DJI_0056
00:00:54.317,543,1629,33,1.71855E+12,100,200,2.8,0,5669,224,10000,0,62.394667,28.755439,36.34100000000001,28.755425514999967,62.394625494999936,11.565365099644646,-8.890909091,14.587869424658457,434.2290406429035,DJI_0056
00:00:54.350,543.3333333,1630,34,1.71855E+12,100,200,2.8,0,5671,224,10000,0,62.394667,28.755439,36.25950000000001,28.75542583499996,62.394626404999926,10.86742287,-8.629411765,13.876873828893967,434.3601,DJI_0056
00:00:54.384,543.6666667,1631,33,1.71855E+12,100,200,2.8,0,5671,224,10000,0,62.394669,28.75544,36.17550000000001,28.75542615499996,62.39462731999992,11.256672389001716,-9.163636364,14.514988965833858,434.49315407236315,DJI_0056
00:00:54.417,544,1632,34,1.71855E+12,100,200,2.8,0,5670,224,10000,0,62.394669,28.75544,36.09150000000001,28.755426474999954,62.39462823499992,10.925593775228728,-8.894117647,14.088077514729697,434.62620813778005,DJI_0056
00:00:54.451,544.3333333,1633,33,1.71855E+12,100,200,2.8,0,5670,224,10000,0,62.394669,28.75544,36.00750000000001,28.75542678499995,62.394629119999905,10.888044093195958,-9.163636364,14.231013160711518,434.75665909175325,DJI_0056
00:00:54.484,544.6666667,1634,33,1.71855E+12,100,200,2.8,0,5668,224,10000,0,62.39467,28.75544,35.921000000000014,28.75542709499995,62.39462999999991,10.828113303561391,-9.436363636,14.362903480579279,434.8883190403252,DJI_0056
00:00:54.517,545,1635,34,1.71855E+12,100,200,2.8,0,5668,224,10000,0,62.39467,28.75544,35.83450000000001,28.75542740499995,62.394630879999895,10.50963907886636,-9.158823529,13.940464913730219,435.01997898673267,DJI_0056
00:00:54.551,545.3333333,1636,33,1.71855E+12,100,200,2.8,0,5665,224,10000,0,62.39467,28.75544,35.74800000000001,28.755427704999953,62.394631729999894,10.459488672926303,-9.436363636,14.087081386034562,435.14911056610464,DJI_0056
00:00:54.584,545.6666667,1637,33,1.71855E+12,100,200,2.8,0,5665,224,10000,0,62.394671,28.75544,35.65850000000001,28.75542800999995,62.39463258499989,10.523968659799118,-9.763636364,14.355574227238648,435.2807033298543,DJI_0056
00:00:54.617,546,1638,34,1.71855E+12,100,200,2.8,0,5662,224,10000,0,62.394671,28.75544,35.56900000000001,28.755428314999946,62.39463343999988,10.214440162052078,-9.476470588,13.933351450165647,435.4122960935503,DJI_0056
00:00:54.651,546.3333333,1639,33,1.71855E+12,100,200,2.8,0,5662,224,10000,0,62.394671,28.75544,35.47950000000001,28.75542860999994,62.39463426999989,10.21525946955494,-9.763636364,14.130821670081906,435.5418286255261,DJI_0056
00:00:54.684,546.6666667,1640,33,1.71855E+12,100,200,2.8,0,5658,224,10000,0,62.394672,28.755441,35.38750000000001,28.755428899999938,62.39463509999989,10.210724605334466,-10.03636364,14.31738425856142,435.6730713145629,DJI_0056
00:00:54.717,547,1641,34,1.71855E+12,100,200,2.8,0,5658,224,10000,0,62.394672,28.755441,35.29550000000001,28.75542918999994,62.394635929999886,9.910409174305565,-9.741176471,13.896284720503507,435.80431400358987,DJI_0056
00:00:54.751,547.3333333,1642,33,1.71855E+12,100,200,2.8,0,5655,224,10000,0,62.394672,28.755441,35.20300000000001,28.75542946999994,62.394636729999895,9.842096233509322,-10.09090909,14.095861256079836,435.93352606510393,DJI_0056
00:00:54.784,547.6666667,1643,34,1.71855E+12,100,200,2.8,0,5655,224,10000,0,62.394673,28.755441,35.10850000000002,28.75542974999994,62.39463752999989,9.552622660319587,-10.00588235,13.833664783828196,436.06417734361787,DJI_0056
00:00:54.818,548,1644,33,1.71855E+12,100,200,2.8,0,5650,224,10000,0,62.394673,28.755441,35.01400000000002,28.755430029999935,62.39463833,9.842096225769044,-10.30909091,14.252866851591863,436.1948286230908,DJI_0056
00:00:54.851,548.3333333,1645,33,1.71855E+12,100,200,2.8,0,5650,224,10000,0,62.394673,28.755441,34.91950000000001,28.75543029999993,62.39463909999989,9.473468330683788,-10.30909091,14.00085560186868,436.3231697994413,DJI_0056
00:00:54.884,548.6666667,1646,34,1.71855E+12,100,200,2.8,0,5647,224,10000,0,62.394674,28.755441,34.82250000000002,28.755430569999927,62.39463987,9.194837056699484,-10.27058824,13.785137329682405,436.45336276311053,DJI_0056
00:00:54.918,549,1647,33,1.71855E+12,100,200,2.8,0,5647,224,10000,0,62.394674,28.755441,34.725500000000025,28.755430839999928,62.39464064,9.47346833,-10.58181818,14.20286866,436.5835557258442,DJI_0056
00:00:54.951,549.3333333,1648,33,1.71855E+12,100,200,2.8,0,5645,224,10000,0,62.394674,28.755441,34.628500000000024,28.755431099999928,62.39464138499989,9.164777118903615,-10.58181818,13.998857655974652,436.7118785876906,DJI_0056
00:00:54.984,549.6666667,1649,34,1.71855E+12,100,200,2.8,0,5645,224,10000,0,62.394674,28.755442,34.52950000000003,28.755431359999925,62.394642129999895,8.895224999,-10.48235294,13.747899874519828,436.8417198642833,DJI_0056
00:00:55.018,550,1650,33,1.71855E+12,100,200,2.8,0,5643,224,10000,0,62.394674,28.755442,34.43050000000002,28.755431619999925,62.39464287499989,9.164777259804092,-10.8,14.164502893565697,436.97156114080764,DJI_0056
00:00:55.051,550.3333333,1651,33,1.71855E+12,100,200,2.8,0,5643,224,10000,0,62.394674,28.755442,34.33150000000003,28.755431869999924,62.394643589999895,8.796148292,-10.8,13.928827114282447,437.09924205602186,DJI_0056
00:00:55.084,550.6666667,1652,34,1.71855E+12,100,200,2.8,0,5641,224,10000,0,62.394674,28.755441,34.23050000000003,28.755432119999927,62.39464430499989,8.537438043166595,-10.69411765,13.684005283177918,437.2284798836963,DJI_0056
00:00:55.118,551,1653,33,1.71855E+12,100,200,2.8,0,5641,224,10000,0,62.394674,28.755441,34.12950000000002,28.755432369999927,62.39464501999989,8.796148129020203,-11.01818182,14.098672011441112,437.35771771046785,DJI_0056
00:00:55.151,551.3333333,1654,34,1.71855E+12,100,200,2.8,0,5638,224,10000,0,62.394674,28.755441,34.02850000000003,28.75543260999992,62.39464570499988,8.179651758027337,-10.69411765,13.463686535704715,437.4848747499717,DJI_0056
00:00:55.185,551.6666667,1655,33,1.71855E+12,100,200,2.8,0,5638,224,10000,0,62.394674,28.755441,33.92550000000003,28.755432849999917,62.39464638999989,8.427520293173085,-11.23636364,14.045603086391235,437.61362611159694,DJI_0056
00:00:55.218,552,1656,33,1.71855E+12,100,200,2.8,0,5634,224,10000,0,62.394674,28.755441,33.82250000000002,28.75543308999991,62.39464707499988,8.427519983222416,-11.23636364,14.045602900417961,437.74237747151744,DJI_0056
00:00:55.251,552.3333333,1657,34,1.71855E+12,100,200,2.8,0,5634,224,10000,0,62.394674,28.755441,33.71950000000002,28.755433319999906,62.39464773499989,7.880041210851143,-10.90588235,13.454862295129953,437.86945117097144,DJI_0056
00:00:55.285,552.6666667,1658,33,1.71855E+12,100,200,2.8,0,5631,224,10000,0,62.394673,28.755442,33.61450000000002,28.755433544999907,62.394648394999884,8.114392375350304,-11.45454545,14.037449027205168,437.99812778705416,DJI_0056
00:00:55.318,553,1659,33,1.71855E+12,100,200,2.8,0,5631,224,10000,0,62.394673,28.755442,33.509500000000024,28.755433769999904,62.39464905499988,8.114392365412849,-11.45454545,14.037449021460787,438.12680440308424,DJI_0056
00:00:55.351,553.3333333,1660,34,1.71855E+12,100,200,2.8,0,5630,224,10000,0,62.394673,28.755442,33.40450000000001,28.755433984999904,62.394649684999884,7.517939837212833,-11.11764706,13.420934971921492,438.25355767781906,DJI_0056
00:00:55.385,553.6666667,1661,33,1.71855E+12,100,200,2.8,0,5630,224,10000,0,62.394673,28.755442,33.29750000000002,28.7554342,62.39465031499989,7.745756191942517,-11.67272727,14.008900776594398,438.3819726016045,DJI_0056
00:00:55.418,554,1662,33,1.71855E+12,100,200,2.8,0,5627,224,10000,0,62.394673,28.755442,33.19050000000002,28.75543441,62.394650944999896,7.745756035367165,-11.67272727,14.008900690021905,438.51038752459635,DJI_0056
00:00:55.451,554.3333333,1663,34,1.71855E+12,100,200,2.8,0,5627,224,10000,0,62.394673,28.755442,33.08300000000003,28.75543462,62.39465155,7.218360659,-11.38235294,13.478230190720478,438.63768192084206,DJI_0056
00:00:55.485,554.6666667,1664,33,1.71855E+12,100,200,2.8,0,5625,224,10000,0,62.394673,28.755442,32.97300000000003,28.75543482,62.39465215,7.437098715162669,-12,14.117734850147624,438.76709449030176,DJI_0056
00:00:55.518,555,1665,34,1.71855E+12,100,200,2.8,0,5625,224,10000,0,62.394673,28.755442,32.86300000000003,28.75543503,62.39465275999991,7.218360508761829,-11.64705882,13.702507349868684,438.8965070597172,DJI_0056
00:00:55.552,555.3333333,1666,33,1.71855E+12,100,200,2.8,0,5623,224,10000,0,62.394673,28.755442,32.75300000000003,28.755435224999907,62.39465333499991,7.068461475706414,-12,13.927065291494266,439.0241718248892,DJI_0056
00:00:55.585,555.6666667,1667,33,1.71855E+12,100,200,2.8,0,5623,224,10000,0,62.394672,28.755442,32.641000000000034,28.75543541999991,62.39465390999992,7.0684613142552815,-12.21818182,14.11549192530173,439.1535638342045,DJI_0056
00:00:55.618,556,1668,34,1.71855E+12,100,200,2.8,0,5619,224,10000,0,62.394672,28.755442,32.52900000000004,28.75543561499991,62.39465448499992,6.8605655436040145,-11.85882353,13.70033047337923,439.28295584423086,DJI_0056
00:00:55.652,556.3333333,1669,33,1.71855E+12,100,200,2.8,0,5619,224,10000,0,62.394672,28.755442,32.41700000000004,28.755435804999916,62.39465503499992,6.764203083995213,-12.21818182,13.965615285539126,439.4109739843483,DJI_0056
00:00:55.685,556.6666667,1670,33,1.71855E+12,100,200,2.8,0,5613,224,10000,0,62.394671,28.755441,32.30300000000004,28.75543599499992,62.394655584999924,6.764203075234826,-12.43636364,14.156891740028122,439.5407454919652,DJI_0056
00:00:55.718,557,1671,34,1.71855E+12,100,200,2.8,0,5613,224,10000,0,62.394671,28.755441,32.18900000000004,28.755436184999926,62.39465613499994,6.565256076512397,-12.07058824,13.740512643136594,439.6705170002615,DJI_0056
00:00:55.752,557.3333333,1672,33,1.71855E+12,100,200,2.8,0,5607,224,10000,0,62.394671,28.755441,32.07500000000004,28.755436364999934,62.39465665499994,6.395570342484508,-12.43636364,13.984507874843036,439.79870832244757,DJI_0056
00:00:55.785,557.6666667,1673,33,1.71855E+12,100,200,2.8,0,5607,224,10000,0,62.394671,28.755441,31.959000000000046,28.755436544999938,62.39465717499995,6.395570339700218,-12.65454545,14.17888714360861,439.9286814545973,DJI_0056
00:00:55.818,558,1674,34,1.71855E+12,100,200,2.8,0,5600,224,10000,0,62.394671,28.755441,31.843000000000043,28.755436724999946,62.39465769499995,6.207465327006636,-12.28235294,13.761861049931591,440.05865458673554,DJI_0056
00:00:55.852,558.3333333,1675,33,1.71855E+12,100,200,2.8,0,5600,224,10000,0,62.394671,28.755441,31.72700000000004,28.75543689499995,62.39465817999995,5.9669960228523165,-12.65454545,13.990802771746203,440.1869036121432,DJI_0056
00:00:55.885,558.6666667,1676,34,1.71855E+12,100,200,2.8,0,5593,224,10000,0,62.394671,28.755442,31.60900000000004,28.755437064999953,62.39465866499995,5.791496131847574,-12.49411765,13.77114386039694,440.3169644152692,DJI_0056
00:00:55.919,559,1677,33,1.71855E+12,100,200,2.8,0,5593,224,10000,0,62.394671,28.755442,31.49100000000004,28.75543723499996,62.39465914999995,5.966996176125106,-12.87272727,14.188451318023194,440.44702521901775,DJI_0056
00:00:55.952,559.3333333,1678,33,1.71855E+12,100,200,2.8,0,5588,224,10000,0,62.394671,28.755442,31.373000000000044,28.755437394999962,62.39465960499996,5.598369272498845,-12.87272727,14.03740880466412,440.5757014663938,DJI_0056
00:00:55.985,559.6666667,1679,34,1.71855E+12,100,200,2.8,0,5588,224,10000,0,62.394671,28.755441,31.253000000000046,28.75543755499996,62.39466005999996,5.433711356172599,-12.70588235,13.81899654348948,440.70621421152674,DJI_0056
00:00:56.019,560,1680,33,1.71855E+12,100,200,2.8,0,5584,224,10000,0,62.394671,28.755441,31.13300000000004,28.755437714999967,62.39466051499997,5.5983694263443695,-13.09090909,14.237754073599058,440.8367269572014,DJI_0056
00:00:56.052,560.3333333,1681,33,1.71855E+12,100,200,2.8,0,5584,224,10000,0,62.394671,28.755441,31.013500000000043,28.755437864999973,62.39466094499997,5.289676871326082,-13.03636364,14.068669384932688,440.96568975989663,DJI_0056
00:00:56.085,560.6666667,1682,34,1.71855E+12,100,200,2.8,0,5580,224,10000,0,62.39467,28.755442,30.892000000000042,28.755438014999978,62.39466137499998,5.134098143484171,-12.86470588,13.851340050203692,441.0965079714819,DJI_0056
00:00:56.119,561,1683,33,1.71855E+12,100,200,2.8,0,5580,224,10000,0,62.39467,28.755442,30.77050000000004,28.755438164999983,62.39466180499998,5.289676867459768,-13.25454545,14.271077624648871,441.2273261830412,DJI_0056
00:00:56.152,561.3333333,1684,34,1.71855E+12,100,200,2.8,0,5574,224,10000,0,62.39467,28.755442,30.649000000000044,28.755438304999988,62.394662204999975,4.776311311,-12.86470588,13.722747799834426,441.3569299122619,DJI_0056
00:00:56.186,561.6666667,1685,33,1.71855E+12,100,200,2.8,0,5574,224,10000,0,62.39467,28.755441,30.525500000000044,28.755438444999992,62.39466260499998,4.921047857,-13.47272727,14.343329187451717,441.48841042981354,DJI_0056
00:00:56.219,562,1686,33,1.71855E+12,100,200,2.8,0,5568,224,10000,0,62.39467,28.755441,30.402000000000044,28.755438584999997,62.39466300499998,4.921048008,-13.47272727,14.343329239196983,441.6198909478395,DJI_0056
00:00:56.252,562.3333333,1687,34,1.71855E+12,100,200,2.8,0,5568,224,10000,0,62.39467,28.755441,30.279000000000043,28.755438710000004,62.39466336999998,4.356004845121264,-13.02352941,13.732701720703883,441.74958868631285,DJI_0056
00:00:56.286,562.6666667,1688,33,1.71855E+12,100,200,2.8,0,5563,224,10000,0,62.39467,28.755442,30.154000000000043,28.755438835000003,62.39466373499997,4.488004674202462,-13.63636364,14.355925577224328,441.8811846707707,DJI_0056
00:00:56.319,563,1689,33,1.71855E+12,100,200,2.8,0,5563,224,10000,0,62.39467,28.755442,30.029000000000043,28.755438960000006,62.39466409999998,4.488004983646708,-13.63636364,14.35592567396398,442.0127806561154,DJI_0056
00:00:56.352,563.3333333,1690,34,1.71855E+12,100,200,2.8,0,5558,224,10000,0,62.39467,28.755442,29.905000000000037,28.75543907500001,62.39466443499999,3.998211886,-13.12941176,13.724691310603829,442.14240274071557,DJI_0056
00:00:56.386,563.6666667,1691,33,1.71855E+12,100,200,2.8,0,5558,224,10000,0,62.394669,28.755442,29.77900000000004,28.75543919000001,62.394664769999984,4.119369515,-13.74545455,14.349450368090341,442.2739393690897,DJI_0056
00:00:56.419,564,1692,33,1.71855E+12,100,200,2.8,0,5554,224,10000,0,62.394669,28.755442,29.653000000000038,28.755439305000014,62.39466510499999,4.1193696669316155,-13.74545455,14.349450411566185,442.40547599786237,DJI_0056
00:00:56.452,564.3333333,1693,34,1.71855E+12,100,200,2.8,0,5554,224,10000,0,62.394669,28.755442,29.528000000000038,28.75543941000002,62.39466540999999,3.640419438454264,-13.23529412,13.726822795843853,442.53511821315647,DJI_0056
00:00:56.486,564.6666667,1694,33,1.71855E+12,100,200,2.8,0,5551,224,10000,0,62.394669,28.755441,29.40100000000004,28.755439515000017,62.394665714999995,3.7507353306347633,-13.85454545,14.353272981189157,442.6666898821507,DJI_0056
00:00:56.519,565,1695,34,1.71855E+12,100,240,2.8,0,5551,224,10000,0,62.394669,28.755441,29.274000000000044,28.755439620000015,62.39466601999999,3.640419134978753,-13.44705882,13.93111777574816,442.79826155003275,DJI_0056
00:00:56.553,565.3333333,1696,33,1.71855E+12,100,240,2.8,0,5548,224,10000,0,62.394669,28.755441,29.148000000000042,28.755439715000016,62.39466629999999,3.4420714925510865,-13.74545455,14.169875681211655,442.9281520771105,DJI_0056
00:00:56.586,565.6666667,1697,33,1.71855E+12,100,240,2.8,0,5548,224,10000,0,62.394669,28.755441,29.02050000000004,28.755439810000016,62.394666579999985,3.4420711865287292,-13.90909091,14.328665812646012,443.05949818039306,DJI_0056
00:00:56.619,566,1698,34,1.71855E+12,100,240,2.8,0,5546,224,10000,0,62.394669,28.755441,28.893000000000043,28.75543990500002,62.39466685999999,3.340833951466704,-13.5,13.907234501915404,443.19084428402226,DJI_0056
00:00:56.653,566.3333333,1699,33,1.71855E+12,100,240,2.8,0,5546,224,10000,0,62.394669,28.755441,28.766500000000043,28.755439995000025,62.39466710999998,3.0779382476274573,-13.8,14.139084265121564,443.32045255645255,DJI_0056
00:00:56.686,566.6666667,1700,33,1.71855E+12,100,240,2.8,0,5543,224,10000,0,62.394669,28.755441,28.63850000000004,28.755440090000025,62.394667359999985,3.0826930818246496,-13.96363636,14.299864934068731,443.4515346516815,DJI_0056
00:00:56.719,567,1701,34,1.71855E+12,100,240,2.8,0,5543,224,10000,0,62.394669,28.755441,28.510500000000043,28.75544018500003,62.394667609999985,2.9920256435156873,-13.55294118,13.879280672438234,443.58261674692125,DJI_0056
00:00:56.753,567.3333333,1702,33,1.71855E+12,100,240,2.8,0,5539,224,10000,0,62.394669,28.755441,28.384000000000043,28.75544027000003,62.39466783499998,2.7739370916006507,-13.8,14.076033780442488,443.7116470565753,DJI_0056
00:00:56.786,567.6666667,1703,33,1.71855E+12,100,240,2.8,0,5539,224,10000,0,62.394669,28.755441,28.256000000000036,28.755440355000033,62.39466806499999,2.833766786442252,-13.96363636,14.248276200854372,443.84225625508316,DJI_0056
00:00:56.819,568,1704,34,1.71855E+12,100,240,2.8,0,5536,224,10000,0,62.394669,28.755441,28.128000000000032,28.755440440000033,62.39466829499998,2.750420550219942,-13.55294118,13.829209223088448,443.9728654533012,DJI_0056
00:00:56.853,568.3333333,1705,33,1.71855E+12,100,240,2.8,0,5536,224,10000,0,62.394669,28.755441,28.00150000000003,28.755440510000035,62.394668494999976,2.460523910335938,-13.8,14.017638100384309,444.1013604692214,DJI_0056
00:00:56.886,568.6666667,1706,34,1.71855E+12,100,240,2.8,0,5532,224,10000,0,62.394669,28.755442,27.874000000000024,28.755440580000037,62.39466869499998,2.3881555707473234,-13.5,13.709605648234573,444.2308400781214,DJI_0056
00:00:56.920,569,1707,33,1.71855E+12,100,240,2.8,0,5532,224,10000,0,62.394669,28.755442,27.74650000000002,28.755440650000036,62.394668894999974,2.4605240677297906,-13.90909091,14.12504826912983,444.36031968725507,DJI_0056
00:00:56.953,569.3333333,1708,33,1.71855E+12,100,240,2.8,0,5527,224,10000,0,62.394669,28.755442,27.621000000000016,28.755440710000034,62.39466906499998,2.091897629786537,-13.69090909,13.84980243285264,444.4872762095562,DJI_0056
00:00:56.986,569.6666667,1709,34,1.71855E+12,100,240,2.8,0,5527,224,10000,0,62.394669,28.755442,27.494500000000013,28.755440770000035,62.39466923499998,2.0303712342178533,-13.39411765,13.547132349394177,444.61522134841164,DJI_0056
00:00:57.020,570,1710,33,1.71855E+12,100,240,2.8,0,5520,224,10000,0,62.394669,28.755442,27.36800000000001,28.75544083000004,62.39466940499999,2.0918977931952583,-13.8,13.957651535168305,444.7431665,DJI_0056
00:00:57.053,570.3333333,1711,33,1.71855E+12,100,240,2.8,0,5520,224,10000,0,62.394669,28.755442,27.243500000000008,28.755440885000038,62.39466954999999,1.7878644284459178,-13.58181818,13.698986982199548,444.86874053482086,DJI_0056
00:00:57.086,570.6666667,1712,34,1.71855E+12,100,240,2.8,0,5514,224,10000,0,62.39467,28.755442,27.117500000000014,28.75544094000004,62.39466969499999,1.7352801742844448,-13.34117647,13.45355666,444.9958019033111,DJI_0056
00:00:57.120,571,1713,33,1.71855E+12,100,240,2.8,0,5514,224,10000,0,62.39467,28.755442,26.99150000000001,28.75544099500004,62.39466984,1.7878645800926833,-13.74545455,13.861240219328188,445.12286327198825,DJI_0056
00:00:57.153,571.3333333,1714,33,1.71855E+12,100,240,2.8,0,5508,224,10000,0,62.39467,28.755442,26.867500000000014,28.75544104000004,62.39466996,1.4791108596325901,-13.52727273,13.607897573581509,445.24760233307944,DJI_0056
00:00:57.186,571.6666667,1715,34,1.71855E+12,100,250,2.8,0,5508,224,10000,0,62.39467,28.755442,26.742000000000008,28.75544108500004,62.39467008,1.4356075929386285,-13.28823529,13.365558962974715,445.3738326121742,DJI_0056
00:00:57.220,572,1716,33,1.71855E+12,100,250,2.8,0,5503,224,10000,0,62.39467,28.755442,26.616500000000006,28.75544113000004,62.3946702,1.4791108592853095,-13.69090909,13.770575901885879,445.50006289127487,DJI_0056
00:00:57.253,572.3333333,1717,34,1.71855E+12,100,250,2.8,0,5503,224,10000,0,62.39467,28.755442,26.493000000000002,28.755441170000037,62.3946703,1.140856490193353,-13.07647059,13.126143248350166,445.6240320219537,DJI_0056
00:00:57.287,572.6666667,1718,33,1.71855E+12,100,250,2.8,0,5496,224,10000,0,62.39467,28.755442,26.368499999999997,28.75544121000003,62.39467039,1.1754278919957215,-13.58181818,13.632586543032193,445.7489973985982,DJI_0056
00:00:57.320,573,1719,33,1.71855E+12,100,250,2.8,0,5496,224,10000,0,62.39467,28.755442,26.244,28.755441250000022,62.394670485000006,1.1754280434977336,-13.58181818,13.632586556094216,445.8739627753624,DJI_0056
00:00:57.353,573.3333333,1720,34,1.71855E+12,100,250,2.8,0,5490,224,10000,0,62.39467,28.755442,26.122000000000003,28.755441280000017,62.394670560000016,0.8990645738033197,-12.91764706,12.94889658017973,445.99625790973073,DJI_0056
00:00:57.387,573.6666667,1721,33,1.71855E+12,100,250,2.8,0,5490,224,10000,0,62.39467,28.755442,25.999000000000006,28.755441315000017,62.39467063500001,0.9318474607588875,-13.41818182,13.450499730340908,446.11955415725885,DJI_0056
00:00:57.420,574,1722,33,1.71855E+12,100,250,2.8,0,5484,224,10000,0,62.39467,28.755442,25.87600000000001,28.75544135000001,62.39467071000002,0.9318476040966225,-13.41818182,13.450499740271313,446.2428504,DJI_0056
00:00:57.453,574.3333333,1723,34,1.71855E+12,100,250,2.8,0,5484,224,10000,0,62.39467,28.755442,25.755000000000013,28.75544138000001,62.39467076500002,0.6686586998748386,-12.81176471,12.829201819902817,446.3640150887327,DJI_0056
00:00:57.487,574.6666667,1724,33,1.71855E+12,100,250,2.8,0,5477,224,10000,0,62.39467,28.755442,25.63300000000001,28.755441410000007,62.394670820000016,0.6889210671005097,-13.30909091,13.326909359005604,446.4861784245236,DJI_0056
00:00:57.520,575,1725,33,1.71855E+12,100,250,2.8,0,5477,224,10000,0,62.39467,28.755442,25.51100000000001,28.75544144000001,62.39467087500003,0.6889213841426602,-13.30909091,13.326909375394392,446.6083417604647,DJI_0056
00:00:57.553,575.3333333,1726,34,1.71855E+12,100,250,2.8,0,5469,224,10000,0,62.39467,28.755442,25.39150000000001,28.755441465000008,62.39467091500003,0.4908448835560231,-12.65294118,12.66245825718428,446.7279316440048,DJI_0056
00:00:57.587,575.6666667,1727,33,1.71855E+12,100,250,2.8,0,5469,224,10000,0,62.39467,28.755442,25.270500000000013,28.755441490000006,62.39467095500003,0.505719119,-13.2,13.209684016947776,446.8490204141602,DJI_0056
00:00:57.620,576,1728,34,1.71855E+12,100,250,2.8,0,5461,224,10000,0,62.39467,28.755442,25.14950000000001,28.755441515000008,62.394670995000034,0.49084502748961456,-12.81176471,12.821163898800686,446.9701091843155,DJI_0056
00:00:57.654,576.3333333,1729,33,1.71855E+12,100,250,2.8,0,5461,224,10000,0,62.39467,28.755442,25.030000000000015,28.755441535000003,62.39467102000003,0.32378766119455843,-13.03636364,13.040384016931094,447.089646,DJI_0056
00:00:57.687,576.6666667,1730,33,1.71855E+12,100,250,2.8,0,5453,224,10000,0,62.394671,28.755442,24.909000000000013,28.755441555000008,62.39467104500003,0.3237876860461231,-13.2,13.203970556830303,447.21068243457495,DJI_0056
00:00:57.720,577,1731,34,1.71855E+12,100,250,2.8,0,5453,224,10000,0,62.394671,28.755442,24.788000000000014,28.755441575000006,62.39467107000003,0.31426449462547107,-12.81176471,12.815618481035992,447.3317188313403,DJI_0056
00:00:57.754,577.3333333,1732,33,1.71855E+12,100,250,2.8,0,5445,224,10000,0,62.394671,28.755442,24.66900000000002,28.755441590000004,62.394671085000034,0.20076553244647127,-12.98181818,12.98337052174022,447.45073306112295,DJI_0056
00:00:57.787,577.6666667,1733,33,1.71855E+12,100,250,2.8,0,5445,224,10000,0,62.39467,28.755442,24.54900000000002,28.755441605000005,62.39467110000003,0.20076539224916976,-13.09090909,13.092448494042813,447.57074717231836,DJI_0056
00:00:57.820,578,1734,34,1.71855E+12,100,250,2.8,0,5438,224,10000,0,62.39467,28.755442,24.429000000000016,28.755441620000003,62.39467111500004,0.19486066381061432,-12.70588235,12.707376481598983,447.69076128353345,DJI_0056
00:00:57.854,578.3333333,1735,33,1.71855E+12,100,250,2.8,0,5438,224,10000,0,62.39467,28.755442,24.310000000000013,28.75544164,62.39467112500004,0.14789312505831947,-12.98181818,12.982660577949115,447.80976900549797,DJI_0056
00:00:57.887,578.6666667,1736,33,1.71855E+12,100,250,2.8,0,5431,224,10000,0,62.394671,28.755443,24.190000000000012,28.755441649999998,62.39467113500004,0.14789299817933582,-13.09090909,13.091744466088528,447.9297766631038,DJI_0056
00:00:57.920,579,1737,34,1.71855E+12,100,250,2.8,0,5431,224,10000,0,62.394671,28.755443,24.070000000000014,28.755441664999992,62.39467114500004,0.14354318427054738,-12.70588235,12.70669315803784,448.0497843207075,DJI_0056
00:00:57.954,579.3333333,1738,33,1.71855E+12,100,250,2.8,0,5424,224,10000,0,62.394671,28.755443,23.95150000000002,28.75544167999999,62.39467115000003,0.10397930863473341,-12.92727273,12.92769089442875,448.1682881539064,DJI_0056
00:00:57.987,579.6666667,1739,34,1.71855E+12,100,320,2.8,0,5424,224,10000,0,62.394671,28.755442,23.832000000000015,28.755441694999988,62.39467115500003,0.10092109366378925,-12.65294118,12.653343648316302,448.2877919550294,DJI_0056
00:00:58.021,580,1740,33,1.71855E+12,100,320,2.8,0,5416,224,10000,0,62.394671,28.755442,23.712500000000013,28.75544170999998,62.39467116000004,0.10397936977429267,-13.03636364,13.03677830481323,448.4072957561568,DJI_0056
00:00:58.054,580.3333333,1741,33,1.71855E+12,100,320,2.8,0,5416,224,10000,0,62.394671,28.755442,23.594000000000005,28.75544171999998,62.39467116000004,0.056272428,-12.92727273,12.92739520365495,448.5257969,DJI_0056
00:00:58.087,580.6666667,1742,34,1.71855E+12,100,320,2.8,0,5409,224,10000,0,62.394671,28.755442,23.474,28.75544173499998,62.39467116000004,0.081926018,-12.70588235,12.70614647480397,448.6457993733413,DJI_0056
00:00:58.121,581,1743,33,1.71855E+12,100,320,2.8,0,5409,224,10000,0,62.394671,28.755442,23.354000000000006,28.755441749999978,62.39467116000004,0.084408624,-13.09090909,13.091181216463536,448.76580186782553,DJI_0056
00:00:58.154,581.3333333,1744,33,1.71855E+12,100,320,2.8,0,5403,224,10000,0,62.394671,28.755442,23.235000000000003,28.75544176499998,62.39467115500003,0.10397942789059675,-12.98181818,12.982234592982019,448.88480568492787,DJI_0056
00:00:58.187,581.6666667,1745,34,1.71855E+12,100,320,2.8,0,5403,224,10000,0,62.394671,28.755442,23.115500000000008,28.755441779999973,62.39467115000003,0.10092106546026633,-12.65294118,12.653343648090226,449.0043094860487,DJI_0056
00:00:58.221,582,1746,33,1.71855E+12,100,320,2.8,0,5397,224,10000,0,62.394671,28.755442,22.996,28.755441794999975,62.39467114500003,0.10397933769291276,-13.03636364,13.03677830455813,449.12381328717385,DJI_0056
00:00:58.254,582.3333333,1747,33,1.71855E+12,100,320,2.8,0,5397,224,10000,0,62.394671,28.755442,22.877999999999997,28.75544180999997,62.39467113500004,0.14789295730333224,-12.87272727,12.873576805412023,449.2418210745568,DJI_0056
00:00:58.287,582.6666667,1748,34,1.71855E+12,100,320,2.8,0,5391,224,10000,0,62.394671,28.755442,22.7595,28.755441829999967,62.39467112500004,0.16070159209561885,-12.54705882,12.548087907039957,449.3603307936788,DJI_0056
00:00:58.321,583,1749,33,1.71855E+12,100,320,2.8,0,5391,224,10000,0,62.394671,28.755442,22.640999999999995,28.755441849999965,62.394671115000044,0.16557133733617166,-12.92727273,12.928332995133179,449.4788405128009,DJI_0056
00:00:58.354,583.3333333,1750,34,1.71855E+12,100,320,2.8,0,5385,224,10000,0,62.394671,28.755442,22.523499999999995,28.755441864999963,62.39467110500004,0.14354330744902682,-12.44117647,12.44200452714236,449.5963483,DJI_0056
00:00:58.388,583.6666667,1751,33,1.71855E+12,100,320,2.8,0,5385,224,10000,0,62.394671,28.755442,22.405499999999993,28.755441879999953,62.39467109500005,0.14789297779761026,-12.87272727,12.873576805647463,449.71435612072014,DJI_0056
00:00:58.421,584,1752,33,1.71855E+12,100,320,2.8,0,5380,224,10000,0,62.394671,28.755442,22.287499999999994,28.755441894999947,62.394671085000056,0.14789299824365493,-12.87272727,12.873576805881958,449.83236390810737,DJI_0056
00:00:58.454,584.3333333,1753,34,1.71855E+12,100,320,2.8,0,5380,224,10000,0,62.394671,28.755442,22.169999999999995,28.755441914999945,62.39467107500006,0.1607015686036639,-12.44117647,12.442214311225685,449.9498737099356,DJI_0056
00:00:58.488,584.6666667,1754,33,1.71855E+12,100,320,2.8,0,5375,224,10000,0,62.394671,28.755442,22.051499999999997,28.755441934999943,62.39467107000006,0.12787969914048405,-12.92727273,12.927905220210047,450.06837950778754,DJI_0056
00:00:58.521,585,1755,33,1.71855E+12,100,320,2.8,0,5375,224,10000,0,62.394671,28.755442,21.933000000000003,28.755441954999938,62.39467106500007,0.12787969915701403,-12.92727273,12.927905220209823,450.18688530563946,DJI_0056
00:00:58.554,585.3333333,1756,34,1.71855E+12,100,320,2.8,0,5370,224,10000,0,62.394671,28.755442,21.8155,28.755441974999936,62.39467106000007,0.1241184909264377,-12.44117647,12.441795584726378,450.30439115282854,DJI_0056
00:00:58.588,585.6666667,1757,33,1.71855E+12,100,320,2.8,0,5370,224,10000,0,62.394671,28.755441,21.698,28.755441994999934,62.394671055000074,0.1278797725486678,-12.81818182,12.818819694503595,450.42189700002814,DJI_0056
00:00:58.621,586,1758,33,1.71855E+12,100,320,2.8,0,5365,224,10000,0,62.394671,28.755441,21.5805,28.755442014999936,62.39467105000008,0.12787965735120801,-12.81818182,12.818819693354394,450.5394028472172,DJI_0056
00:00:58.654,586.3333333,1759,34,1.71855E+12,100,320,2.8,0,5365,224,10000,0,62.394671,28.755441,21.46400000000001,28.75544202999993,62.394671050000085,0.081925983,-12.33529412,12.335566174098838,450.65590541663926,DJI_0056
00:00:58.688,586.6666667,1760,33,1.71855E+12,100,320,2.8,0,5360,224,10000,0,62.394671,28.755441,21.347,28.75544204499993,62.394671050000085,0.08440866,-12.76363636,12.763915466858782,450.77290797508545,DJI_0056
00:00:58.721,587,1761,34,1.71855E+12,100,350,2.8,0,5360,224,10000,0,62.394671,28.755441,21.230000000000004,28.755442059999933,62.39467105,0.081926018,-12.38823529,12.388506188190876,450.8899105335295,DJI_0056
00:00:58.755,587.3333333,1762,33,1.71855E+12,100,350,2.8,0,5354,224,10000,0,62.394671,28.755441,21.11350000000001,28.755442074999934,62.394671050000106,0.084408625,-12.70909091,12.70937120991571,451.0064131029537,DJI_0056
00:00:58.788,587.6666667,1763,33,1.71855E+12,100,350,2.8,0,5354,224,10000,0,62.394671,28.755441,20.997000000000007,28.755442094999935,62.39467105000011,0.11254485669801466,-12.70909091,12.709589217606998,451.12291767078176,DJI_0056
00:00:58.821,588,1764,34,1.71855E+12,100,350,2.8,0,5349,224,10000,0,62.394671,28.755441,20.8805,28.755442114999937,62.39467105000011,0.10923471385385243,-12.33529412,12.335777770030697,451.23942223860985,DJI_0056
00:00:58.855,588.3333333,1765,33,1.71855E+12,100,350,2.8,0,5349,224,10000,0,62.394671,28.755441,20.765,28.75544213499994,62.39467105000013,0.11254485669790858,-12.6,12.60050262270404,451.3549268459846,DJI_0056
00:00:58.888,588.6666667,1766,33,1.71855E+12,100,350,2.8,0,5344,224,10000,0,62.394671,28.755441,20.648999999999997,28.75544215499994,62.39467105000013,0.11254485669790858,-12.65454545,12.655045910858446,451.4709314335008,DJI_0056
00:00:58.921,589,1767,34,1.71855E+12,100,350,2.8,0,5344,224,10000,0,62.394671,28.755441,20.532999999999998,28.755442174999942,62.394671050000134,0.10923471385395532,-12.28235294,12.282838678185762,451.58693602101704,DJI_0056
00:00:58.955,589.3333333,1768,33,1.71855E+12,100,350,2.8,0,5338,224,10000,0,62.394671,28.755441,20.417999999999996,28.755442194999947,62.394671055000146,0.12787983557123392,-12.54545455,12.546106288582816,451.70194199532904,DJI_0056
00:00:58.988,589.6666667,1769,33,1.71855E+12,100,350,2.8,0,5338,224,10000,0,62.394671,28.755441,20.302999999999997,28.75544221499995,62.39467106000015,0.1278796991900738,-12.54545455,12.546106287192325,451.8169479696283,DJI_0056
00:00:59.021,590,1770,34,1.71855E+12,100,350,2.8,0,5333,224,10000,0,62.394671,28.755441,20.188,28.75544223499995,62.39467106500015,0.12411863332823826,-12.17647059,12.177103162135662,451.93195394393734,DJI_0056
00:00:59.055,590.3333333,1771,33,1.71855E+12,100,350,2.8,0,5333,224,10000,0,62.394671,28.755441,20.073999999999998,28.75544225999995,62.39467107500016,0.18584595556868744,-12.43636364,12.437752176943835,452.0459667,DJI_0056
00:00:59.088,590.6666667,1772,34,1.71855E+12,100,350,2.8,0,5327,224,10000,0,62.394671,28.755441,19.96,28.755442284999955,62.39467108500016,0.1803799243168728,-12.07058824,12.071935936837562,452.15997940051835,DJI_0056
00:00:59.122,591,1773,33,1.71855E+12,100,350,2.8,0,5327,224,10000,0,62.394671,28.755441,19.846,28.755442309999957,62.39467109500017,0.18584588163859933,-12.43636364,12.437752175839165,452.27399212879686,DJI_0056
00:00:59.155,591.3333333,1774,33,1.71855E+12,100,350,2.8,0,5321,224,10000,0,62.394671,28.755441,19.7335,28.755442334999955,62.39467110500018,0.18584602932115912,-12.27272727,12.274134326190184,452.38650502678695,DJI_0056
00:00:59.188,591.6666667,1775,34,1.71855E+12,100,350,2.8,0,5321,224,10000,0,62.394671,28.755441,19.621000000000002,28.75544235999996,62.394671115000186,0.18037992421337556,-11.91176471,11.913130374731763,452.4990179247705,DJI_0056
00:00:59.222,592,1776,33,1.71855E+12,100,400,2.8,0,5316,224,10000,0,62.394671,28.755441,19.5085,28.755442384999967,62.39467112500019,0.18584588153196577,-12.27272727,12.274134323952467,452.61153082274006,DJI_0056
00:00:59.255,592.3333333,1777,33,1.71855E+12,100,400,2.8,0,5316,224,10000,0,62.394671,28.755441,19.397000000000006,28.755442404999968,62.39467113500019,0.16557145062817846,-12.16363636,12.164763190955638,452.7230411519905,DJI_0056
00:00:59.288,592.6666667,1778,34,1.71855E+12,100,400,2.8,0,5310,224,10000,0,62.394671,28.755441,19.285500000000003,28.755442424999966,62.394671145000196,0.16070170205550777,-11.80588235,11.806976038280887,452.83455148124096,DJI_0056
00:00:59.322,593,1779,33,1.71855E+12,100,400,2.8,0,5310,224,10000,0,62.394671,28.755441,19.174,28.755442444999968,62.39467116,0.16557133725956907,-12.16363636,12.164763189413382,452.94606181047726,DJI_0056
00:00:59.355,593.3333333,1780,34,1.71855E+12,100,400,2.8,0,5306,224,10000,0,62.394671,28.755441,19.064000000000004,28.755442469999966,62.39467117,0.18037987144206222,-11.64705882,11.64845552580966,453.05607500155435,DJI_0056
00:00:59.389,593.6666667,1781,33,1.71855E+12,100,400,2.8,0,5306,224,10000,0,62.394671,28.755441,18.954500000000003,28.755442494999965,62.394671180000195,0.2301588263312695,-11.94545455,11.947671630190563,453.1655953248311,DJI_0056
00:00:59.422,594,1782,33,1.71855E+12,100,400,2.8,0,5302,224,10000,0,62.394671,28.755441,18.845000000000006,28.755442519999963,62.39467119500019,0.230158826,-11.94545455,11.947671630189344,453.2751156481078,DJI_0056
00:00:59.455,594.3333333,1783,34,1.71855E+12,100,400,2.8,0,5302,224,10000,0,62.394671,28.755441,18.737500000000004,28.75544253999996,62.39467121500019,0.2598141680434882,-11.38235294,11.385317820747424,453.3826436497482,DJI_0056
00:00:59.489,594.6666667,1784,33,1.71855E+12,100,400,2.8,0,5296,224,10000,0,62.394671,28.755441,18.630000000000006,28.755442559999963,62.394671235000175,0.26768719948939784,-11.72727273,11.730327448822578,453.4901716513624,DJI_0056
00:00:59.522,595,1785,33,1.71855E+12,100,400,2.8,0,5296,224,10000,0,62.394671,28.755441,18.522500000000004,28.75544257999996,62.394671255000176,0.26768733963733704,-11.72727273,11.73032745202116,453.5976996530059,DJI_0056
00:00:59.555,595.3333333,1786,34,1.71855E+12,100,400,2.8,0,5292,224,10000,0,62.394671,28.755441,18.416500000000006,28.755442604999967,62.39467127500017,0.27242470277499686,-11.22352941,11.22683515846852,453.7037309,DJI_0056
00:00:59.589,595.6666667,1787,33,1.71855E+12,100,400,2.8,0,5292,224,10000,0,62.394671,28.755441,18.310500000000005,28.755442629999965,62.394671295000165,0.2806801125007298,-11.56363636,11.567042287290683,453.8097620949138,DJI_0056
00:00:59.622,596,1788,33,1.71855E+12,100,400,2.8,0,5288,224,10000,0,62.394671,28.755441,18.204500000000007,28.75544265499997,62.39467131500016,0.28067997876309236,-11.56363636,11.567042284045082,453.9157933158509,DJI_0056
00:00:59.655,596.3333333,1789,34,1.71855E+12,100,400,2.8,0,5288,224,10000,0,62.394671,28.755441,18.10100000000001,28.755442674999973,62.394671335000154,0.2598140464099496,-10.95882353,10.96190295922626,454.01932239935473,DJI_0056
00:00:59.689,596.6666667,1790,33,1.71855E+12,100,400,2.8,0,5284,224,10000,0,62.394671,28.755441,17.997500000000006,28.755442694999974,62.394671355000156,0.26768747965894435,-11.29090909,11.294081843423546,454.12285148291943,DJI_0056
00:00:59.722,597,1791,34,1.71855E+12,100,400,2.8,0,5284,224,10000,0,62.394671,28.755441,17.89400000000001,28.755442714999976,62.394671375000144,0.2598139102920501,-10.95882353,10.961902956000054,454.2263805663928,DJI_0056
00:00:59.756,597.3333333,1792,33,1.71855E+12,100,400,2.8,0,5279,224,10000,0,62.394671,28.755441,17.792500000000008,28.755442734999978,62.39467140000014,0.3237876731404925,-11.07272727,11.077460345831966,454.32792395289624,DJI_0056
00:00:59.789,597.6666667,1793,33,1.71855E+12,100,400,2.8,0,5279,224,10000,0,62.394671,28.755441,17.69100000000001,28.75544275499998,62.39467142500013,0.32378767310784984,-11.07272727,11.077460345830625,454.4294673393997,DJI_0056
00:00:59.822,598,1794,34,1.71855E+12,100,400,2.8,0,5274,224,10000,0,62.394671,28.755441,17.58950000000001,28.755442774999985,62.39467145000013,0.3142645182962149,-10.74705882,10.751652688952365,454.53101072590647,DJI_0056
00:00:59.856,598.3333333,1795,33,1.71855E+12,100,400,2.8,0,5274,224,10000,0,62.394671,28.755441,17.49050000000001,28.755442799999987,62.39467147500012,0.3346089913680522,-10.8,10.805182237107562,454.6300582297466,DJI_0056
00:00:59.889,598.6666667,1796,33,1.71855E+12,100,400,2.8,0,5269,224,10000,0,62.394671,28.755441,17.391500000000015,28.755442824999985,62.39467150000012,0.3346091314982255,-10.8,10.805182241446651,454.72910573362657,DJI_0056
00:00:59.922,599,1797,34,1.71855E+12,100,400,2.8,0,5269,224,10000,0,62.394671,28.755441,17.292500000000015,28.75544284999999,62.39467152500011,0.32476756495667336,-10.48235294,10.487382759994953,454.8281532,DJI_0056
00:00:59.956,599.3333333,1798,33,1.71855E+12,100,400,2.8,0,5264,224,10000,0,62.394671,28.755441,17.196000000000012,28.755442874999993,62.39467155000011,0.3346091313995164,-10.52727273,10.53258915676491,454.924702,DJI_0056
00:00:59.989,599.6666667,1799,33,1.71855E+12,100,400,2.8,0,5264,224,10000,0,62.394671,28.755442,17.099500000000013,28.755442899999995,62.39467157500011,0.3346091463998093,-10.52727273,10.53258915724107,455.0212507053494,DJI_0056
00:01:00.022,600,1800,34,1.71855E+12,100,400,2.8,0,5259,224,10000,0,62.394671,28.755442,17.003000000000014,28.755442924999993,62.3946716,0.32476753559893384,-10.21764706,10.222807117952573,455.1177994392412,DJI_0056
00:01:00.056,600.3333333,1801,33,1.71855E+12,100,400,2.8,0,5259,224,10000,0,62.394671,28.755442,16.909000000000013,28.755442949999992,62.39467163,0.33460913125145275,-10.25454545,10.260003204193376,455.21184946861297,DJI_0056
00:01:00.089,600.6666667,1802,34,1.71855E+12,100,400,2.8,0,5255,224,10000,0,62.394672,28.755442,16.815000000000012,28.75544297499999,62.39467165,0.32476768616674234,-9.952941176,9.958238404068478,455.30589949798474,DJI_0056
00:01:00.123,601,1803,33,1.71855E+12,100,500,2.8,0,5255,224,10000,0,62.394672,28.755442,16.721000000000014,28.755442999999993,62.39467167500009,0.3346091462023909,-10.25454545,10.260003204680586,455.3999495,DJI_0056
00:01:00.156,601.3333333,1804,33,1.71855E+12,100,500,2.8,0,5250,224,10000,0,62.394672,28.755442,16.62950000000001,28.75544302499999,62.39467170000009,0.33460899092386104,-9.981818182,9.987424963006765,455.4915009228552,DJI_0056
00:01:00.189,601.6666667,1805,34,1.71855E+12,100,500,2.8,0,5250,224,10000,0,62.394672,28.755442,16.538000000000007,28.755443049999993,62.39467172500008,0.3247676860230335,-9.688235294,9.693677174533859,455.58305231839245,DJI_0056
00:01:00.223,602,1806,33,1.71855E+12,100,500,2.8,0,5245,224,10000,0,62.394672,28.755442,16.44650000000001,28.75544308,62.39467175000008,0.3346091460543271,-9.981818182,9.987424968203332,455.6746037139343,DJI_0056
00:01:00.256,602.3333333,1807,33,1.71855E+12,100,500,2.8,0,5245,224,10000,0,62.394672,28.755442,16.357500000000012,28.7554431,62.39467177500008,0.32378767265085334,-9.709090909,9.714488393011209,455.76365319087023,DJI_0056
00:01:00.289,602.6666667,1808,34,1.71855E+12,100,500,2.8,0,5241,224,10000,0,62.394672,28.755442,16.268500000000014,28.755443115000002,62.39467180000007,0.31426436517268497,-9.423529412,9.428768141470503,455.8527026677619,DJI_0056
00:01:00.323,603,1809,33,1.71855E+12,100,500,2.8,0,5241,224,10000,0,62.394672,28.755442,16.17950000000001,28.755443135000004,62.39467182500007,0.3237876725855682,-9.709090909,9.714488393,455.94175214469783,DJI_0056
00:01:00.356,603.3333333,1810,33,1.71855E+12,100,500,2.8,0,5237,224,10000,0,62.394672,28.755442,16.093000000000014,28.75544315500001,62.394671850000066,0.32378767255292557,-9.436363636,9.441917026,456.02830305077373,DJI_0056
00:01:00.389,603.6666667,1811,34,1.71855E+12,100,500,2.8,0,5237,224,10000,0,62.394672,28.755442,16.00650000000001,28.75544317500001,62.39467187500006,0.31426436507763733,-9.158823529,9.16421358,456.1148539568041,DJI_0056
00:01:00.423,604,1812,33,1.71855E+12,100,500,2.8,0,5233,224,10000,0,62.394672,28.755442,15.920000000000009,28.755443195000012,62.394671900000056,0.32378767248764034,-9.436363636,9.441917026459338,456.2014049,DJI_0056
00:01:00.456,604.3333333,1813,34,1.71855E+12,100,500,2.8,0,5233,224,10000,0,62.394672,28.755442,15.836500000000012,28.755443215000014,62.39467192000006,0.259814182,-8.841176471,8.844993204803647,456.2849409098143,DJI_0056
00:01:00.490,604.6666667,1814,33,1.71855E+12,100,500,2.8,0,5229,224,10000,0,62.394672,28.755442,15.75300000000001,28.755443235000016,62.39467194000005,0.2676871983759583,-9.109090909,9.113023297800714,456.36847695671077,DJI_0056
00:01:00.523,605,1815,33,1.71855E+12,100,500,2.8,0,5229,224,10000,0,62.394672,28.755442,15.669500000000012,28.755443255000017,62.39467196000005,0.26768747870344045,-9.109090909,9.113023306034902,456.45201300368274,DJI_0056
00:01:00.556,605.3333333,1816,34,1.71855E+12,100,500,2.8,0,5226,224,10000,0,62.394672,28.755442,15.58850000000001,28.75544327500002,62.39467198000004,0.25981389475762556,-8.576470588,8.580405060996627,456.53305016259213,DJI_0056
00:01:00.590,605.6666667,1817,33,1.71855E+12,100,500,2.8,0,5226,224,10000,0,62.394672,28.755442,15.50750000000001,28.755443295000024,62.394672000000035,0.26768735351037165,-8.836363636,8.840417345,456.6140873215877,DJI_0056
00:01:00.623,606,1818,33,1.71855E+12,100,500,2.8,0,5222,224,10000,0,62.394672,28.755442,15.42650000000001,28.755443315000026,62.39467202000004,0.2676873384291373,-8.836363636,8.840417345,456.69512448057907,DJI_0056
00:01:00.656,606.3333333,1819,34,1.71855E+12,100,500,2.8,0,5222,224,10000,0,62.394672,28.755442,15.348000000000008,28.755443335000027,62.39467204000003,0.2598140453292582,-8.311764706,8.315824424800288,456.77366282236886,DJI_0056
00:01:00.690,606.6666667,1820,33,1.71855E+12,100,500,2.8,0,5219,224,10000,0,62.394672,28.755443,15.269000000000007,28.755443355000025,62.39467206000003,0.267687323,-8.618181818,8.622338102527939,456.85270092164205,DJI_0056
00:01:00.723,607,1821,33,1.71855E+12,100,500,2.8,0,5219,224,10000,0,62.394672,28.755443,15.190000000000008,28.755443375000027,62.39467208000003,0.2676873383343765,-8.618181818,8.622338102993993,456.9317390209195,DJI_0056
00:01:00.756,607.3333333,1822,34,1.71855E+12,100,500,2.8,0,5217,224,10000,0,62.394672,28.755443,15.113500000000005,28.75544339500003,62.39467210000002,0.25981404523728446,-8.1,8.104165801494164,457.0082783646003,DJI_0056
00:01:00.790,607.6666667,1823,33,1.71855E+12,100,500,2.8,0,5217,224,10000,0,62.394672,28.755443,15.036500000000007,28.75544341500003,62.39467212000002,0.26768719809167585,-8.4,8.404264181712687,457.08531745293266,DJI_0056
00:01:00.823,608,1824,34,1.71855E+12,100,500,2.8,0,5214,224,10000,0,62.394672,28.755443,14.959500000000007,28.755443435000032,62.394672140000004,0.2598140451759687,-8.152941176,8.157079941073292,457.1623565,DJI_0056
00:01:00.857,608.3333333,1825,33,1.71855E+12,100,500,2.8,0,5214,224,10000,0,62.394672,28.755443,14.88550000000001,28.755443455000037,62.39467215999999,0.2676872130781572,-8.072727273,8.077164234053736,457.2363972134105,DJI_0056
00:01:00.890,608.6666667,1826,33,1.71855E+12,100,500,2.8,0,5211,224,10000,0,62.394672,28.755443,14.810500000000008,28.75544347500004,62.394672179999986,0.2676873381764419,-8.181818182,8.186196019602296,457.31143734359017,DJI_0056
00:01:00.923,609,1827,34,1.71855E+12,100,500,2.8,0,5211,224,10000,0,62.394672,28.755443,14.735500000000007,28.755443495000037,62.394672199999974,0.25981389442038866,-7.941176471,7.945425539060818,457.3864774736813,DJI_0056
00:01:00.957,609.3333333,1828,33,1.71855E+12,100,500,2.8,0,5209,224,10000,0,62.394672,28.755443,14.663000000000004,28.75544351500004,62.39467221999997,0.2676871979337412,-7.909090909,7.913619617103658,457.4590189868381,DJI_0056
00:01:00.990,609.6666667,1829,33,1.71855E+12,100,500,2.8,0,5209,224,10000,0,62.394672,28.755443,14.589500000000005,28.755443530000033,62.39467223999996,0.2571283269204641,-8.018181818,8.022303575,457.5325567696069,DJI_0056
00:01:01.023,610,1830,34,1.71855E+12,100,500,2.8,0,5208,224,10000,0,62.394672,28.755443,14.516000000000004,28.755443545000034,62.39467225999995,0.2495656102184009,-7.782352941,7.786353465830037,457.60609455233975,DJI_0056
00:01:01.057,610.3333333,1831,33,1.71855E+12,100,500,2.8,0,5208,224,10000,0,62.394672,28.755443,14.445000000000004,28.75544356000003,62.39467227499995,0.20076537580772288,-7.745454545,7.748056069223122,457.67711839964096,DJI_0056
00:01:01.090,610.6666667,1832,33,1.71855E+12,100,500,2.8,0,5206,224,10000,0,62.394672,28.755443,14.373000000000005,28.75544357500003,62.39467228999993,0.20076540588925615,-7.854545455,7.857110858688526,457.7491419158456,DJI_0056
00:01:01.123,611,1833,34,1.71855E+12,100,500,2.8,0,5206,224,10000,0,62.394672,28.755443,14.301000000000004,28.755443590000027,62.39467230499993,0.194860512,-7.623529412,7.626019362098013,457.8211654320432,DJI_0056
00:01:01.157,611.3333333,1834,33,1.71855E+12,100,500,2.8,0,5205,224,10000,0,62.394672,28.755443,14.2315,28.755443605000025,62.39467232499992,0.2571281926565756,-7.581818182,7.586177024668811,457.8907053881027,DJI_0056
00:01:01.190,611.6666667,1835,34,1.71855E+12,100,500,2.8,0,5205,224,10000,0,62.394672,28.755443,14.160500000000003,28.755443620000023,62.39467234499991,0.24956574038073828,-7.517647059,7.521788375101137,457.96174450053417,DJI_0056
00:01:01.224,612,1836,33,1.71855E+12,100,500,2.8,0,5204,224,10000,0,62.394672,28.755443,14.089500000000003,28.75544363500002,62.39467236,0.25712819261958103,-7.745454545,7.749721351,458.03278361292126,DJI_0056
00:01:01.257,612.3333333,1837,33,1.71855E+12,100,500,2.8,0,5204,224,10000,0,62.394672,28.755443,14.021500000000001,28.755443645000017,62.39467237999989,0.1906527010869251,-7.418181818,7.4206313707148475,458.1008060671528,DJI_0056
00:01:01.290,612.6666667,1838,34,1.71855E+12,100,500,2.8,0,5204,224,10000,0,62.394672,28.755443,13.952,28.75544365500002,62.39467239499988,0.18504543247626462,-7.358823529,7.361149743695395,458.17032803695434,DJI_0056
00:01:01.324,613,1839,33,1.71855E+12,100,500,2.8,0,5204,224,10000,0,62.394672,28.755443,13.8825,28.755443665000012,62.39467240999986,0.1906526905050209,-7.581818182,7.584214882935809,458.23985000671456,DJI_0056
00:01:01.357,613.3333333,1840,33,1.71855E+12,100,500,2.8,0,5204,224,10000,0,62.394672,28.755443,13.8155,28.755443680000013,62.39467242499986,0.20076554590887175,-7.309090909,7.311847695472036,458.3068752772564,DJI_0056
00:01:01.390,613.6666667,1841,34,1.71855E+12,100,500,2.8,0,5204,224,10000,0,62.394672,28.755444,13.7465,28.755443695000007,62.39467243999985,0.19486051162368256,-7.305882353,7.308480524295652,458.3758998155414,DJI_0056
00:01:01.424,614,1842,33,1.71855E+12,100,500,2.8,0,5204,224,10000,0,62.394672,28.755444,13.677499999999998,28.755443710000005,62.394672454999835,0.20076525046464513,-7.527272727,7.529949627755775,458.44492435379584,DJI_0056
00:01:01.457,614.3333333,1843,33,1.71855E+12,100,500,2.8,0,5204,224,10000,0,62.394672,28.755444,13.610499999999996,28.755443725000006,62.394672469999826,0.20076539062639143,-7.309090909,7.311847691208554,458.5119496242986,DJI_0056
00:01:01.490,614.6666667,1844,34,1.71855E+12,100,500,2.8,0,5205,224,10000,0,62.394672,28.755444,13.5415,28.75544374,62.394672484999816,0.1948605261789584,-7.305882353,7.308480524683352,458.58097416258727,DJI_0056
00:01:01.524,615,1845,33,1.71855E+12,100,500,2.8,0,5205,224,10000,0,62.394672,28.755444,13.472500000000002,28.75544376,62.39467249999981,0.20076539059085619,-7.527272727,7.529949631491466,458.6499987008759,DJI_0056
00:01:01.557,615.3333333,1846,34,1.71855E+12,100,500,2.8,0,5205,224,10000,0,62.394672,28.755444,13.406,28.755443769999996,62.39467251499979,0.19486039008788117,-7.041176471,7.0438722774900295,458.71652416127444,DJI_0056
00:01:01.591,615.6666667,1847,33,1.71855E+12,100,500,2.8,0,5205,224,10000,0,62.394672,28.755445,13.337000000000003,28.755443779999997,62.394672524999784,0.13384358367242302,-7.527272727,7.528462579812004,458.7855351,DJI_0056
00:01:01.624,616,1848,33,1.71855E+12,100,500,2.8,0,5205,224,10000,0,62.394672,28.755445,13.268000000000004,28.75544379,62.39467253499979,0.13384375394335127,-7.527272727,7.528462582839335,458.8545459752654,DJI_0056
00:01:01.657,616.3333333,1849,34,1.71855E+12,100,500,2.8,0,5205,224,10000,0,62.394672,28.755445,13.201000000000006,28.7554438,62.394672544999786,0.12990700766672872,-7.094117647,7.095306971579872,458.92155720777475,DJI_0056
00:01:01.691,616.6666667,1850,33,1.71855E+12,100,500,2.8,0,5206,224,10000,0,62.394672,28.755445,13.131000000000004,28.755443810000003,62.39467255,0.1338437539275578,-7.636363636,7.637536496622829,458.9915679589938,DJI_0056
00:01:01.724,617,1851,33,1.71855E+12,100,500,2.8,0,5206,224,10000,0,62.394672,28.755445,13.061000000000002,28.75544382,62.39467256,0.13384372382038698,-7.636363636,7.637536496095216,459.06157871020804,DJI_0056
00:01:01.757,617.3333333,1852,34,1.71855E+12,100,500,2.8,0,5206,224,10000,0,62.394672,28.755445,12.993000000000002,28.755443830000004,62.39467257,0.129907158,-7.2,7.201171840039573,459.1295897775862,DJI_0056
00:01:01.791,617.6666667,1853,33,1.71855E+12,100,500,2.8,0,5206,224,10000,0,62.394673,28.755445,12.9225,28.75544384000001,62.39467258499981,0.13384362877401287,-7.690909091,7.692073632096613,459.2001004525471,DJI_0056
00:01:01.824,618,1854,33,1.71855E+12,100,500,2.8,0,5207,224,10000,0,62.394673,28.755445,12.852,28.755443850000006,62.39467259499982,0.1338438489266697,-7.690909091,7.6920736359269295,459.2706111275431,DJI_0056
00:01:01.857,618.3333333,1855,34,1.71855E+12,100,500,2.8,0,5207,224,10000,0,62.394673,28.755445,12.783499999999997,28.75544386000001,62.394672604999826,0.12990703683477375,-7.252941176,7.254104462135044,459.3391221141299,DJI_0056
00:01:01.891,618.6666667,1856,33,1.71855E+12,100,500,2.8,0,5208,224,10000,0,62.394673,28.755445,12.711999999999998,28.755443870000008,62.39467261499983,0.13384372378090334,-7.8,7.801148257942104,459.4106326398277,DJI_0056
00:01:01.924,619,1857,34,1.71855E+12,100,500,2.8,0,5208,224,10000,0,62.394673,28.755445,12.640499999999998,28.755443880000012,62.39467262499983,0.12990717287603704,-7.570588235,7.571702721445084,459.48214316553026,DJI_0056
00:01:01.958,619.3333333,1858,33,1.71855E+12,100,500,2.8,0,5208,224,10000,0,62.394673,28.755445,12.570999999999996,28.755443895000013,62.39467263499984,0.14789314306022747,-7.581818182,7.583260467893438,459.55165638648594,DJI_0056
00:01:01.991,619.6666667,1859,33,1.71855E+12,100,500,2.8,0,5208,224,10000,0,62.394673,28.755445,12.4985,28.755443905000014,62.394672644999844,0.13384372375721318,-7.909090909,7.910223331274988,459.62416676702264,DJI_0056
00:01:02.024,620,1860,34,1.71855E+12,100,500,2.8,0,5207,224,10000,0,62.394673,28.755445,12.425999999999998,28.755443915000015,62.39467265499985,0.12990703679645127,-7.676470588,7.677569702077168,459.6966771475423,DJI_0056
00:01:02.058,620.3333333,1861,33,1.71855E+12,100,500,2.8,0,5207,224,10000,0,62.394673,28.755445,12.355499999999997,28.755443925000012,62.39467266499985,0.13384372374141973,-7.690909091,7.692073633748872,459.76718782251834,DJI_0056
00:01:02.091,620.6666667,1862,33,1.71855E+12,100,500,2.8,0,5205,224,10000,0,62.394673,28.755446,12.2825,28.755443935000013,62.39467267499987,0.13384387896272268,-7.963636364,7.964761033211335,459.84019813198944,DJI_0056
00:01:02.124,621,1863,34,1.71855E+12,100,500,2.8,0,5205,224,10000,0,62.394673,28.755446,12.209499999999998,28.755443945000014,62.39467268499987,0.12990702216643812,-7.729411765,7.730503351191657,459.91320844141734,DJI_0056
00:01:02.158,621.3333333,1864,33,1.71855E+12,100,500,2.8,0,5204,224,10000,0,62.394673,28.755446,12.139,28.755443955000015,62.39467269499987,0.13384373876736255,-7.690909091,7.692073634010133,459.9837191163958,DJI_0056
00:01:02.191,621.6666667,1865,34,1.71855E+12,100,500,2.8,0,5204,224,10000,0,62.394673,28.755446,12.065999999999999,28.755443965000012,62.39467270499988,0.1299071436007201,-7.729411765,7.730503353232107,460.05672942584295,DJI_0056
00:01:02.225,622,1866,33,1.71855E+12,100,500,2.8,0,5201,224,10000,0,62.394673,28.755446,11.992999999999997,28.755443975000016,62.394672714999885,0.1338437538012099,-7.963636364,7.964761031108642,460.1297397352948,DJI_0056
00:01:02.258,622.3333333,1867,33,1.71855E+12,100,640,2.8,0,5201,224,10000,0,62.394673,28.755446,11.921999999999995,28.755443985000014,62.39467272499989,0.13384372369403938,-7.745454545,7.746610888516171,460.2007503351062,DJI_0056
00:01:02.291,622.6666667,1868,34,1.71855E+12,100,640,2.8,0,5200,224,10000,0,62.394673,28.755446,11.848499999999996,28.755443995000014,62.39467272999989,0.080350794,-7.782352941,7.782767730771889,460.2742542525635,DJI_0056
00:01:02.325,623,1869,33,1.71855E+12,100,640,2.8,0,5200,224,10000,0,62.394673,28.755446,11.774999999999999,28.75544400500002,62.394672734999894,0.082785667,-8.018181818,8.018609177158654,460.34775817002077,DJI_0056
00:01:02.358,623.3333333,1870,33,1.71855E+12,100,640,2.8,0,5199,224,10000,0,62.394673,28.755446,11.703499999999998,28.755444015000016,62.394672739999905,0.08278578,-7.8,7.800439313612897,460.4192621970622,DJI_0056
00:01:02.391,623.6666667,1871,34,1.71855E+12,100,640,2.8,0,5199,224,10000,0,62.394673,28.755446,11.63,28.755444020000017,62.39467274499991,0.064953654,-7.782352941,7.782623996972761,460.4927647570336,DJI_0056
00:01:02.425,624,1872,33,1.71855E+12,100,640,2.8,0,5198,224,10000,0,62.394673,28.755446,11.556499999999998,28.755444025000017,62.394672749999906,0.066921792,-8.018181818,8.018461086495147,460.56626731699316,DJI_0056
00:01:02.458,624.3333333,1873,33,1.71855E+12,100,640,2.8,0,5198,224,10000,0,62.394673,28.755446,11.484999999999998,28.755444030000017,62.39467275499992,0.066921932,-7.8,7.800287080933177,460.6377699485684,DJI_0056
00:01:02.491,624.6666667,1874,34,1.71855E+12,100,640,2.8,0,5197,224,10000,0,62.394673,28.755446,11.412,28.755444035000014,62.39467275999992,0.064953504,-7.729411765,7.729684675717238,460.7107725260613,DJI_0056
00:01:02.525,625,1875,33,1.71855E+12,100,640,2.8,0,5197,224,10000,0,62.394673,28.755446,11.339000000000004,28.75544404000001,62.394672764999925,0.066921932,-7.963636364,7.963917545856298,460.7837751,DJI_0056
00:01:02.558,625.3333333,1876,34,1.71855E+12,100,640,2.8,0,5195,224,10000,0,62.394673,28.755446,11.268000000000006,28.75544404500001,62.39467276999992,0.064953518,-7.517647059,7.517927657312304,460.85477775366184,DJI_0056
00:01:02.592,625.6666667,1877,33,1.71855E+12,100,640,2.8,0,5195,224,10000,0,62.394673,28.755446,11.195500000000004,28.75544404500001,62.39467277499993,0.060719844544317295,-7.909090909,7.909323985511572,460.9272798901957,DJI_0056
00:01:02.625,626,1878,33,1.71855E+12,100,640,2.8,0,5193,224,10000,0,62.394673,28.755446,11.123000000000001,28.75544404500002,62.39467277999994,0.060719690046410355,-7.909090909,7.909323984325686,460.99978202671866,DJI_0056
00:01:02.658,626.3333333,1879,34,1.71855E+12,100,640,2.8,0,5193,224,10000,0,62.394673,28.755446,11.0525,28.755444045000022,62.39467278499994,0.058933966763602075,-7.464705882,7.464938521011041,461.07028422386156,DJI_0056
00:01:02.692,626.6666667,1880,33,1.71855E+12,100,640,2.8,0,5191,224,10000,0,62.394674,28.755446,10.9805,28.755444045000022,62.39467278999994,0.06071969,-7.854545455,7.854780148309794,461.1422863752211,DJI_0056
00:01:02.725,627,1881,33,1.71855E+12,100,640,2.8,0,5191,224,10000,0,62.394674,28.755446,10.908500000000002,28.755444045000026,62.39467279499995,0.060719845,-7.854545455,7.85478015,461.21428852659153,DJI_0056
00:01:02.758,627.3333333,1882,34,1.71855E+12,100,640,2.8,0,5189,224,10000,0,62.394674,28.755446,10.838500000000003,28.755444045000026,62.39467279999995,0.058933817,-7.411764706,7.411999005000252,461.2842907394165,DJI_0056
00:01:02.792,627.6666667,1883,33,1.71855E+12,100,640,2.8,0,5189,224,10000,0,62.394674,28.755446,10.767500000000005,28.75544405000003,62.394672804999956,0.066921947,-7.745454545,7.745743648138837,461.35529338952443,DJI_0056
00:01:02.825,628,1884,33,1.71855E+12,100,640,2.8,0,5186,224,10000,0,62.394674,28.755446,10.696500000000004,28.75544405500003,62.39467280999995,0.066921792,-7.745454545,7.745743646798053,461.42629603962007,DJI_0056
00:01:02.858,628.3333333,1885,34,1.71855E+12,100,640,2.8,0,5186,224,10000,0,62.394674,28.755446,10.627500000000003,28.755444060000027,62.394672814999964,0.06495364,-7.305882353,7.306171085482463,461.4952987665385,DJI_0056
00:01:02.892,628.6666667,1886,33,1.71855E+12,100,640,2.8,0,5183,224,10000,0,62.394674,28.755446,10.558000000000007,28.755444065000027,62.394672814999964,0.028136230414686873,-7.581818182,7.581870388604931,461.5647992451007,DJI_0056
00:01:02.925,629,1887,34,1.71855E+12,100,640,2.8,0,5183,224,10000,0,62.394674,28.755446,10.488500000000005,28.75544407000003,62.394672814999964,0.027308694,-7.358823529,7.358874200705349,461.6342997236629,DJI_0056
00:01:02.959,629.3333333,1888,33,1.71855E+12,100,640,2.8,0,5180,224,10000,0,62.394674,28.755446,10.421000000000001,28.755444075000028,62.39467281499998,0.028136195,-7.363636364,7.363690117143883,461.70180021640334,DJI_0056
00:01:02.992,629.6666667,1889,33,1.71855E+12,100,640,2.8,0,5180,224,10000,0,62.394674,28.755446,10.353000000000003,28.75544408000003,62.39467281499998,0.028136194619185657,-7.418181818,7.4182351764450996,461.76980070552077,DJI_0056
00:01:03.025,630,1890,34,1.71855E+12,100,640,2.8,0,5176,224,10000,0,62.394674,28.755446,10.285000000000004,28.755444085000025,62.394672814999986,0.027308659483327256,-7.2,7.200051788902785,461.8378011946382,DJI_0056
00:01:03.059,630.3333333,1891,33,1.71855E+12,100,640,2.8,0,5176,224,10000,0,62.394674,28.755446,10.219000000000001,28.755444090000022,62.394672814999986,0.028136194619185657,-7.2,7.200054975168702,461.90380169857724,DJI_0056
00:01:03.092,630.6666667,1892,33,1.71855E+12,100,640,2.8,0,5176,224,10000,0,62.394674,28.755446,10.152500000000002,28.755444100000023,62.39467281499999,0.056272425,-7.254545455,7.254763699658633,461.97030369915745,DJI_0056
00:01:03.125,631,1893,34,1.71855E+12,100,640,2.8,0,5172,224,10000,0,62.394674,28.755446,10.086000000000002,28.75544411000002,62.39467281500001,0.054617318967477894,-7.041176471,7.041388296458017,462.0368056997351,DJI_0056
00:01:03.159,631.3333333,1894,33,1.71855E+12,100,640,2.8,0,5172,224,10000,0,62.394674,28.755446,10.021500000000001,28.75544412000002,62.39467281500001,0.056272460829373656,-7.036363636,7.036588648840383,462.1013077623495,DJI_0056
00:01:03.192,631.6666667,1895,33,1.71855E+12,100,640,2.8,0,5168,224,10000,0,62.394674,28.755446,9.957,28.75544413000002,62.394672815000014,0.056272389,-7.036363636,7.036588648267863,462.1658098249586,DJI_0056
00:01:03.225,632,1896,34,1.71855E+12,100,640,2.8,0,5168,224,10000,0,62.394674,28.755446,9.8925,28.75544414000002,62.394672815000014,0.054617354,-6.829411765,6.829630158890766,462.23031188757034,DJI_0056
00:01:03.259,632.3333333,1897,33,1.71855E+12,100,640,2.8,0,5165,224,10000,0,62.394674,28.755446,9.829500000000001,28.755444150000017,62.39467281500002,0.056272425,-6.872727273,6.872957642173179,462.29331399929026,DJI_0056
00:01:03.292,632.6666667,1898,34,1.71855E+12,100,640,2.8,0,5165,224,10000,0,62.394674,28.755446,9.766,28.755444160000014,62.39467281500002,0.054617319,-6.723529412,6.723751245,462.35681609438035,DJI_0056
00:01:03.326,633,1899,33,1.71855E+12,100,640,2.8,0,5161,224,10000,0,62.394674,28.755446,9.7025,28.755444170000015,62.39467281500003,0.056272425,-6.927272727,6.927501283,462.4203181894731,DJI_0056
00:01:03.359,633.3333333,1900,33,1.71855E+12,100,640,2.8,0,5161,224,10000,0,62.394674,28.755446,9.6405,28.755444175000015,62.39467281500004,0.028136195,-6.763636364,6.763694885560229,462.4823187259241,DJI_0056
00:01:03.392,633.6666667,1901,34,1.71855E+12,100,640,2.8,0,5158,224,10000,0,62.394674,28.755446,9.578499999999998,28.755444180000012,62.39467281000004,0.064953776,-6.564705882,6.565027213561046,462.54432176071884,DJI_0056
00:01:03.426,634,1902,33,1.71855E+12,100,640,2.8,0,5158,224,10000,0,62.394674,28.755446,9.516499999999999,28.755444185000016,62.39467280500005,0.066921526,-6.763636364,6.763967426754858,462.6063247954641,DJI_0056
00:01:03.459,634.3333333,1903,33,1.71855E+12,100,640,2.8,0,5156,224,10000,0,62.394674,28.755446,9.455999999999996,28.755444190000013,62.39467279500004,0.12465650217451804,-6.6,6.601177110450722,462.66683558564324,DJI_0056
00:01:03.492,634.6666667,1904,34,1.71855E+12,100,640,2.8,0,5156,224,10000,0,62.394674,28.755446,9.395499999999997,28.75544419500001,62.39467279000005,0.064953368,-6.405882353,6.406211646495551,462.7273386956379,DJI_0056
00:01:03.526,635,1905,33,1.71855E+12,100,640,2.8,0,5154,224,10000,0,62.394674,28.755446,9.334999999999997,28.755444200000007,62.394672785000054,0.066921792,-6.6,6.600339273568252,462.7878418056456,DJI_0056
00:01:03.559,635.3333333,1906,33,1.71855E+12,100,640,2.8,0,5154,224,10000,0,62.394674,28.755446,9.275499999999996,28.755444205000003,62.394672780000064,0.066921792,-6.490909091,6.491254066253866,462.8473449679196,DJI_0056
00:01:03.592,635.6666667,1907,34,1.71855E+12,100,640,2.8,0,5152,224,10000,0,62.394674,28.755446,9.215999999999996,28.75544422,62.394672770000064,0.12990700748661346,-6.3,6.301339209294639,462.90685761600736,DJI_0056
00:01:03.626,636,1908,33,1.71855E+12,100,640,2.8,0,5152,224,10000,0,62.394674,28.755446,9.156499999999996,28.75544423,62.39467276000007,0.13384359852860173,-6.490909091,6.492288883,462.9663703,DJI_0056
00:01:03.659,636.3333333,1909,34,1.71855E+12,100,640,2.8,0,5150,224,10000,0,62.394674,28.755446,9.097999999999995,28.75544424,62.39467275000007,0.12990702210895438,-6.194117647,6.195479744135987,463.02488312834816,DJI_0056
00:01:03.693,636.6666667,1910,33,1.71855E+12,100,640,2.8,0,5150,224,10000,0,62.394674,28.755446,9.039499999999993,28.75544425,62.394672740000075,0.13384358349474648,-6.381818182,6.3832215542491495,463.08339599259546,DJI_0056
00:01:03.726,637,1911,33,1.71855E+12,100,640,2.8,0,5149,224,10000,0,62.394674,28.755446,8.980999999999995,28.755444254999997,62.394672730000075,0.13384373873182712,-6.381818182,6.383221558,463.1419088568726,DJI_0056
00:01:03.759,637.3333333,1912,34,1.71855E+12,100,640,2.8,0,5149,224,10000,0,62.394674,28.755446,8.923999999999994,28.755444264999998,62.39467272000008,0.12990702213194782,-6.035294118,6.036692051,463.19892205957825,DJI_0056
00:01:03.793,637.6666667,1913,33,1.71855E+12,100,640,2.8,0,5148,224,10000,0,62.394674,28.755446,8.866999999999994,28.75544427499999,62.39467271000009,0.13384358351843664,-6.218181818,6.219622113023952,463.25593526228096,DJI_0056
00:01:03.826,638,1914,33,1.71855E+12,100,640,2.8,0,5148,224,10000,0,62.394674,28.755446,8.809999999999993,28.75544428499999,62.39467270000009,0.13384358352633335,-6.218181818,6.219622113,463.31294846498366,DJI_0056
00:01:03.859,638.3333333,1915,34,1.71855E+12,100,640,2.8,0,5147,224,10000,0,62.394674,28.755446,8.754499999999993,28.75544429499999,62.394672690000085,0.12990702215494124,-5.876470588,5.8779062946596925,463.3684620244332,DJI_0056
00:01:03.893,638.6666667,1916,33,1.71855E+12,100,640,2.8,0,5147,224,10000,0,62.394674,28.755446,8.698999999999991,28.755444304999987,62.39467268000008,0.13384386390126018,-6.054545455,6.056024673,463.4239755839365,DJI_0056
00:01:03.926,639,1917,33,1.71855E+12,100,640,2.8,0,5145,224,10000,0,62.394674,28.755446,8.643499999999992,28.75544431499999,62.39467267000007,0.13384361364932898,-6.054545455,6.056024667557904,463.4794891433891,DJI_0056
00:01:03.959,639.3333333,1918,34,1.71855E+12,100,640,2.8,0,5145,224,10000,0,62.394674,28.755446,8.588999999999992,28.75544432499999,62.39467266000007,0.12990714362754557,-5.770588235,5.772050281,463.5340029515993,DJI_0056
00:01:03.993,639.6666667,1919,33,1.71855E+12,100,640,2.8,0,5144,224,10000,0,62.394674,28.755446,8.5345,28.755444339999986,62.394672655000065,0.10397930518124829,-5.945454545,5.946363716421426,463.58851128566647,DJI_0056
00:01:04.026,640,1920,34,1.71855E+12,100,640,2.8,0,5144,224,10000,0,62.394674,28.755446,8.479999999999992,28.755444354999987,62.394672650000054,0.1009212936717711,-5.770588235,5.771470669494056,463.64301961976724,DJI_0056
00:01:04.060,640.3333333,1921,33,1.71855E+12,100,640,2.8,0,5144,224,10000,0,62.394674,28.755446,8.4265,28.75544436499998,62.39467264500006,0.082785642,-5.836363636,5.836950741479231,463.6965250015641,DJI_0056
00:01:04.093,640.6666667,1922,33,1.71855E+12,100,640,2.8,0,5144,224,10000,0,62.394674,28.755446,8.3735,28.75544437499998,62.39467264000005,0.082785642,-5.781818182,5.782410825096288,463.7495304341275,DJI_0056
00:01:04.126,641,1923,34,1.71855E+12,100,640,2.8,0,5143,224,10000,0,62.394674,28.755446,8.3205,28.75544438499998,62.39467263500005,0.080350904,-5.611764706,5.612339920388444,463.8025359,DJI_0056
00:01:04.160,641.3333333,1924,33,1.71855E+12,100,640,2.8,0,5143,224,10000,0,62.394674,28.755446,8.2685,28.755444394999977,62.39467263000005,0.082785642,-5.672727273,5.673331311789557,463.8545414037337,DJI_0056
00:01:04.193,641.6666667,1925,33,1.71855E+12,100,640,2.8,0,5143,224,10000,0,62.394674,28.755446,8.2165,28.75544440499997,62.39467262500005,0.082785642,-5.672727273,5.673331311789844,463.90654694075846,DJI_0056
00:01:04.226,642,1926,34,1.71855E+12,100,640,2.8,0,5143,224,10000,0,62.394674,28.755446,8.1645,28.75544441499997,62.394672620000044,0.080350904,-5.505882353,5.506468628098379,463.9585524778016,DJI_0056
00:01:04.260,642.3333333,1927,33,1.71855E+12,100,640,2.8,0,5142,224,10000,0,62.394674,28.755446,8.114,28.75544442499997,62.39467261500003,0.08278578,-5.509090909,5.509712889979839,464.0090581792931,DJI_0056
00:01:04.293,642.6666667,1928,33,1.71855E+12,100,640,2.8,0,5142,224,10000,0,62.394674,28.755445,8.0635,28.75544443499997,62.39467261500003,0.056272425,-5.509090909,5.509378298,464.05956081369146,DJI_0056
00:01:04.326,643,1929,34,1.71855E+12,100,640,2.8,0,5141,224,10000,0,62.394674,28.755445,8.012999999999991,28.75544444499997,62.39467261500003,0.054617354073945024,-5.347058824,5.347337759824907,464.1100634480898,DJI_0056
00:01:04.360,643.3333333,1930,33,1.71855E+12,100,640,2.8,0,5141,224,10000,0,62.394674,28.755445,7.963999999999991,28.75544445499997,62.39467261500003,0.056272425,-5.345454545,5.3457507315046575,464.1590661631286,DJI_0056
00:01:04.393,643.6666667,1931,34,1.71855E+12,100,640,2.8,0,5141,224,10000,0,62.394674,28.755445,7.914999999999991,28.755444469999976,62.39467261500003,0.081926048,-5.188235294,5.188882090060188,464.2080723,DJI_0056
00:01:04.427,644,1932,33,1.71855E+12,100,640,2.8,0,5139,224,10000,0,62.394674,28.755445,7.865999999999991,28.755444484999977,62.39467261500003,0.08440862,-5.345454545,5.3461209407090635,464.25707838038016,DJI_0056
00:01:04.460,644.3333333,1933,33,1.71855E+12,100,640,2.8,0,5139,224,10000,0,62.394674,28.755445,7.817999999999991,28.755444499999975,62.39467261500003,0.08440862,-5.236363636,5.237043913067592,464.3050846162499,DJI_0056
00:01:04.493,644.6666667,1934,34,1.71855E+12,100,640,2.8,0,5137,224,10000,0,62.394674,28.755445,7.769999999999991,28.755444514999976,62.39467261500003,0.081926014,-5.082352941,5.083013209742075,464.3530908521197,DJI_0056
00:01:04.527,645,1935,33,1.71855E+12,100,640,2.8,0,5137,224,10000,0,62.394674,28.755445,7.721999999999992,28.755444529999977,62.394672615000026,0.084408656,-5.236363636,5.237043913644336,464.40109708799474,DJI_0056
00:01:04.560,645.3333333,1936,33,1.71855E+12,100,640,2.8,0,5134,224,10000,0,62.394674,28.755445,7.674999999999992,28.755444544999975,62.394672615000026,0.08440862,-5.127272727,5.127967476008623,464.44810345652485,DJI_0056
00:01:04.593,645.6666667,1937,34,1.71855E+12,100,640,2.8,0,5134,224,10000,0,62.394674,28.755445,7.627999999999991,28.75544455999997,62.39467261500003,0.081925979,-4.976470588,4.9771449026129595,464.49510982504955,DJI_0056
00:01:04.627,646,1938,33,1.71855E+12,100,640,2.8,0,5132,224,10000,0,62.394674,28.755445,7.5809999999999915,28.75544457499997,62.39467261500003,0.08440862,-5.127272727,5.127967476008525,464.54211619357966,DJI_0056
00:01:04.660,646.3333333,1939,33,1.71855E+12,100,640,2.8,0,5132,224,10000,0,62.394674,28.755445,7.534999999999991,28.755444589999964,62.39467261500003,0.08440862,-5.018181818,5.018891668037648,464.58812270053664,DJI_0056
00:01:04.693,646.6666667,1940,34,1.71855E+12,100,640,2.8,0,5132,224,10000,0,62.394674,28.755445,7.4895,28.755444609999962,62.39467261500005,0.1092346734053004,-4.817647059,4.818885285755039,464.6336343949021,DJI_0056
00:01:04.727,647,1941,33,1.71855E+12,100,640,2.8,0,5129,224,10000,0,62.394674,28.755445,7.443999999999991,28.75544462999996,62.39467261500005,0.11254481502353676,-4.963636364,4.964912112595808,464.6791460892676,DJI_0056
00:01:04.760,647.3333333,1942,34,1.71855E+12,100,640,2.8,0,5129,224,10000,0,62.394674,28.755445,7.4,28.75544464499996,62.39467261500005,0.081926048,-4.658823529,4.659543814111203,464.72315289195643,DJI_0056
00:01:04.794,647.6666667,1943,33,1.71855E+12,100,640,2.8,0,5125,224,10000,0,62.394674,28.755445,7.355999999999989,28.755444659999963,62.394672620000044,0.1039793052727314,-4.8,4.801126086234926,464.7671632144136,DJI_0056
00:01:04.827,648,1944,33,1.71855E+12,100,640,2.8,0,5125,224,10000,0,62.394674,28.755445,7.311999999999988,28.755444674999964,62.394672625000055,0.10397951476074005,-4.8,4.801126090771968,464.81117353691235,DJI_0056
00:01:04.860,648.3333333,1945,34,1.71855E+12,100,640,2.8,0,5121,224,10000,0,62.394674,28.755445,7.2685,28.75544468999996,62.39467263000006,0.1009210621860495,-4.605882353,4.606987878204787,464.8546839779843,DJI_0056
00:01:04.894,648.6666667,1946,33,1.71855E+12,100,640,2.8,0,5121,224,10000,0,62.394673,28.755444,7.225,28.75544470499996,62.39467263500006,0.10397933429660264,-4.745454545,4.746593572756766,464.89819441906786,DJI_0056
00:01:04.927,649,1947,33,1.71855E+12,100,640,2.8,0,5116,224,10000,0,62.394673,28.755444,7.181499999999989,28.75544471999996,62.394672640000074,0.10397939544757274,-4.745454545,4.746593574096442,464.9417048601637,DJI_0056
00:01:04.960,649.3333333,1948,34,1.71855E+12,100,640,2.8,0,5116,224,10000,0,62.394673,28.755444,7.138499999999989,28.755444729999958,62.39467264500007,0.080350904,-4.552941176,4.553650143,464.9847115559581,DJI_0056
00:01:04.994,649.6666667,1949,33,1.71855E+12,100,640,2.8,0,5111,224,10000,0,62.394673,28.755444,7.095499999999991,28.75544473999996,62.394672650000075,0.082785642,-4.690909091,4.6916395387707714,465.02771825173016,DJI_0056
00:01:05.027,650,1950,33,1.71855E+12,100,640,2.8,0,5111,224,10000,0,62.394673,28.755444,7.0524999999999896,28.755444749999953,62.39467265500008,0.082785642,-4.690909091,4.691639539,465.07072494750224,DJI_0056
00:01:05.060,650.3333333,1951,34,1.71855E+12,100,640,2.8,0,5105,224,10000,0,62.394673,28.755444,7.01,28.75544475999995,62.394672660000076,0.080350904,-4.5,4.500717305918649,465.1132317220581,DJI_0056
00:01:05.094,650.6666667,1952,33,1.71855E+12,100,640,2.8,0,5105,224,10000,0,62.394673,28.755444,6.9675,28.755444769999944,62.39467266500008,0.082785642,-4.636363636,4.637102676367824,465.1557384965915,DJI_0056
00:01:05.127,651,1953,34,1.71855E+12,100,640,2.8,0,5098,224,10000,0,62.394673,28.755444,6.924999999999988,28.755444779999944,62.394672670000084,0.080350771,-4.5,4.5007173035334604,465.19824527112485,DJI_0056
00:01:05.161,651.3333333,1954,33,1.71855E+12,100,640,2.8,0,5098,224,10000,0,62.394673,28.755444,6.883499999999989,28.75544478999994,62.394672670000084,0.056272425306216185,-4.527272727,4.527622437102778,465.2397484767983,DJI_0056
00:01:05.194,651.6666667,1955,33,1.71855E+12,100,640,2.8,0,5098,224,10000,0,62.394673,28.755444,6.841999999999989,28.75544480499994,62.39467267000009,0.084408584,-4.527272727,4.5280595354086675,465.2812556892062,DJI_0056
00:01:05.227,652,1956,34,1.71855E+12,100,725,2.8,0,5092,224,10000,0,62.394673,28.755444,6.800499999999989,28.755444819999937,62.39467267000009,0.081926048,-4.394117647,4.394881315074292,465.32276290162633,DJI_0056
00:01:05.261,652.3333333,1957,33,1.71855E+12,100,725,2.8,0,5092,224,10000,0,62.394673,28.755444,6.759,28.75544483499994,62.39467267000009,0.08440862,-4.527272727,4.528059536,465.3642701140404,DJI_0056
00:01:05.294,652.6666667,1958,33,1.71855E+12,100,725,2.8,0,5086,224,10000,0,62.394673,28.755443,6.7174999999999905,28.75544484999994,62.39467267000009,0.08440862,-4.527272727,4.528059536,465.4057773264544,DJI_0056
00:01:05.327,653,1959,34,1.71855E+12,100,725,2.8,0,5086,224,10000,0,62.394673,28.755443,6.675999999999991,28.75544486499994,62.39467267,0.081926048,-4.394117647,4.394881315,465.44728453887456,DJI_0056
00:01:05.361,653.3333333,1960,33,1.71855E+12,100,725,2.8,0,5079,224,10000,0,62.394673,28.755443,6.634999999999991,28.755444879999942,62.39467267,0.084408656,-4.472727273,4.473523675737316,465.4882918392355,DJI_0056
00:01:05.394,653.6666667,1961,34,1.71855E+12,100,725,2.8,0,5079,224,10000,0,62.394673,28.755443,6.594,28.75544489499994,62.394672675000095,0.100920975,-4.341176471,4.342349386206505,465.5293029167719,DJI_0056
00:01:05.428,654,1962,33,1.71855E+12,100,725,2.8,0,5074,224,10000,0,62.394673,28.755443,6.552999999999989,28.75544490999994,62.394672680000085,0.10397930513550672,-4.472727273,4.473935734,465.5703139943337,DJI_0056
00:01:05.461,654.3333333,1963,33,1.71855E+12,100,725,2.8,0,5074,224,10000,0,62.394673,28.755443,6.511999999999989,28.755444919999945,62.39467268500009,0.082785715,-4.472727273,4.473493347582227,465.61132101668653,DJI_0056
00:01:05.494,654.6666667,1964,34,1.71855E+12,100,725,2.8,0,5069,224,10000,0,62.394673,28.755443,6.4709999999999885,28.755444929999943,62.39467269000008,0.080350747,-4.341176471,4.3419200120815695,465.65232803902285,DJI_0056
00:01:05.528,655,1965,33,1.71855E+12,100,725,2.8,0,5069,224,10000,0,62.394673,28.755443,6.43,28.755444939999943,62.394672695000075,0.082785691,-4.472727273,4.473493347131522,465.69333506137156,DJI_0056
00:01:05.561,655.3333333,1966,33,1.71855E+12,100,725,2.8,0,5065,224,10000,0,62.394673,28.755443,6.3895,28.75544494999994,62.39467270000007,0.082785642,-4.418181818,4.418957347733391,465.73384217039245,DJI_0056
00:01:05.594,655.6666667,1967,34,1.71855E+12,100,725,2.8,0,5065,224,10000,0,62.394672,28.755443,6.3489999999999895,28.75544495999994,62.39467270500007,0.080350684,-4.288235294,4.288988012358456,465.77434927939805,DJI_0056
00:01:05.628,656,1968,33,1.71855E+12,100,725,2.8,0,5060,224,10000,0,62.394672,28.755443,6.3085,28.75544496999994,62.39467271000006,0.082785667,-4.418181818,4.418957348188983,465.8148563884231,DJI_0056
00:01:05.661,656.3333333,1969,33,1.71855E+12,100,800,2.8,0,5060,224,10000,0,62.394672,28.755443,6.267999999999989,28.75544497999994,62.39467271500006,0.082785642,-4.418181818,4.418957347733129,465.8553635,DJI_0056
00:01:05.694,656.6666667,1970,34,1.71855E+12,100,800,2.8,0,5056,224,10000,0,62.394672,28.755442,6.227499999999988,28.755444989999937,62.39467272000005,0.080350794,-4.288235294,4.288988014418674,465.89587060646903,DJI_0056
00:01:05.728,657,1971,33,1.71855E+12,100,800,2.8,0,5056,224,10000,0,62.394672,28.755442,6.186999999999987,28.755444999999938,62.394672725000056,0.082785642,-4.418181818,4.418957348,465.9363777154899,DJI_0056
00:01:05.761,657.3333333,1972,34,1.71855E+12,100,800,2.8,0,5052,224,10000,0,62.394672,28.755442,6.146499999999987,28.755445009999935,62.394672730000046,0.080350794,-4.288235294,4.288988014418254,465.97688482451497,DJI_0056
00:01:05.795,657.6666667,1973,33,1.71855E+12,100,800,2.8,0,5052,224,10000,0,62.394672,28.755442,6.105999999999989,28.755445019999932,62.39467273500004,0.082785667,-4.418181818,4.418957348188192,466.0173919,DJI_0056
00:01:05.828,658,1974,33,1.71855E+12,100,800,2.8,0,5048,224,10000,0,62.394672,28.755442,6.0655,28.755445029999933,62.39467274000003,0.082785529,-4.418181818,4.418957345609427,466.0578990425414,DJI_0056
00:01:05.861,658.3333333,1975,34,1.71855E+12,100,800,2.8,0,5048,224,10000,0,62.394672,28.755442,6.024999999999993,28.75544503999993,62.39467274500004,0.080350904,-4.288235294,4.288988016478103,466.09840615158595,DJI_0056
00:01:05.895,658.6666667,1976,33,1.71855E+12,100,800,2.8,0,5045,224,10000,0,62.394672,28.755441,5.984499999999996,28.755445049999935,62.394672750000026,0.082785553,-4.418181818,4.418957346064825,466.13891326059155,DJI_0056
00:01:05.928,659,1977,33,1.71855E+12,100,800,2.8,0,5045,224,10000,0,62.394672,28.755441,5.943999999999997,28.755445059999932,62.39467275500003,0.08278578,-4.418181818,4.418957350310727,466.1794203696361,DJI_0056
00:01:05.961,659.3333333,1978,34,1.71855E+12,100,800,2.8,0,5041,224,10000,0,62.394672,28.755441,5.9035,28.755445069999933,62.39467276000002,0.080350684,-4.288235294,4.288988012356803,466.2199274786417,DJI_0056
00:01:05.995,659.6666667,1979,33,1.71855E+12,100,800,2.8,0,5041,224,10000,0,62.394672,28.755441,5.8629999999999995,28.75544507999993,62.39467276000002,0.056272389,-4.418181818,4.418540161672771,466.2604308,DJI_0056
00:01:06.028,660,1980,33,1.71855E+12,100,800,2.8,0,5041,224,10000,0,62.394672,28.755441,5.822499999999999,28.755445089999935,62.39467276000003,0.056272461,-4.418181818,4.418540162584523,466.3009340482807,DJI_0056
00:01:06.061,660.3333333,1981,34,1.71855E+12,100,800,2.8,0,5037,224,10000,0,62.394672,28.755441,5.7814999999999985,28.755445099999932,62.39467275500003,0.08035077,-4.341176471,4.3419200125169946,466.34194107062115,DJI_0056
00:01:06.095,660.6666667,1982,33,1.71855E+12,100,800,2.8,0,5037,224,10000,0,62.394672,28.755442,5.7405,28.755445109999933,62.39467275000003,0.082785667,-4.472727273,4.473493347,466.3829480929657,DJI_0056
00:01:06.128,661,1983,34,1.71855E+12,100,800,2.8,0,5034,224,10000,0,62.394672,28.755442,5.6995,28.75544511999993,62.39467274500004,0.08035077,-4.341176471,4.341920012517225,466.42395511530617,DJI_0056
00:01:06.162,661.3333333,1984,33,1.71855E+12,100,800,2.8,0,5034,224,10000,0,62.394672,28.755442,5.658499999999999,28.755445129999934,62.39467274000004,0.082785691,-4.472727273,4.473493347130535,466.4649621376549,DJI_0056
00:01:06.195,661.6666667,1985,33,1.71855E+12,100,800,2.8,0,5031,224,10000,0,62.394671,28.755442,5.617499999999999,28.755445139999935,62.39467273500004,0.082785667,-4.472727273,4.473493346680378,466.50596915999944,DJI_0056
00:01:06.228,662,1986,34,1.71855E+12,100,800,2.8,0,5031,224,10000,0,62.394671,28.755442,5.576499999999998,28.755445149999932,62.394672730000046,0.080350794,-4.341176471,4.341920012954694,466.5469762,DJI_0056
00:01:06.262,662.3333333,1987,33,1.71855E+12,100,800,2.8,0,5028,224,10000,0,62.394671,28.755442,5.535499999999997,28.75544515999993,62.39467272500005,0.082785642,-4.472727273,4.473493346230341,466.58798320468446,DJI_0056
00:01:06.295,662.6666667,1988,33,1.71855E+12,100,800,2.8,0,5028,224,10000,0,62.394671,28.755442,5.494499999999997,28.75544516999993,62.394672720000045,0.08278578,-4.472727273,4.473493349,466.62899022704823,DJI_0056
00:01:06.328,663,1989,34,1.71855E+12,100,800,2.8,0,5025,224,10000,0,62.394671,28.755442,5.4534999999999965,28.755445179999928,62.39467271500005,0.080350684,-4.341176471,4.341920011,466.6699972493736,DJI_0056
00:01:06.362,663.3333333,1990,33,1.71855E+12,100,800,2.8,0,5025,224,10000,0,62.394671,28.755442,5.412499999999997,28.75544518999993,62.39467271000005,0.082785756,-4.472727273,4.473493348327634,466.71100427173326,DJI_0056
00:01:06.395,663.6666667,1991,33,1.71855E+12,100,800,2.8,0,5022,224,10000,0,62.394671,28.755443,5.371499999999997,28.75544519999993,62.394672705000055,0.082785553,-4.472727273,4.473493344584056,466.7520112940586,DJI_0056
00:01:06.428,664,1992,34,1.71855E+12,100,800,2.8,0,5022,224,10000,0,62.394671,28.755443,5.330499999999996,28.75544520999993,62.39467270000006,0.080350904,-4.341176471,4.341920014990646,466.79301831642243,DJI_0056
00:01:06.462,664.3333333,1993,33,1.71855E+12,100,800,2.8,0,5020,224,10000,0,62.394671,28.755443,5.289499999999996,28.755445219999928,62.39467269500006,0.082785553,-4.472727273,4.473493344584292,466.8340253387478,DJI_0056
00:01:06.495,664.6666667,1994,34,1.71855E+12,100,800,2.8,0,5020,224,10000,0,62.394671,28.755443,5.2484999999999955,28.75544522999993,62.394672690000064,0.08035088,-4.341176471,4.341920014553844,466.87503236110746,DJI_0056
00:01:06.529,665,1995,33,1.71855E+12,100,800,2.8,0,5018,224,10000,0,62.394671,28.755443,5.207499999999995,28.755445239999926,62.39467268500007,0.082785553,-4.472727273,4.473493344584528,466.9160393834328,DJI_0056
00:01:06.562,665.3333333,1996,33,1.71855E+12,100,800,2.8,0,5018,224,10000,0,62.394671,28.755443,5.166499999999996,28.755445249999926,62.39467268000007,0.082785667,-4.472727273,4.473493346681582,466.95704640577736,DJI_0056
00:01:06.595,665.6666667,1997,34,1.71855E+12,100,800,2.8,0,5016,224,10000,0,62.394671,28.755443,5.125499999999995,28.755445259999927,62.39467267500007,0.080350794,-4.341176471,4.341920013,466.9980534281219,DJI_0056
00:01:06.629,666,1998,33,1.71855E+12,100,800,2.8,0,5016,224,10000,0,62.394671,28.755443,5.084499999999995,28.75544526999993,62.39467267000007,0.082785667,-4.472727273,4.473493346681914,467.0390604504665,DJI_0056
00:01:06.662,666.3333333,1999,33,1.71855E+12,100,800,2.8,0,5014,224,10000,0,62.394671,28.755443,5.043499999999995,28.755445279999932,62.39467266500008,0.082785691,-4.472727273,4.4734933471322105,467.0800674728152,DJI_0056
00:01:06.695,666.6666667,2000,34,1.71855E+12,100,800,2.8,0,5014,224,10000,0,62.39467,28.755443,5.002499999999995,28.755445289999933,62.394672660000076,0.080350771,-4.341176471,4.341920012519174,467.12107449515565,DJI_0056
00:01:06.729,667,2001,33,1.71855E+12,100,800,2.8,0,5013,224,10000,0,62.39467,28.755443,4.961499999999995,28.755445299999934,62.394672655000086,0.082785691,-4.472727273,4.4734933471325435,467.16208151750436,DJI_0056
00:01:06.762,667.3333333,2002,33,1.71855E+12,100,800,2.8,0,5013,224,10000,0,62.39467,28.755443,4.920499999999993,28.75544530999993,62.39467265000008,0.082785618,-4.472727273,4.473493345781936,467.2030885398407,DJI_0056
00:01:06.795,667.6666667,2003,34,1.71855E+12,100,800,2.8,0,5011,224,10000,0,62.394671,28.755443,4.879499999999993,28.755445319999936,62.394672645000085,0.080350928,-4.341176471,4.341920015428938,467.2440955622086,DJI_0056
00:01:06.829,668,2004,33,1.71855E+12,100,800,2.8,0,5011,224,10000,0,62.394671,28.755443,4.838499999999993,28.755445329999933,62.39467264000009,0.082785529,-4.472727273,4.473493344135319,467.28510258452985,DJI_0056
00:01:06.862,668.3333333,2005,34,1.71855E+12,100,800,2.8,0,5010,224,10000,0,62.394671,28.755443,4.797499999999992,28.755445339999937,62.39467263500009,0.080350928,-4.341176471,4.341920015429167,467.3261096068978,DJI_0056
00:01:06.896,668.6666667,2006,33,1.71855E+12,100,800,2.8,0,5010,224,10000,0,62.39467,28.755444,4.756499999999992,28.755445349999942,62.39467263000009,0.082785691,-4.472727273,4.473493347133134,467.3671166292465,DJI_0056
00:01:06.929,669,2007,33,1.71855E+12,100,800,2.8,0,5009,224,10000,0,62.39467,28.755444,4.7154999999999925,28.755445359999943,62.394672625000084,0.082785642,-4.472727273,4.473493346232606,467.40812365158695,DJI_0056
00:01:06.962,669.3333333,2008,34,1.71855E+12,100,800,2.8,0,5009,224,10000,0,62.39467,28.755444,4.674499999999992,28.755445369999943,62.394672620000094,0.080350818,-4.341176471,4.3419200133941525,467.44913067393566,DJI_0056
00:01:06.996,669.6666667,2009,33,1.71855E+12,100,800,2.8,0,5007,224,10000,0,62.39467,28.755444,4.633499999999993,28.755445379999948,62.39467261500009,0.082785667,-4.472727273,4.473493346683117,467.49013769628027,DJI_0056
00:01:07.029,670,2010,33,1.71855E+12,100,800,2.8,0,5007,224,10000,0,62.39467,28.755444,4.592499999999992,28.75544538999995,62.394672610000086,0.08278578,-4.472727273,4.4734933487803685,467.5311447186441,DJI_0056
00:01:07.062,670.3333333,2011,34,1.71855E+12,100,800,2.8,0,5006,224,10000,0,62.39467,28.755444,4.551499999999991,28.755445399999953,62.39467260500009,0.080350818,-4.341176471,4.341920013394591,467.5721517409928,DJI_0056
00:01:07.096,670.6666667,2012,33,1.71855E+12,100,800,2.8,0,5006,224,10000,0,62.39467,28.755444,4.510499999999991,28.75544540999995,62.394672600000085,0.082785642,-4.472727273,4.473493346233293,467.6131587633333,DJI_0056
00:01:07.129,671,2013,33,1.71855E+12,100,800,2.8,0,5005,224,10000,0,62.39467,28.755444,4.469499999999992,28.75544541999995,62.39467259500008,0.08278578,-4.472727273,4.473493348780529,467.6541657856971,DJI_0056
00:01:07.162,671.3333333,2014,34,1.71855E+12,100,800,2.8,0,5005,224,10000,0,62.39467,28.755444,4.428499999999992,28.75544542999995,62.394672590000084,0.080350794,-4.341176471,4.341920013,467.6951728080417,DJI_0056
00:01:07.196,671.6666667,2015,33,1.71855E+12,100,800,2.8,0,5004,224,10000,0,62.39467,28.755444,4.3875,28.755445434999945,62.39467258500008,0.066921792,-4.472727273,4.473227892967066,467.7361773970606,DJI_0056
00:01:07.229,672,2016,34,1.71855E+12,100,800,2.8,0,5004,224,10000,0,62.39467,28.755444,4.3465,28.755445439999946,62.394672580000076,0.06495364,-4.341176471,4.341662368738742,467.7771819860987,DJI_0056
00:01:07.263,672.3333333,2017,33,1.71855E+12,100,800,2.8,0,5003,224,10000,0,62.39467,28.755444,4.305499999999991,28.755445444999943,62.39467257500008,0.066921777,-4.472727273,4.4732278927417815,467.8181865751155,DJI_0056
00:01:07.296,672.6666667,2018,33,1.71855E+12,100,800,2.8,0,5003,224,10000,0,62.394671,28.755445,4.264499999999989,28.75544545499994,62.394672570000075,0.082785667,-4.472727273,4.473493346684374,467.8591935974601,DJI_0056
00:01:07.329,673,2019,34,1.71855E+12,100,800,2.8,0,5003,224,10000,0,62.394671,28.755445,4.223499999999988,28.755445464999937,62.39467256500007,0.080350904,-4.341176471,4.341920014993836,467.9002006198239,DJI_0056
00:01:07.363,673.3333333,2020,33,1.71855E+12,100,800,2.8,0,5003,224,10000,0,62.394671,28.755445,4.182999999999988,28.755445474999938,62.394672560000075,0.082785642,-4.418181818,4.418957348,467.9407077288448,DJI_0056
00:01:07.396,673.6666667,2021,33,1.71855E+12,100,800,2.8,0,5002,224,10000,0,62.394671,28.755445,4.142499999999988,28.755445484999942,62.39467255500007,0.082785691,-4.418181818,4.418957349,467.9812148378741,DJI_0056
00:01:07.429,674,2022,34,1.71855E+12,100,800,2.8,0,5002,224,10000,0,62.394671,28.755445,4.101999999999988,28.75544549499994,62.39467255000007,0.080350881,-4.288235294,4.288988016040371,468.0217219469145,DJI_0056
00:01:07.463,674.3333333,2023,33,1.71855E+12,100,800,2.8,0,5002,224,10000,0,62.394671,28.755445,4.061999999999988,28.75544550499994,62.39467254500007,0.082785691,-4.363636364,4.364421586500701,468.0617291447908,DJI_0056
00:01:07.496,674.6666667,2024,33,1.71855E+12,100,800,2.8,0,5002,224,10000,0,62.394671,28.755445,4.021999999999988,28.755445519999938,62.39467254000007,0.10397927638608871,-4.363636364,4.3648750273023165,468.1017404992077,DJI_0056
00:01:07.529,675,2025,34,1.71855E+12,100,800,2.8,0,5001,224,10000,0,62.394671,28.755445,3.981999999999987,28.75544553499994,62.39467253500007,0.10092120635989035,-4.235294118,4.236496353458804,468.14175185365707,DJI_0056
00:01:07.563,675.3333333,2026,33,1.71855E+12,100,800,2.8,0,5001,224,10000,0,62.394671,28.755445,3.9429999999999854,28.75544554999994,62.39467253000007,0.1039792152467014,-4.254545455,4.2558158679621085,468.18076349911337,DJI_0056
00:01:07.596,675.6666667,2027,34,1.71855E+12,100,800,2.8,0,5000,224,10000,0,62.394672,28.755445,3.903999999999984,28.755445569999942,62.39467252500007,0.12411862862739385,-4.129411765,4.131276673918728,468.2197811121448,DJI_0056
00:01:07.630,676,2028,33,1.71855E+12,100,800,2.8,0,5000,224,10000,0,62.394672,28.755445,3.8649999999999824,28.75544558999994,62.39467252000008,0.12787965249137795,-4.254545455,4.256466871751274,468.2587987251359,DJI_0056
00:01:07.663,676.3333333,2029,33,1.71855E+12,100,800,2.8,0,4999,224,10000,0,62.394672,28.755445,3.8269999999999813,28.755445614999935,62.394672515000074,0.15322547496170805,-4.145454545,4.148285360797643,468.29682467427654,DJI_0056
00:01:07.696,676.6666667,2030,34,1.71855E+12,100,800,2.8,0,4999,224,10000,0,62.394672,28.755446,3.7889999999999815,28.755445644999938,62.39467251000009,0.17412824729826887,-4.023529412,4.027295565741686,468.33486024350856,DJI_0056
00:01:07.730,677,2031,33,1.71855E+12,100,800,2.8,0,4999,224,10000,0,62.394672,28.755446,3.750999999999982,28.755445674999937,62.39467251,0.1794049991418167,-4.145454545,4.149334831288775,468.3728958127954,DJI_0056
00:01:07.763,677.3333333,2032,33,1.71855E+12,100,800,2.8,0,4999,224,10000,0,62.394672,28.755446,3.713999999999983,28.75544570499994,62.394672500000105,0.17940499916832747,-4.036363636,4.0403486927101255,468.40993234247856,DJI_0056
00:01:07.796,677.6666667,2033,34,1.71855E+12,100,800,2.8,0,4999,224,10000,0,62.394672,28.755446,3.676999999999984,28.755445739999935,62.394672500000105,0.19116068787852206,-3.917647059,3.9223081069821686,468.44697636348894,DJI_0056
00:01:07.830,678,2034,33,1.71855E+12,100,800,2.8,0,4999,224,10000,0,62.394672,28.755446,3.6399999999999846,28.755445774999938,62.394672500000105,0.19695347179155462,-4.036363636,4.041165930150476,468.4840203845153,DJI_0056
00:01:07.863,678.3333333,2035,33,1.71855E+12,100,800,2.8,0,4998,224,10000,0,62.394672,28.755446,3.604499999999985,28.75544580999994,62.39467250000011,0.19695350758705618,-3.872727273,3.877732225550905,468.51956626324954,DJI_0056
00:01:07.896,678.6666667,2036,34,1.71855E+12,100,800,2.8,0,4998,224,10000,0,62.394672,28.755446,3.5689999999999857,28.755445854999945,62.39467250000011,0.24577807690480363,-3.758823529,3.7668503007613765,468.5551420716456,DJI_0056
00:01:07.930,679,2037,33,1.71855E+12,100,800,2.8,0,4998,224,10000,0,62.394672,28.755446,3.5334999999999868,28.755445899999945,62.39467250000011,0.2532258974170704,-3.872727273,3.8809972795722802,468.59071788004167,DJI_0056
00:01:07.963,679.3333333,2038,34,1.71855E+12,100,800,2.8,0,4998,224,10000,0,62.394672,28.755446,3.4994999999999874,28.75544594499995,62.39467250000011,0.24577807690480363,-3.6,3.608380088500453,468.6247970253219,DJI_0056
00:01:07.997,679.6666667,2039,33,1.71855E+12,100,800,2.8,0,4998,224,10000,0,62.394672,28.755447,3.465499999999988,28.755445999999946,62.39467250000013,0.3094982872472388,-3.709090909,3.7219812683178954,468.65891518694815,DJI_0056
00:01:08.030,680,2040,33,1.71855E+12,100,800,2.8,0,4998,224,10000,0,62.394672,28.755447,3.431499999999989,28.755446054999947,62.39467250000013,0.309498323,-3.709090909,3.721981271,468.69303334860166,DJI_0056
00:01:08.063,680.3333333,2041,34,1.71855E+12,100,800,2.8,0,4998,224,10000,0,62.394672,28.755447,3.3994999999999904,28.755446109999944,62.39467250000013,0.3003953964456996,-3.388235294,3.401525511077248,468.72515886731736,DJI_0056
00:01:08.097,680.6666667,2042,33,1.71855E+12,100,800,2.8,0,4998,224,10000,0,62.394673,28.755447,3.367499999999991,28.755446174999943,62.39467250000013,0.3657707486681018,-3.490909091,3.510019162564878,468.7573340429742,DJI_0056
00:01:08.130,681,2043,33,1.71855E+12,100,800,2.8,0,4998,224,10000,0,62.394673,28.755447,3.3354999999999917,28.75544623999994,62.394672500000134,0.36577071287260027,-3.490909091,3.510019158834665,468.78950921859683,DJI_0056
00:01:08.163,681.3333333,2044,34,1.71855E+12,100,800,2.8,0,4998,224,10000,0,62.394673,28.755447,3.3054999999999923,28.755446304999943,62.394672500000134,0.35501275072928845,-3.176470588,3.1962477142899637,468.81969600256514,DJI_0056
00:01:08.197,681.6666667,2045,33,1.71855E+12,100,800,2.8,0,4998,224,10000,0,62.394673,28.755447,3.275499999999992,28.75544637999994,62.394672500000134,0.422043138,-3.272727273,3.2998279064833684,468.84994442504126,DJI_0056
00:01:08.230,682,2046,34,1.71855E+12,100,800,2.8,0,4998,224,10000,0,62.394673,28.755447,3.2454999999999927,28.75544645499994,62.394672500000134,0.40963014,-3.176470588,3.202774148971421,468.88019284755933,DJI_0056
00:01:08.264,682.3333333,2047,33,1.71855E+12,100,800,2.8,0,4998,224,10000,0,62.394673,28.755447,3.217999999999993,28.755446534999948,62.39467250500014,0.45425583534913405,-3,3.0341964939582686,468.9080063154206,DJI_0056
00:01:08.297,682.6666667,2048,33,1.71855E+12,100,800,2.8,0,4998,224,10000,0,62.394673,28.755447,3.1904999999999926,28.75544662999995,62.39467251000013,0.5380252602231391,-3,3.0478633795887857,468.9359450630668,DJI_0056
00:01:08.330,683,2049,34,1.71855E+12,100,800,2.8,0,4998,224,10000,0,62.394673,28.755447,3.162999999999993,28.755446724999953,62.39467251500012,0.5222010222983292,-2.911764706,2.958220345,468.9638838107704,DJI_0056
00:01:08.364,683.3333333,2050,33,1.71855E+12,100,800,2.8,0,4998,224,10000,0,62.394673,28.755447,3.1384999999999934,28.755446819999957,62.394672520000114,0.5380253304848722,-2.672727273,2.726342298872864,468.98887528184343,DJI_0056
00:01:08.397,683.6666667,2051,33,1.71855E+12,100,800,2.8,0,4998,224,10000,0,62.394673,28.755447,3.1139999999999937,28.75544692999996,62.394672530000115,0.6307965804821591,-2.672727273,2.7461564777572316,469.01404838288954,DJI_0056
00:01:08.430,684,2052,34,1.71855E+12,100,800,2.8,0,4998,224,10000,0,62.394673,28.755447,3.0894999999999935,28.755447039999954,62.39467254000011,0.61224374,-2.594117647,2.6653871695427465,469.03922148393525,DJI_0056
00:01:08.464,684.3333333,2053,33,1.71855E+12,100,800,2.8,0,4998,224,10000,0,62.394673,28.755447,3.067499999999994,28.755447149999956,62.39467255,0.6307965800766776,-2.4,2.4815125076122615,469.0619686819217,DJI_0056
00:01:08.497,684.6666667,2054,33,1.71855E+12,100,800,2.8,0,4998,224,10000,0,62.394673,28.755448,3.045499999999995,28.75544726999996,62.394672560000096,0.686101917,-2.4,2.4961441946673664,469.08485000370615,DJI_0056
00:01:08.530,685,2055,34,1.71855E+12,100,800,2.8,0,4998,224,10000,0,62.394673,28.755448,3.023499999999995,28.75544738999996,62.39467257,0.6659224144867057,-2.329411765,2.422728179484049,469.1077313254013,DJI_0056
00:01:08.564,685.3333333,2056,33,1.71855E+12,100,800,2.8,0,4998,224,10000,0,62.394673,28.755448,3.0044999999999957,28.755447509999964,62.394672580000076,0.686101854,-2.072727273,2.1833309646508114,469.12774519257727,DJI_0056
00:01:08.597,685.6666667,2057,34,1.71855E+12,100,800,2.8,0,4998,224,10000,0,62.394673,28.755448,2.9849999999999968,28.75544764499997,62.39467259000007,0.7466957504589381,-2.064705882,2.195578494241511,469.14848121168956,DJI_0056
00:01:08.631,686,2058,33,1.71855E+12,100,800,2.8,0,4998,224,10000,0,62.394673,28.755448,2.9654999999999974,28.755447779999972,62.394672600000064,0.769322894,-2.127272727,2.262111175800086,469.16921723080105,DJI_0056
00:01:08.664,686.3333333,2059,33,1.71855E+12,100,800,2.8,0,4998,224,10000,0,62.394673,28.755448,2.948999999999998,28.755447919999973,62.394672610000065,0.7971187110455754,-1.8,1.9686031188379955,469.1872627593904,DJI_0056
00:01:08.697,686.6666667,2060,34,1.71855E+12,100,800,2.8,0,4998,224,10000,0,62.394674,28.755448,2.932499999999999,28.75544806999997,62.39467262000006,0.8276956358673846,-1.747058824,1.9332083691380662,469.2055208384323,DJI_0056
00:01:08.731,687,2061,33,1.71855E+12,100,800,2.8,0,4998,224,10000,0,62.394674,28.755448,2.9160000000000004,28.75544821999997,62.39467263000005,0.8527773215238964,-1.8,1.9917904408107345,469.22377891747306,DJI_0056
00:01:08.764,687.3333333,2062,33,1.71855E+12,100,800,2.8,0,4998,224,10000,0,62.394674,28.755448,2.902000000000001,28.75544836999997,62.394672640000046,0.8527773566757257,-1.527272727,1.749225887,469.2398134881033,DJI_0056
00:01:08.797,687.6666667,2063,34,1.71855E+12,100,800,2.8,0,4998,224,10000,0,62.394674,28.755448,2.8875000000000015,28.75544852999997,62.39467265500004,0.8915832786441303,-1.535294118,1.775401016795732,469.2565811643731,DJI_0056
00:01:08.831,688,2064,33,1.71855E+12,100,800,2.8,0,4998,224,10000,0,62.394674,28.755448,2.8730000000000024,28.755448689999966,62.39467267000003,0.9186009533127348,-1.581818182,1.8292010473858042,469.2733488406408,DJI_0056
00:01:08.864,688.3333333,2065,33,1.71855E+12,100,800,2.8,0,4998,224,10000,0,62.394674,28.755448,2.861000000000003,28.755448849999965,62.394672685000025,0.918600953,-1.309090909,1.5992331658891035,469.28800847799477,DJI_0056
00:01:08.897,688.6666667,2066,34,1.71855E+12,100,800,2.8,0,4998,224,10000,0,62.394674,28.755448,2.8490000000000038,28.755449019999965,62.39467270000002,0.9451780830471084,-1.270588235,1.5835896161380292,469.3029646021472,DJI_0056
00:01:08.931,689,2067,33,1.71855E+12,100,800,2.8,0,4998,224,10000,0,62.394674,28.755448,2.8370000000000046,28.755449189999958,62.39467271500001,0.9738197786054562,-1.309090909,1.6315771417457994,469.3179207259465,DJI_0056
00:01:08.964,689.3333333,2068,34,1.71855E+12,100,800,2.8,0,4999,224,10000,0,62.394674,28.755448,2.827500000000005,28.755449359999957,62.39467274,0.9579529827316412,-1.005882353,1.3890547955652595,469.3310395767935,DJI_0056
00:01:08.998,689.6666667,2069,33,1.71855E+12,100,800,2.8,0,4999,224,10000,0,62.394674,28.755448,2.817000000000005,28.755449539999958,62.394672754999995,1.041615935617545,-1.145454545,1.5482344373624046,469.34523172580265,DJI_0056
00:01:09.031,690,2070,33,1.71855E+12,100,800,2.8,0,4999,224,10000,0,62.394674,28.755448,2.8065000000000055,28.75544971999996,62.39467277499999,1.0416158653424379,-1.145454545,1.5482343900829203,469.3594238743784,DJI_0056
00:01:09.064,690.3333333,2071,34,1.71855E+12,100,800,2.8,0,4999,224,10000,0,62.394674,28.755448,2.798000000000006,28.755449904999963,62.39467279499998,1.037555602431565,-0.9,1.3735070542727752,469.37239588544656,DJI_0056
00:01:09.098,690.6666667,2072,33,1.71855E+12,100,800,2.8,0,4999,224,10000,0,62.394674,28.755448,2.789000000000006,28.755450099999965,62.394672814999964,1.1238701679050578,-0.981818182,1.4923307597364872,469.3860755840775,DJI_0056
00:01:09.131,691,2073,33,1.71855E+12,100,800,2.8,0,5000,224,10000,0,62.394674,28.755448,2.7800000000000065,28.755450294999967,62.394672834999966,1.123870200578299,-0.981818182,1.492330784342583,469.3997553,DJI_0056
00:01:09.164,691.3333333,2074,34,1.71855E+12,100,800,2.8,0,5000,224,10000,0,62.394674,28.755448,2.7725000000000057,28.755450489999973,62.39467285499995,1.0908151615783424,-0.794117647,1.3492592612613596,469.4124982870681,DJI_0056
00:01:09.198,691.6666667,2075,33,1.71855E+12,100,800,2.8,0,5000,224,10000,0,62.394674,28.755448,2.7645000000000057,28.755450694999972,62.39467287499995,1.1788755189464875,-0.872727273,1.4667652783364264,469.4259436354529,DJI_0056
00:01:09.231,692,2076,33,1.71855E+12,100,800,2.8,0,5000,224,10000,0,62.394674,28.755448,2.7565000000000053,28.755450899999975,62.39467289499994,1.178875550023498,-0.872727273,1.4667653033138175,469.43938898406657,DJI_0056
00:01:09.264,692.3333333,2077,34,1.71855E+12,100,800,2.8,0,5002,224,10000,0,62.394674,28.755448,2.7500000000000053,28.755451109999978,62.39467291499993,1.1709390539580926,-0.688235294,1.3582216638507392,469.45221663311406,DJI_0056
00:01:09.298,692.6666667,2078,33,1.71855E+12,100,800,2.8,0,5002,224,10000,0,62.394673,28.755448,2.743000000000005,28.755451324999978,62.394672934999925,1.2339951674016667,-0.763636364,1.4511666234579872,469.4655189938291,DJI_0056
00:01:09.331,693,2079,34,1.71855E+12,100,800,2.8,0,5003,224,10000,0,62.394673,28.755448,2.7360000000000055,28.755451539999978,62.394672954999926,1.197701220635694,-0.741176471,1.4084852766237257,469.4788214,DJI_0056
00:01:09.365,693.3333333,2080,33,1.71855E+12,100,800,2.8,0,5003,224,10000,0,62.394673,28.755448,2.730500000000006,28.75545175499998,62.394672974999914,1.2339952009132888,-0.6,1.3721312458642498,469.4913992245288,DJI_0056
00:01:09.398,693.6666667,2081,33,1.71855E+12,100,800,2.8,0,5004,224,10000,0,62.394673,28.755448,2.724500000000006,28.75545197499998,62.39467299499991,1.261593136929842,-0.654545455,1.4212835731178224,469.50442765728235,DJI_0056
00:01:09.431,694,2082,34,1.71855E+12,100,800,2.8,0,5004,224,10000,0,62.394673,28.755448,2.718500000000006,28.755452194999975,62.394673014999896,1.2244874320000876,-0.635294118,1.3794810933982222,469.5174560898311,DJI_0056
00:01:09.465,694.3333333,2083,33,1.71855E+12,100,800,2.8,0,5006,224,10000,0,62.394673,28.755448,2.7135000000000065,28.755452409999975,62.39467303,1.2339951938512268,-0.545454545,1.3491718940168027,469.5298234988596,DJI_0056
00:01:09.498,694.6666667,2084,33,1.71855E+12,100,800,2.8,0,5006,224,10000,0,62.394673,28.755448,2.7080000000000064,28.755452624999972,62.394673054999885,1.2339951626506156,-0.6,1.3721312114536013,469.54240136829793,DJI_0056
00:01:09.531,695,2085,34,1.71855E+12,100,800,2.8,0,5006,224,10000,0,62.394673,28.755448,2.7025000000000063,28.755452839999975,62.39467307499988,1.1977012160243798,-0.582352941,1.3317744369686524,469.55497923798043,DJI_0056
00:01:09.565,695.3333333,2086,33,1.71855E+12,100,800,2.8,0,5008,224,10000,0,62.394673,28.755448,2.697500000000007,28.755453054999975,62.394673099999885,1.2473676594881633,-0.545454545,1.3614135077535916,469.5674588618015,DJI_0056
00:01:09.598,695.6666667,2087,33,1.71855E+12,100,800,2.8,0,5008,224,10000,0,62.394673,28.755448,2.692000000000007,28.755453274999976,62.39467312499987,1.274676104160774,-0.6,1.4088290068416733,469.58037312769756,DJI_0056
00:01:09.631,696,2088,34,1.71855E+12,100,800,2.8,0,5010,224,10000,0,62.394673,28.755448,2.6865000000000068,28.75545349499998,62.394673149999875,1.2371857327364721,-0.582352941,1.3673929520747041,469.59328739446715,DJI_0056
00:01:09.665,696.3333333,2089,33,1.71855E+12,100,800,2.8,0,5010,224,10000,0,62.394673,28.755448,2.681500000000006,28.75545371499998,62.39467317499986,1.274676102154175,-0.545454545,1.3864774886596896,469.60599677144654,DJI_0056
00:01:09.698,696.6666667,2090,34,1.71855E+12,100,800,2.8,0,5012,224,10000,0,62.394673,28.755448,2.676000000000006,28.755453934999974,62.39467319999986,1.2371856633031746,-0.582352941,1.367392889253052,469.6189110376228,DJI_0056
00:01:09.732,697,2091,33,1.71855E+12,100,800,2.8,0,5012,224,10000,0,62.394673,28.755448,2.6705000000000063,28.755454154999974,62.39467322499985,1.2746761001475764,-0.6,1.4088290032106041,469.6318253034856,DJI_0056
00:01:09.765,697.3333333,2092,33,1.71855E+12,100,800,2.8,0,5012,224,10000,0,62.394673,28.755448,2.665500000000007,28.75545436999997,62.39467324999985,1.2473676188939535,-0.545454545,1.3614134705599659,469.64430492696573,DJI_0056
00:01:09.798,697.6666667,2093,34,1.71855E+12,100,800,2.8,0,5014,224,10000,0,62.394673,28.755448,2.660000000000007,28.75545458999997,62.39467327499984,1.2371856584091023,-0.582352941,1.3673928848250079,469.65721919310016,DJI_0056
00:01:09.832,698,2094,33,1.71855E+12,100,800,2.8,0,5014,224,10000,0,62.394673,28.755448,2.654500000000007,28.755454809999975,62.39467329999984,1.2746761339355286,-0.6,1.4088290337811666,469.6701334592432,DJI_0056
00:01:09.865,698.3333333,2095,33,1.71855E+12,100,800,2.8,0,5016,224,10000,0,62.394673,28.755448,2.649000000000007,28.755455029999975,62.39467332499983,1.2746761676975977,-0.6,1.4088290643283317,469.6830477256662,DJI_0056
00:01:09.898,698.6666667,2096,34,1.71855E+12,100,800,2.8,0,5016,224,10000,0,62.394673,28.755448,2.643500000000007,28.755455249999976,62.39467334999983,1.2371856912032895,-0.582352941,1.367392914496435,469.69596199208087,DJI_0056
00:01:09.932,699,2097,33,1.71855E+12,100,800,2.8,0,5019,224,10000,0,62.394673,28.755448,2.6380000000000075,28.75545546999998,62.39467337499982,1.2746760941277804,-0.6,1.408828997764031,469.7088762578937,DJI_0056
00:01:09.965,699.3333333,2098,33,1.71855E+12,100,800,2.8,0,5019,224,10000,0,62.394673,28.755448,2.633000000000008,28.75545568999998,62.39467339999982,1.2746761646876996,-0.545454545,1.3864775461506411,469.72158563540006,DJI_0056
00:01:09.998,699.6666667,2099,34,1.71855E+12,100,800,2.8,0,5021,224,10000,0,62.394673,28.755448,2.6280000000000077,28.755455909999988,62.394673424999816,1.2371856882819177,-0.529411765,1.345698793898039,469.734295,DJI_0056
00:01:10.032,700,2100,33,1.71855E+12,100,800,2.8,0,5021,224,10000,0,62.394673,28.755448,2.623000000000007,28.755456129999992,62.39467344999981,1.274676125883252,-0.545454545,1.3864775104753244,469.74700439007734,DJI_0056
00:01:10.065,700.3333333,2101,34,1.71855E+12,100,800,2.8,0,5023,224,10000,0,62.394673,28.755448,2.618000000000007,28.755456349999996,62.39467347999981,1.2525309131330977,-0.529411765,1.3598200266811105,469.7598471347738,DJI_0056
00:01:10.099,700.6666667,2102,33,1.71855E+12,100,800,2.8,0,5023,224,10000,0,62.394673,28.755448,2.613000000000007,28.755456569999996,62.39467350999981,1.2904863505435962,-0.545454545,1.4010266528857835,469.7726898790919,DJI_0056
00:01:10.132,701,2103,33,1.71855E+12,100,800,2.8,0,5026,224,10000,0,62.394673,28.755448,2.6080000000000068,28.755456789999997,62.39467353999982,1.2904863586313884,-0.545454545,1.4010266603354717,469.78553262347833,DJI_0056
00:01:10.165,701.3333333,2104,34,1.71855E+12,100,800,2.8,0,5026,224,10000,0,62.394673,28.755448,2.603000000000007,28.755457009999997,62.39467356499982,1.2371856828286893,-0.529411765,1.345698788884524,469.7982420009289,DJI_0056
00:01:10.199,701.6666667,2105,33,1.71855E+12,100,800,2.8,0,5029,224,10000,0,62.394673,28.755448,2.5980000000000074,28.755457229999998,62.394673589999826,1.2746761590951219,-0.545454545,1.3864775410090318,469.81095137838815,DJI_0056
00:01:10.232,702,2106,33,1.71855E+12,100,800,2.8,0,5029,224,10000,0,62.394673,28.755448,2.5930000000000075,28.755457449999994,62.39467361499983,1.2746761212939544,-0.545454545,1.3864775062560561,469.8236607555288,DJI_0056
00:01:10.265,702.3333333,2107,34,1.71855E+12,100,800,2.8,0,5031,224,10000,0,62.394673,28.755448,2.5880000000000076,28.755457664999994,62.39467364499983,1.2263572405636685,-0.529411765,1.3357503127800197,469.8362761751495,DJI_0056
00:01:10.299,702.6666667,2108,33,1.71855E+12,100,800,2.8,0,5031,224,10000,0,62.394673,28.755448,2.5830000000000073,28.755457879999998,62.39467367499984,1.2635196245741354,-0.545454545,1.376227634819556,469.84889159513534,DJI_0056
00:01:10.332,703,2109,33,1.71855E+12,100,800,2.8,0,5035,224,10000,0,62.394673,28.755448,2.5780000000000074,28.755458094999998,62.39467370499984,1.2635195788667923,-0.545454545,1.3762275928554581,469.8615070147365,DJI_0056
00:01:10.365,703.3333333,2110,34,1.71855E+12,100,800,2.8,0,5035,224,10000,0,62.394673,28.755448,2.5730000000000075,28.75545831000001,62.39467373499984,1.2263573469573992,-0.529411765,1.3357504104604931,469.87412243527973,DJI_0056
00:01:10.399,703.6666667,2111,33,1.71855E+12,100,800,2.8,0,5039,224,10000,0,62.394673,28.755448,2.5680000000000076,28.75545852500001,62.39467375999985,1.247367633637514,-0.545454545,1.3614134840684748,469.8866020588837,DJI_0056
00:01:10.432,704,2112,34,1.71855E+12,100,800,2.8,0,5039,224,10000,0,62.394673,28.755448,2.5630000000000077,28.755458740000005,62.39467378499985,1.2106803521444243,-0.529411765,1.3213719127019206,469.89908168250366,DJI_0056
00:01:10.466,704.3333333,2113,33,1.71855E+12,100,800,2.8,0,5042,224,10000,0,62.394673,28.755448,2.558000000000008,28.75545895500001,62.39467380999986,1.2473676663981936,-0.545454545,1.3614135140847865,469.9115613063828,DJI_0056
00:01:10.499,704.6666667,2114,33,1.71855E+12,100,800,2.8,0,5042,224,10000,0,62.394673,28.755447,2.553000000000008,28.755459175000002,62.394673834999864,1.2746761144974181,-0.545454545,1.386477500007572,469.9242706834662,DJI_0056
00:01:10.532,705,2115,34,1.71855E+12,100,800,2.8,0,5046,224,10000,0,62.394673,28.755447,2.5480000000000076,28.7554594,62.39467385999987,1.2371856375950991,-0.529411765,1.3456987472984534,469.93698006052404,DJI_0056
00:01:10.566,705.3333333,2116,33,1.71855E+12,100,800,2.8,0,5046,224,10000,0,62.394673,28.755447,2.5430000000000077,28.755459614999996,62.394673884999875,1.2746761472561856,-0.545454545,1.386477530124771,469.94968943788353,DJI_0056
00:01:10.599,705.6666667,2117,33,1.71855E+12,100,800,2.8,0,5049,224,10000,0,62.394673,28.755448,2.538000000000008,28.755459834999993,62.39467391499988,1.2904862658103757,-0.545454545,1.4010265748379722,469.9625321814862,DJI_0056
00:01:10.632,706,2118,34,1.71855E+12,100,800,2.8,0,5049,224,10000,0,62.394673,28.755448,2.533000000000008,28.755460054999993,62.39467394499989,1.2525308952424898,-0.529411765,1.3598200102020628,469.97537492602703,DJI_0056
00:01:10.666,706.3333333,2119,33,1.71855E+12,100,800,2.8,0,5049,224,10000,0,62.394673,28.755448,2.5280000000000076,28.75546026999999,62.394673969999886,1.2473675906932424,-0.545454545,1.3614134447216721,469.9878545492703,DJI_0056
00:01:10.699,706.6666667,2120,33,1.71855E+12,100,800,2.8,0,5053,224,10000,0,62.394673,28.755448,2.5230000000000077,28.75546048999999,62.394673994999884,1.2746761408091671,-0.545454545,1.3864775241976208,470.00056392657547,DJI_0056
00:01:10.732,707,2121,34,1.71855E+12,100,800,2.8,0,5053,224,10000,0,62.394673,28.755448,2.5180000000000082,28.755460709999994,62.39467401999989,1.2371856670784156,-0.529411765,1.3456987744042868,470.01327330388926,DJI_0056
00:01:10.766,707.3333333,2122,33,1.71855E+12,100,800,2.8,0,5055,224,10000,0,62.394673,28.755448,2.512500000000008,28.755460929999995,62.394674044999896,1.2746761388025674,-0.6,1.4088290381847721,470.02618757007264,DJI_0056
00:01:10.799,707.6666667,2123,34,1.71855E+12,100,800,2.8,0,5055,224,10000,0,62.394673,28.755449,2.507000000000008,28.755461149999995,62.39467406499989,1.2244874536382555,-0.582352941,1.3559146257100378,470.03899343042656,DJI_0056
00:01:10.833,708,2124,33,1.71855E+12,100,800,2.8,0,5058,224,10000,0,62.394673,28.755449,2.501500000000008,28.755461370000003,62.394674084999885,1.2615931629841353,-0.6,1.3970029738294485,470.0517993,DJI_0056
00:01:10.866,708.3333333,2125,33,1.71855E+12,100,800,2.8,0,5058,224,10000,0,62.394673,28.755449,2.496000000000008,28.755461590000003,62.394674104999886,1.2615931270472804,-0.6,1.3970029413759097,470.06460515131596,DJI_0056
00:01:10.899,708.6666667,2126,34,1.71855E+12,100,800,2.8,0,5061,224,10000,0,62.394673,28.75545,2.490500000000008,28.755461815000004,62.39467412999989,1.2637251624426513,-0.582352941,1.3914511253679012,470.07774663416666,DJI_0056
00:01:10.933,709,2127,33,1.71855E+12,100,800,2.8,0,5061,224,10000,0,62.394673,28.75545,2.4850000000000083,28.755462039999998,62.39467415499989,1.3020198284986815,-0.6,1.433616278438441,470.0908881,DJI_0056
00:01:10.966,709.3333333,2128,33,1.71855E+12,100,800,2.8,0,5063,224,10000,0,62.394673,28.75545,2.4795000000000083,28.75546226499999,62.39467417499989,1.2892143325127712,-0.6,1.4219963414708063,470.10392308318245,DJI_0056
00:01:10.999,709.6666667,2129,34,1.71855E+12,100,800,2.8,0,5063,224,10000,0,62.394673,28.755451,2.474000000000008,28.755462489999992,62.39467419499989,1.2512963654655338,-0.582352941,1.380173011735901,470.1169580505155,DJI_0056
00:01:11.033,710,2130,33,1.71855E+12,100,800,2.8,0,5063,224,10000,0,62.394673,28.755451,2.468500000000008,28.75546271499999,62.39467421499989,1.2892143369008546,-0.6,1.4219963454491429,470.12999301701547,DJI_0056
00:01:11.066,710.3333333,2131,33,1.71855E+12,100,800,2.8,0,5065,224,10000,0,62.394673,28.755451,2.4630000000000085,28.755462934999986,62.39467423499988,1.261593122,-0.6,1.3970029366155652,470.14279887726775,DJI_0056
00:01:11.099,710.6666667,2132,34,1.71855E+12,100,800,2.8,0,5065,224,10000,0,62.394674,28.755452,2.4575000000000085,28.75546315999999,62.394674254999885,1.2512963289279853,-0.582352941,1.3801729786101253,470.15583384428794,DJI_0056
00:01:11.133,711,2133,33,1.71855E+12,100,800,2.8,0,5067,224,10000,0,62.394674,28.755452,2.4520000000000084,28.755463384999988,62.39467427499988,1.2892143695651794,-0.6,1.4219963750633655,470.1688688110593,DJI_0056
00:01:11.166,711.3333333,2134,34,1.71855E+12,100,800,2.8,0,5067,224,10000,0,62.394674,28.755452,2.446500000000009,28.75546360999999,62.394674294999874,1.2512962931960936,-0.582352941,1.3801729462147572,470.1819037777736,DJI_0056
00:01:11.200,711.6666667,2135,33,1.71855E+12,100,800,2.8,0,5069,224,10000,0,62.394674,28.755454,2.4410000000000087,28.75546383999999,62.394674314999875,1.3168574793656942,-0.6,1.4471052556608925,470.19516890928384,DJI_0056
00:01:11.233,712,2136,33,1.71855E+12,100,800,2.8,0,5069,224,10000,0,62.394674,28.755454,2.4355000000000087,28.755464069999988,62.39467433499987,1.3168574148398133,-0.6,1.447105196942712,470.20843404025584,DJI_0056
00:01:11.266,712.3333333,2137,34,1.71855E+12,100,800,2.8,0,5071,224,10000,0,62.394674,28.755454,2.4300000000000086,28.75546429999999,62.39467435499987,1.278126341236382,-0.582352941,1.4045433038034796,470.22169917145845,DJI_0056
00:01:11.300,712.6666667,2138,33,1.71855E+12,100,800,2.8,0,5071,224,10000,0,62.394674,28.755456,2.424500000000009,28.755464539999988,62.394674374999866,1.3722036833261724,-0.6,1.4976458020953631,470.2354276,DJI_0056
00:01:11.333,713,2139,33,1.71855E+12,100,800,2.8,0,5073,224,10000,0,62.394674,28.755456,2.419000000000009,28.75546477999999,62.394674394999875,1.3722037371308609,-0.6,1.4976458513934157,470.24915601161547,DJI_0056
00:01:11.366,713.3333333,2140,34,1.71855E+12,100,800,2.8,0,5073,224,10000,0,62.394674,28.755456,2.413000000000009,28.755465014999995,62.39467441499987,1.3049762535399625,-0.635294118,1.4513998891484463,470.2628636772352,DJI_0056
00:01:11.400,713.6666667,2141,33,1.71855E+12,100,800,2.8,0,5075,224,10000,0,62.394674,28.755458,2.407000000000009,28.75546526,62.39467443499987,1.372203708010215,-0.654545455,1.5203199559116267,470.27679994349774,DJI_0056
00:01:11.433,714,2142,34,1.71855E+12,100,800,2.8,0,5075,224,10000,0,62.394674,28.755458,2.401000000000009,28.755465495000003,62.394674454999866,1.3318448087545975,-0.635294118,1.4756046931761557,470.2907362100444,DJI_0056
00:01:11.467,714.3333333,2143,33,1.71855E+12,100,800,2.8,0,5078,224,10000,0,62.394674,28.755458,2.395000000000009,28.75546573500001,62.39467446999986,1.3627673210593187,-0.654545455,1.5118083620000722,470.3045944533627,DJI_0056
00:01:11.500,714.6666667,2144,33,1.71855E+12,100,800,2.8,0,5078,224,10000,0,62.394674,28.75546,2.389000000000009,28.75546598500001,62.39467448499986,1.418554756901638,-0.654545455,1.5622827370211674,470.31891537845206,DJI_0056
00:01:11.533,715,2145,34,1.71855E+12,100,800,2.8,0,5079,224,10000,0,62.394674,28.75546,2.3830000000000093,28.755466235000007,62.394674499999866,1.376832488581168,-0.635294118,1.5163331815697823,470.33323630294467,DJI_0056
00:01:11.567,715.3333333,2146,33,1.71855E+12,100,800,2.8,0,5079,224,10000,0,62.394674,28.75546,2.377000000000009,28.75546648500001,62.39467451499986,1.4185547001661256,-0.654545455,1.5622826855052687,470.3475572275618,DJI_0056
00:01:11.600,715.6666667,2147,33,1.71855E+12,100,800,2.8,0,5082,224,10000,0,62.394674,28.755463,2.3710000000000093,28.75546674000001,62.39467452999987,1.4464625186282514,-0.654545455,1.5876660763090167,470.36211083326134,DJI_0056
00:01:11.633,716,2148,34,1.71855E+12,100,800,2.8,0,5082,224,10000,0,62.394674,28.755463,2.3650000000000095,28.755466995000017,62.39467454499986,1.403919483798412,-0.635294118,1.540969997,470.3766644387924,DJI_0056
00:01:11.667,716.3333333,2149,33,1.71855E+12,100,800,2.8,0,5085,224,10000,0,62.394674,28.755463,2.3590000000000093,28.75546725000002,62.394674559999864,1.4464625172028422,-0.654545455,1.5876660750104006,470.39121804447996,DJI_0056
00:01:11.700,716.6666667,2150,33,1.71855E+12,100,800,2.8,0,5085,224,10000,0,62.394675,28.755466,2.3530000000000095,28.755467515000017,62.39467457499986,1.5023035736260617,-0.654545455,1.6387024682338527,470.4062394837721,DJI_0056
00:01:11.733,717,2151,34,1.71855E+12,100,800,2.8,0,5088,224,10000,0,62.394675,28.755466,2.3470000000000097,28.75546778000002,62.394674589999866,1.4581182771415078,-0.635294118,1.5905054310033162,470.42126092395375,DJI_0056
00:01:11.767,717.3333333,2152,33,1.71855E+12,100,800,2.8,0,5088,224,10000,0,62.394675,28.755466,2.3410000000000095,28.755468045000022,62.394674604999864,1.5023035534105131,-0.654545455,1.6387024497009828,470.43628236307603,DJI_0056
00:01:11.800,717.6666667,2153,34,1.71855E+12,100,800,2.8,0,5088,224,10000,0,62.394675,28.755468,2.3350000000000097,28.755468315000016,62.39467461999987,1.4852290616017603,-0.635294118,1.615395920925694,470.4515389,DJI_0056
00:01:11.834,718,2154,33,1.71855E+12,100,800,2.8,0,5092,224,10000,0,62.394675,28.755468,2.3290000000000095,28.755468585000006,62.39467463499987,1.5302359665661698,-0.654545455,1.6643472790973788,470.4667953968321,DJI_0056
00:01:11.867,718.3333333,2155,33,1.71855E+12,100,800,2.8,0,5092,224,10000,0,62.394675,28.755468,2.3230000000000097,28.755468850000007,62.39467464999987,1.502303586718632,-0.654545455,1.6387024802366512,470.48181683623426,DJI_0056
00:01:11.900,718.6666667,2156,34,1.71855E+12,100,800,2.8,0,5095,224,10000,0,62.394675,28.755471,2.317,28.755469125000005,62.394674664999876,1.5123470318893428,-0.635294118,1.6403634233856323,470.4973091574551,DJI_0056
00:01:11.934,719,2157,33,1.71855E+12,100,800,2.8,0,5095,224,10000,0,62.394675,28.755471,2.3110000000000097,28.755469400000006,62.39467467999987,1.5581758001560266,-0.654545455,1.6900714707544242,470.51280147927037,DJI_0056
00:01:11.967,719.3333333,2158,33,1.71855E+12,100,800,2.8,0,5099,224,10000,0,62.394675,28.755471,2.305,28.755469675000008,62.39467469499988,1.5581757638365166,-0.654545455,1.6900714372693235,470.52829380077867,DJI_0056
00:01:12.000,719.6666667,2159,34,1.71855E+12,100,800,2.8,0,5099,224,10000,0,62.394675,28.755473,2.2995,28.755469960000006,62.39467470999987,1.5666029010475042,-0.582352941,1.6713406587728756,470.5440786847782,DJI_0056
00:01:12.034,720,2160,33,1.71855E+12,100,800,2.8,0,5102,224,10000,0,62.394675,28.755473,2.294,28.755470245000005,62.394674724999874,1.6140756973022503,-0.6,1.7219873276600361,470.55986356861507,DJI_0056
00:01:12.067,720.3333333,2161,33,1.71855E+12,100,800,2.8,0,5102,224,10000,0,62.394675,28.755473,2.2885000000000097,28.755470530000004,62.39467473499988,1.6083550631646928,-0.6,1.7166263452503316,470.5755993101132,DJI_0056
00:01:12.100,720.6666667,2162,34,1.71855E+12,100,800,2.8,0,5106,224,10000,0,62.394676,28.755475,2.2830000000000097,28.755470820000006,62.394674744999875,1.588282577,-0.582352941,1.6916786024185777,470.5915762746916,DJI_0056
00:01:12.134,721,2163,33,1.71855E+12,100,800,2.8,0,5106,224,10000,0,62.394676,28.755475,2.277500000000009,28.75547111000001,62.394674754999876,1.6364123277343532,-0.6,1.742941567110335,470.60755323905676,DJI_0056
00:01:12.167,721.3333333,2164,34,1.71855E+12,100,800,2.8,0,5109,224,10000,0,62.394676,28.755475,2.272000000000009,28.755471400000005,62.394674764999884,1.588282552862015,-0.582352941,1.6916785793473808,470.62353020341726,DJI_0056
00:01:12.201,721.6666667,2165,33,1.71855E+12,100,800,2.8,0,5109,224,10000,0,62.394676,28.755477,2.2665000000000095,28.755471700000008,62.394674779999875,1.697971786399684,-0.6,1.800863178425636,470.64003811588617,DJI_0056
00:01:12.234,722,2166,33,1.71855E+12,100,800,2.8,0,5112,224,10000,0,62.394676,28.755477,2.2610000000000094,28.755472000000005,62.39467479499988,1.697971766545044,-0.6,1.8008631597053966,470.65654602818347,DJI_0056
00:01:12.267,722.3333333,2167,34,1.71855E+12,100,800,2.8,0,5112,224,10000,0,62.394676,28.755477,2.2555000000000094,28.755472300000005,62.394674809999884,1.6480314541967611,-0.582352941,1.7478966279842711,470.6730539407811,DJI_0056
00:01:12.301,722.6666667,2168,33,1.71855E+12,100,800,2.8,0,5116,224,10000,0,62.394676,28.755479,2.250000000000009,28.755472600000008,62.39467482499988,1.697971819467618,-0.6,1.800863209604283,470.6895618535358,DJI_0056
00:01:12.334,723,2169,33,1.71855E+12,100,800,2.8,0,5116,224,10000,0,62.394676,28.755479,2.244500000000009,28.755472900000004,62.39467483999989,1.6979717640240626,-0.6,1.8008631573284506,470.7060697658113,DJI_0056
00:01:12.367,723.3333333,2170,34,1.71855E+12,100,800,2.8,0,5118,224,10000,0,62.394676,28.755479,2.2390000000000088,28.755473200000004,62.39467485499989,1.6480314517499257,-0.582352941,1.7478966256772341,470.72257767838715,DJI_0056
00:01:12.401,723.6666667,2171,33,1.71855E+12,100,800,2.8,0,5118,224,10000,0,62.394676,28.755481,2.2335000000000083,28.755473505000005,62.39467486999989,1.7259482859796758,-0.6,1.827265028909667,470.73932760781884,DJI_0056
00:01:12.434,724,2172,33,1.71855E+12,100,800,2.8,0,5120,224,10000,0,62.394676,28.755481,2.228000000000008,28.75547381,62.394674884999894,1.725948249529606,-0.6,1.8272649944806358,470.7560775369349,DJI_0056
00:01:12.467,724.3333333,2173,34,1.71855E+12,100,800,2.8,0,5120,224,10000,0,62.394676,28.755481,2.222500000000008,28.755474115000002,62.3946749,1.6751850648905509,-0.582352941,1.7735219056243015,470.7728274660436,DJI_0056
00:01:12.501,724.6666667,2174,33,1.71855E+12,100,800,2.8,0,5123,224,10000,0,62.394676,28.755483,2.2170000000000076,28.755474425000003,62.39467491,1.7539298819351243,-0.6,1.8537178940564356,470.78981988007246,DJI_0056
00:01:12.534,725,2175,34,1.71855E+12,100,800,2.8,0,5123,224,10000,0,62.394676,28.755483,2.2115000000000076,28.755474735000007,62.39467493,1.7023436735391182,-0.582352941,1.7991967460329494,470.8068123,DJI_0056
00:01:12.568,725.3333333,2176,33,1.71855E+12,100,800,2.8,0,5124,224,10000,0,62.394676,28.755483,2.2060000000000075,28.755475045000008,62.394674944999906,1.7539298445958904,-0.6,1.8537178587272045,470.8238047,DJI_0056
00:01:12.601,725.6666667,2177,33,1.71855E+12,100,800,2.8,0,5124,224,10000,0,62.394676,28.755484,2.200500000000007,28.755475360000005,62.394674959999904,1.781916260557322,-0.6,1.8802195509138435,470.8410400533734,DJI_0056
00:01:12.634,726,2178,34,1.71855E+12,100,800,2.8,0,5124,224,10000,0,62.394676,28.755484,2.1950000000000074,28.755475675000007,62.39467497499991,1.729506973248639,-0.582352941,1.8249189896026912,470.8582753993863,DJI_0056
00:01:12.668,726.3333333,2179,33,1.71855E+12,100,800,2.8,0,5124,224,10000,0,62.394676,28.755484,2.1895000000000073,28.755475990000008,62.39467499499992,1.789143348110072,-0.6,1.8870701947957649,470.8755735428386,DJI_0056
00:01:12.701,726.6666667,2180,33,1.71855E+12,100,800,2.8,0,5124,224,10000,0,62.394676,28.755485,2.1840000000000073,28.755476305000013,62.39467501499991,1.7891433469377387,-0.6,1.8870701936842682,470.8928716862807,DJI_0056
00:01:12.734,727,2181,34,1.71855E+12,100,800,2.8,0,5124,224,10000,0,62.394676,28.755485,2.178500000000007,28.755476620000014,62.39467503499992,1.736521448233584,-0.582352941,1.831568095450496,470.9101698294044,DJI_0056
00:01:12.768,727.3333333,2182,33,1.71855E+12,100,800,2.8,0,5124,224,10000,0,62.394676,28.755485,2.173000000000007,28.755476935000015,62.394675054999915,1.7891433445930718,-0.6,1.8870701914612742,470.92746797282615,DJI_0056
00:01:12.801,727.6666667,2183,33,1.71855E+12,100,800,2.8,0,5124,224,10000,0,62.394676,28.755485,2.1675000000000066,28.75547725500002,62.394675074999924,1.8170230913346532,-0.6,1.9135236905884927,470.94500860665653,DJI_0056
00:01:12.834,728,2184,34,1.71855E+12,100,800,2.8,0,5124,224,10000,0,62.394676,28.755485,2.1620000000000066,28.755477575000018,62.39467509499992,1.7635812345509188,-0.582352941,1.8572435809438235,470.96254924047656,DJI_0056
00:01:12.868,728.3333333,2185,33,1.71855E+12,100,800,2.8,0,5124,224,10000,0,62.394676,28.755485,2.1565000000000065,28.755477895000023,62.39467511499993,1.8170230889520882,-0.6,1.9135236883260676,470.9800898742862,DJI_0056
00:01:12.901,728.6666667,2186,34,1.71855E+12,100,800,2.8,0,5123,224,10000,0,62.394676,28.755486,2.151000000000006,28.755478215000025,62.394675134999936,1.7635812322384297,-0.582352941,1.8572435787479697,470.9976305080855,DJI_0056
00:01:12.935,729,2187,33,1.71855E+12,100,800,2.8,0,5123,224,10000,0,62.394676,28.755486,2.145500000000006,28.755478535000023,62.39467515499993,1.8170230510952516,-0.6,1.9135236523783827,471.0151711415656,DJI_0056
00:01:12.968,729.3333333,2188,33,1.71855E+12,100,800,2.8,0,5122,224,10000,0,62.394676,28.755486,2.140000000000006,28.755478855000025,62.39467517499994,1.8170230853782425,-0.6,1.9135236849324535,471.0327117753441,DJI_0056
00:01:13.001,729.6666667,2189,34,1.71855E+12,100,800,2.8,0,5122,224,10000,0,62.394676,28.755486,2.134500000000006,28.755479175000026,62.39467519499995,1.7635812488138236,-0.582352941,1.8572435944874377,471.05025240929206,DJI_0056
00:01:13.035,730,2190,33,1.71855E+12,100,800,2.8,0,5121,224,10000,0,62.394676,28.755486,2.129000000000006,28.75547949500002,62.39467521499995,1.8170230475214044,-0.6,1.9135236489847525,471.0677930427411,DJI_0056
00:01:13.068,730.3333333,2191,33,1.71855E+12,100,800,2.8,0,5121,224,10000,0,62.394676,28.755486,2.1235000000000057,28.755479815000022,62.39467523499995,1.8170230818043949,-0.6,1.9135236815388532,471.0853336764885,DJI_0056
00:01:13.101,730.6666667,2192,34,1.71855E+12,100,800,2.8,0,5118,224,10000,0,62.394676,28.755487,2.1180000000000057,28.755480140000017,62.39467525499995,1.7906485033080963,-0.582352941,1.8829649520095741,471.1031172343686,DJI_0056
00:01:13.135,731,2193,33,1.71855E+12,100,800,2.8,0,5118,224,10000,0,62.394676,28.755487,2.1125000000000056,28.755480465000016,62.39467527499996,1.8449106134396445,-0.6,1.9400245286032474,471.12090079254745,DJI_0056
00:01:13.168,731.3333333,2194,33,1.71855E+12,100,800,2.8,0,5115,224,10000,0,62.394676,28.755487,2.1070000000000055,28.755480790000014,62.39467529499997,1.8449106325687763,-0.6,1.940024546794532,471.1386843508931,DJI_0056
00:01:13.201,731.6666667,2195,34,1.71855E+12,100,800,2.8,0,5115,224,10000,0,62.394676,28.755487,2.101500000000005,28.755481115000013,62.394675314999965,1.7906485144833801,-0.582352941,1.8829649626369802,471.15646790887354,DJI_0056
00:01:13.235,732,2196,33,1.71855E+12,100,800,2.8,0,5111,224,10000,0,62.394676,28.755487,2.096000000000005,28.755481440000008,62.394675334999974,1.8449105946643722,-0.6,1.940024510748474,471.17425146688873,DJI_0056
00:01:13.268,732.3333333,2197,34,1.71855E+12,100,800,2.8,0,5111,224,10000,0,62.394676,28.755487,2.0905000000000045,28.755481765000013,62.39467535499998,1.790648586056695,-0.582352941,1.8829650307012578,471.19203502551204,DJI_0056
00:01:13.302,732.6666667,2198,33,1.71855E+12,100,800,2.8,0,5107,224,10000,0,62.394676,28.755487,2.085000000000004,28.755482090000008,62.39467537499998,1.8449105515652138,-0.6,1.9400244697623603,471.2098185831515,DJI_0056
00:01:13.335,733,2199,33,1.71855E+12,100,800,2.8,0,5107,224,10000,0,62.394676,28.755487,2.0795000000000035,28.755482415000007,62.394675394999986,1.844910626517645,-0.6,1.9400245410400856,471.2276021414444,DJI_0056
00:01:13.368,733.3333333,2200,34,1.71855E+12,100,800,2.8,0,5103,224,10000,0,62.394676,28.755487,2.0740000000000034,28.75548274,62.39467541499998,1.7906484741699156,-0.582352941,1.882964924299956,471.24538569906275,DJI_0056
00:01:13.402,733.6666667,2201,33,1.71855E+12,100,800,2.8,0,5103,224,10000,0,62.394676,28.755487,2.068500000000003,28.75548307,62.39467543499998,1.8449106037578349,-0.6,1.9400245193961245,471.2631692571572,DJI_0056
00:01:13.435,734,2202,33,1.71855E+12,100,800,2.8,0,5100,224,10000,0,62.394676,28.755487,2.063000000000003,28.75548339,62.39467545499999,1.8449106025476085,-0.6,1.9400245182452174,471.2809528152411,DJI_0056
00:01:13.468,734.3333333,2203,34,1.71855E+12,100,800,2.8,0,5100,224,10000,0,62.394676,28.755487,2.0575000000000023,28.755483714999997,62.394675474999985,1.7906485248274595,-0.582352941,1.8829649724739188,471.29873637331445,DJI_0056
00:01:13.502,734.6666667,2204,33,1.71855E+12,100,800,2.8,0,5096,224,10000,0,62.394676,28.755487,2.052000000000002,28.755484039999995,62.39467549499998,1.8449105797878107,-0.6,1.940024496601283,471.3165199,DJI_0056
00:01:13.535,735,2205,33,1.71855E+12,100,800,2.8,0,5096,224,10000,0,62.394676,28.755487,2.0465000000000013,28.755484364999994,62.39467551499998,1.8449105634329785,-0.6,1.940024481048282,471.3343034889429,DJI_0056
00:01:13.568,735.3333333,2206,34,1.71855E+12,100,800,2.8,0,5093,224,10000,0,62.394676,28.755487,2.0410000000000013,28.755484689999992,62.39467553499999,1.7906485213035666,-0.582352941,1.8829649691227774,471.35208704698465,DJI_0056
00:01:13.602,735.6666667,2207,33,1.71855E+12,100,800,2.8,0,5093,224,10000,0,62.394676,28.755487,2.0355000000000008,28.75548501499999,62.394675554999985,1.844910596496479,-0.6,1.940024512490773,471.3698706050158,DJI_0056
00:01:13.635,736,2208,34,1.71855E+12,100,800,2.8,0,5089,224,10000,0,62.394676,28.755487,2.0300000000000002,28.755485339999993,62.39467557499998,1.7906485533946106,-0.582352941,1.8829649996405031,471.38765416334576,DJI_0056
00:01:13.669,736.3333333,2209,33,1.71855E+12,100,800,2.8,0,5089,224,10000,0,62.394676,28.755487,2.0244999999999997,28.75548566499999,62.39467559499998,1.844910573736681,-0.6,1.9400244908468236,471.40543772117854,DJI_0056
00:01:13.702,736.6666667,2210,33,1.71855E+12,100,800,2.8,0,5086,224,10000,0,62.394675,28.755487,2.0189999999999997,28.755485989999993,62.39467561499999,1.8449106132051596,-0.6,1.9400245283802586,471.42322127935535,DJI_0056
00:01:13.735,737,2211,34,1.71855E+12,100,800,2.8,0,5086,224,10000,0,62.394675,28.755487,2.013499999999999,28.755486314999995,62.394675634999984,1.7906485301295878,-0.582352941,1.8829649775160984,471.4410048374763,DJI_0056
00:01:13.769,737.3333333,2212,33,1.71855E+12,100,800,2.8,0,5086,224,10000,0,62.394675,28.755487,2.007999999999999,28.755486639999994,62.394675654999986,1.8449105904453489,-0.6,1.9400245067362973,471.45878839545475,DJI_0056
00:01:13.802,737.6666667,2213,33,1.71855E+12,100,800,2.8,0,5083,224,10000,0,62.394675,28.755488,2.002499999999999,28.755486964999996,62.39467567499998,1.8449105688957774,-0.6,1.9400244862432403,471.4765719532453,DJI_0056
00:01:13.835,738,2214,34,1.71855E+12,100,800,2.8,0,5083,224,10000,0,62.394675,28.755488,1.9969999999999988,28.75548728999999,62.39467569499999,1.7906484972073538,-0.582352941,1.8829649462079414,471.4943555110706,DJI_0056
00:01:13.869,738.3333333,2215,33,1.71855E+12,100,800,2.8,0,5080,224,10000,0,62.394675,28.755488,1.9914999999999983,28.755487619999986,62.394675714999984,1.8728055388409244,-0.6,1.9665707681935356,471.51238240977904,DJI_0056
00:01:13.902,738.6666667,2216,33,1.71855E+12,100,800,2.8,0,5080,224,10000,0,62.394676,28.755488,1.9859999999999982,28.755487949999985,62.394675734999986,1.8728056131777675,-0.6,1.966570838986016,471.5304093091364,DJI_0056
00:01:13.935,739,2217,34,1.71855E+12,100,800,2.8,0,5078,224,10000,0,62.394676,28.755488,1.980499999999998,28.755488279999987,62.39467575499999,1.8177230206066353,-0.582352941,1.9087304492096915,471.5484362078234,DJI_0056
00:01:13.969,739.3333333,2218,33,1.71855E+12,100,800,2.8,0,5078,224,10000,0,62.394676,28.755488,1.9749999999999976,28.755488604999982,62.39467577499999,1.8449105680393998,-0.6,1.9400244854288564,471.5662197656065,DJI_0056
00:01:14.002,739.6666667,2219,34,1.71855E+12,100,800,2.8,0,5075,224,10000,0,62.394676,28.755489,1.9694999999999974,28.755488929999984,62.39467579499998,1.7906485207325382,-0.582352941,1.8829649685797527,471.58400332364306,DJI_0056
00:01:14.036,740,2220,33,1.71855E+12,100,800,2.8,0,5075,224,10000,0,62.394676,28.755489,1.9639999999999973,28.75548925499998,62.39467581499999,1.8449105656189475,-0.6,1.9400244831270643,471.6017868814051,DJI_0056
00:01:14.069,740.3333333,2221,33,1.71855E+12,100,800,2.8,0,5072,224,10000,0,62.394676,28.755489,1.9584999999999968,28.75548957999998,62.39467583499999,1.844910538874635,-0.6,1.9400244576939651,471.6195704389339,DJI_0056
00:01:14.102,740.6666667,2222,34,1.71855E+12,100,800,2.8,0,5072,224,10000,0,62.394675,28.755489,1.9529999999999965,28.755489904999976,62.394675854999996,1.7906485419917655,-0.582352941,1.8829649887966995,471.6373539971614,DJI_0056
00:01:14.136,741,2223,33,1.71855E+12,100,800,2.8,0,5070,224,10000,0,62.394675,28.755489,1.9474999999999962,28.755490229999978,62.39467587499999,1.8449105364541827,-0.6,1.9400244553921733,471.6551375546692,DJI_0056
00:01:14.169,741.3333333,2224,33,1.71855E+12,100,800,2.8,0,5070,224,10000,0,62.394675,28.755489,1.941999999999996,28.755490549999976,62.3946759,1.8170230631436102,-0.6,1.913523664,471.67267818825417,DJI_0056
00:01:14.202,741.6666667,2225,34,1.71855E+12,100,800,2.8,0,5067,224,10000,0,62.394676,28.75549,1.9364999999999954,28.75549086999998,62.39467592,1.763581187144896,-0.582352941,1.8572435359285409,471.69021882164907,DJI_0056
00:01:14.236,742,2226,33,1.71855E+12,100,800,2.8,0,5067,224,10000,0,62.394676,28.75549,1.9309999999999952,28.75549118999998,62.394675934999995,1.81702304,-0.6,1.9135236419466781,471.70775945503357,DJI_0056
00:01:14.269,742.3333333,2227,34,1.71855E+12,100,800,2.8,0,5064,224,10000,0,62.394676,28.75549,1.925499999999995,28.75549150499998,62.394675955000004,1.7365213958923502,-0.582352941,1.8315680458254366,471.7250575976886,DJI_0056
00:01:14.303,742.6666667,2228,33,1.71855E+12,100,800,2.8,0,5064,224,10000,0,62.394676,28.75549,1.9199999999999946,28.755491819999985,62.39467598,1.7891432906657392,-0.6,1.8870701403324404,471.74235574064164,DJI_0056
00:01:14.336,743,2229,33,1.71855E+12,100,800,2.8,0,5063,224,10000,0,62.394676,28.75549,1.9144999999999945,28.75549213499999,62.39467599500001,1.7891432894934058,-0.6,1.8870701392209277,471.7596538835845,DJI_0056
00:01:14.369,743.3333333,2230,34,1.71855E+12,100,800,2.8,0,5063,224,10000,0,62.394676,28.75549,1.9089999999999945,28.75549244499999,62.39467602,1.7094695541904859,-0.582352941,1.8059405042251842,471.7767099883466,DJI_0056
00:01:14.403,743.6666667,2231,33,1.71855E+12,100,800,2.8,0,5061,224,10000,0,62.394676,28.755491,1.903499999999994,28.755492754999995,62.39467603500001,1.7612716607398484,-0.6,1.8606659729584376,471.7937660930987,DJI_0056
00:01:14.436,744,2232,33,1.71855E+12,100,800,2.8,0,5061,224,10000,0,62.394676,28.755491,1.897999999999994,28.755493064999996,62.39467605500001,1.7612716950399832,-0.6,1.8606660054262893,471.81082219814846,DJI_0056
00:01:14.469,744.3333333,2233,34,1.71855E+12,100,800,2.8,0,5059,224,10000,0,62.394676,28.755491,1.8924999999999939,28.75549337,62.39467607,1.675184984374082,-0.582352941,1.7735218295722461,471.8275721265389,DJI_0056
00:01:14.503,744.6666667,2234,33,1.71855E+12,100,800,2.8,0,5059,224,10000,0,62.394676,28.755492,1.8869999999999936,28.755493674999997,62.39467608500001,1.725948181,-0.6,1.8272649299115769,471.84432205506306,DJI_0056
00:01:14.536,745,2235,33,1.71855E+12,100,800,2.8,0,5058,224,10000,0,62.394676,28.755492,1.8814999999999935,28.755493979999997,62.394676100000005,1.7259481996053425,-0.6,1.8272649473245337,471.86107198374685,DJI_0056
00:01:14.569,745.3333333,2236,34,1.71855E+12,100,800,2.8,0,5058,224,10000,0,62.394676,28.755492,1.8759999999999937,28.755494274999997,62.39467611500001,1.620882978242251,-0.582352941,1.7223230176863846,471.8773383678028,DJI_0056
00:01:14.603,745.6666667,2237,33,1.71855E+12,100,800,2.8,0,5057,224,10000,0,62.394676,28.755494,1.8699999999999934,28.755494569999996,62.394676130000015,1.670000607841517,-0.654545455,1.7936922206045232,471.89378054649166,DJI_0056
00:01:14.636,746,2238,34,1.71855E+12,100,800,2.8,0,5057,224,10000,0,62.394676,28.755494,1.8639999999999939,28.755494864999992,62.39467614500001,1.620882926,-0.635294118,1.740936551082115,471.91022272502966,DJI_0056
00:01:14.670,746.3333333,2239,33,1.71855E+12,100,800,2.8,0,5056,224,10000,0,62.394676,28.755494,1.857999999999994,28.75549514999999,62.39467616000002,1.614075620977948,-0.654545455,1.7417433399618423,471.9261887,DJI_0056
00:01:14.703,746.6666667,2240,33,1.71855E+12,100,800,2.8,0,5056,224,10000,0,62.394676,28.755495,1.851999999999994,28.755495434999993,62.394676175000015,1.6140756913137522,-0.654545455,1.7417434051421246,471.9421546868598,DJI_0056
00:01:14.736,747,2241,34,1.71855E+12,100,800,2.8,0,5055,224,10000,0,62.394676,28.755495,1.8459999999999945,28.755495719999995,62.39467619000002,1.5666028415682705,-0.635294118,1.6905156252240543,471.95812066776466,DJI_0056
00:01:14.770,747.3333333,2242,33,1.71855E+12,100,800,2.8,0,5055,224,10000,0,62.394676,28.755495,1.8399999999999945,28.755495994999997,62.39467620500002,1.5581756863776697,-0.654545455,1.6900713658554891,471.97361298861836,DJI_0056
00:01:14.803,747.6666667,2243,33,1.71855E+12,100,800,2.8,0,5055,224,10000,0,62.394676,28.755497,1.8339999999999947,28.755496270000002,62.39467622000002,1.558175721,-0.654545455,1.6900713979217412,471.9891053,DJI_0056
00:01:14.836,748,2244,34,1.71855E+12,100,800,2.8,0,5055,224,10000,0,62.394676,28.755497,1.827999999999995,28.755496545000007,62.39467623500001,1.512346987669491,-0.635294118,1.6403633826167632,472.00459763060184,DJI_0056
00:01:14.870,748.3333333,2245,33,1.71855E+12,100,800,2.8,0,5054,224,10000,0,62.394676,28.755497,1.821999999999995,28.755496810000007,62.39467625000002,1.5023034908711137,-0.654545455,1.6387023923670982,472.01961906919854,DJI_0056
00:01:14.903,748.6666667,2246,33,1.71855E+12,100,800,2.8,0,5054,224,10000,0,62.394676,28.755498,1.8159999999999952,28.75549707500001,62.39467626500002,1.5023035611927915,-0.654545455,1.6387024568354767,472.0346405083862,DJI_0056
00:01:14.936,749,2247,34,1.71855E+12,100,800,2.8,0,5053,224,10000,0,62.394676,28.755498,1.8099999999999952,28.755497340000016,62.39467628000003,1.4581181616148875,-0.635294118,1.5905053250926688,472.04966194756764,DJI_0056
00:01:14.970,749.3333333,2248,33,1.71855E+12,100,800,2.8,0,5053,224,10000,0,62.394676,28.755498,1.8039999999999952,28.755497590000022,62.39467629500004,1.4185546924545804,-0.654545455,1.5622826785031656,472.06398287212056,DJI_0056
00:01:15.003,749.6666667,2249,34,1.71855E+12,100,800,2.8,0,5053,224,10000,0,62.394676,28.7555,1.7979999999999954,28.75549784000002,62.394676310000044,1.3768324412288073,-0.635294118,1.5163331385737777,472.0783037962071,DJI_0056
00:01:15.037,750,2250,33,1.71855E+12,100,800,2.8,0,5053,224,10000,0,62.394676,28.7555,1.7919999999999954,28.755498090000017,62.394676325000034,1.4185545803805537,-0.654545455,1.5622825767398054,472.0926247198272,DJI_0056
00:01:15.070,750.3333333,2251,33,1.71855E+12,100,800,2.8,0,5052,224,10000,0,62.394676,28.7555,1.7859999999999954,28.755498325000016,62.39467633500004,1.3279660172059282,-0.654545455,1.4805146047641313,472.1061961037042,DJI_0056
00:01:15.103,750.6666667,2252,34,1.71855E+12,100,800,2.8,0,5052,224,10000,0,62.394676,28.755501,1.7799999999999958,28.75549856000002,62.39467634500004,1.2889082273409636,-0.635294118,1.4369700882148246,472.11976748787066,DJI_0056
00:01:15.137,751,2253,33,1.71855E+12,100,800,2.8,0,5052,224,10000,0,62.394676,28.755501,1.7739999999999958,28.755498795000015,62.394676355000044,1.3279660378438853,-0.654545455,1.4805146232756041,472.1333388719174,DJI_0056
00:01:15.170,751.3333333,2254,33,1.71855E+12,100,800,2.8,0,5052,224,10000,0,62.394676,28.755501,1.7679999999999958,28.755499020000016,62.39467636500005,1.2719397958504572,-0.654545455,1.4304756538767862,472.14645156541127,DJI_0056
00:01:15.203,751.6666667,2255,34,1.71855E+12,100,800,2.8,0,5051,224,10000,0,62.394676,28.755503,1.761999999999996,28.755499245000014,62.39467637500005,1.2345298014465562,-0.635294118,1.3884028401644095,472.1595642589017,DJI_0056
00:01:15.237,752,2256,33,1.71855E+12,100,800,2.8,0,5051,224,10000,0,62.394676,28.755503,1.7559999999999962,28.755499470000014,62.394676385000054,1.271939851522251,-0.654545455,1.4304757033786106,472.1726769528493,DJI_0056
00:01:15.270,752.3333333,2257,33,1.71855E+12,100,800,2.8,0,5051,224,10000,0,62.394676,28.755503,1.7504999999999964,28.755499680000018,62.394676395000054,1.1879441410413931,-0.6,1.3308686194491746,472.1848765818609,DJI_0056
00:01:15.303,752.6666667,2258,34,1.71855E+12,100,800,2.8,0,5051,224,10000,0,62.394676,28.755505,1.745499999999996,28.755499890000014,62.394676405000055,1.1530045533084468,-0.529411765,1.2687380803613666,472.19685910817543,DJI_0056
00:01:15.337,753,2259,33,1.71855E+12,100,800,2.8,0,5050,224,10000,0,62.394676,28.755505,1.7404999999999962,28.755500100000017,62.394676415000056,1.187944156,-0.545454545,1.3071847532202368,472.2088416,DJI_0056
00:01:15.370,753.3333333,2260,34,1.71855E+12,100,800,2.8,0,5050,224,10000,0,62.394676,28.755505,1.735499999999996,28.755500300000023,62.39467642500007,1.0986876289163694,-0.529411765,1.219586537537572,472.22035995237894,DJI_0056
00:01:15.404,753.6666667,2261,33,1.71855E+12,100,800,2.8,0,5050,224,10000,0,62.394676,28.755506,1.730499999999996,28.75550050000002,62.394676435000065,1.1319811053030728,-0.545454545,1.256543625951843,472.23187826895014,DJI_0056
00:01:15.437,754,2262,33,1.71855E+12,100,800,2.8,0,5050,224,10000,0,62.394676,28.755506,1.7254999999999958,28.75550070000002,62.394676445000066,1.1319811570931155,-0.545454545,1.256543672607883,472.24339658594903,DJI_0056
00:01:15.470,754.3333333,2263,34,1.71855E+12,100,800,2.8,0,5050,224,10000,0,62.394676,28.755506,1.7209999999999959,28.75550089000002,62.39467645000007,1.0394016019202594,-0.476470588,1.143407150374565,472.2541954312581,DJI_0056
00:01:15.504,754.6666667,2264,33,1.71855E+12,100,800,2.8,0,5050,224,10000,0,62.394677,28.755508,1.7164999999999957,28.755501080000027,62.394676455000074,1.0708986557200337,-0.490909091,1.1780558842262892,472.2649942768635,DJI_0056
00:01:15.537,755,2265,33,1.71855E+12,100,800,2.8,0,5050,224,10000,0,62.394677,28.755508,1.711999999999996,28.75550127000003,62.39467646000007,1.0708985928260706,-0.490909091,1.1780558270532084,472.2757931219448,DJI_0056
00:01:15.570,755.3333333,2266,34,1.71855E+12,100,800,2.8,0,5050,224,10000,0,62.394677,28.755508,1.7074999999999958,28.75550145000003,62.394676465000074,0.9848770220175231,-0.476470588,1.094078137041139,472.28612608212796,DJI_0056
00:01:15.604,755.6666667,2267,33,1.71855E+12,100,800,2.8,0,5050,224,10000,0,62.394677,28.755508,1.7029999999999959,28.75550163000003,62.39467647000008,1.0147217443603873,-0.490909091,1.1272319876649046,472.2964590420149,DJI_0056
00:01:15.637,756,2268,33,1.71855E+12,100,800,2.8,0,5050,224,10000,0,62.394677,28.755508,1.698499999999996,28.755501810000027,62.394676475000075,1.0147217177052714,-0.490909091,1.1272319636702648,472.30679200168186,DJI_0056
00:01:15.670,756.3333333,2269,34,1.71855E+12,100,800,2.8,0,5050,224,10000,0,62.394677,28.755508,1.6949999999999958,28.75550198000003,62.39467648000008,0.9303632861573968,-0.370588235,1.001454684131041,472.31625018480975,DJI_0056
00:01:15.704,756.6666667,2270,33,1.71855E+12,100,800,2.8,0,5050,224,10000,0,62.394677,28.755509,1.6914999999999958,28.755502150000034,62.39467648500008,0.9585561128513221,-0.381818182,1.031801795623357,472.3257083679363,DJI_0056
00:01:15.737,757,2271,34,1.71855E+12,100,800,2.8,0,5050,224,10000,0,62.394677,28.755509,1.687999999999996,28.755502320000037,62.39467649000008,0.9303632953469428,-0.370588235,1.0014546926682295,472.3351665511448,DJI_0056
00:01:15.771,757.3333333,2272,33,1.71855E+12,100,800,2.8,0,5050,224,10000,0,62.394677,28.755509,1.684999999999996,28.755502480000036,62.394676495000084,0.9024037112585562,-0.327272727,0.9599166089352434,472.34396578672676,DJI_0056
00:01:15.804,757.6666667,2273,33,1.71855E+12,100,800,2.8,0,5050,224,10000,0,62.394677,28.75551,1.681999999999996,28.755502640000035,62.39467650000009,0.902403711,-0.327272727,0.9599166087943156,472.3527650223074,DJI_0056
00:01:15.837,758,2274,34,1.71855E+12,100,800,2.8,0,5050,224,10000,0,62.394677,28.75551,1.6789999999999958,28.755502800000034,62.39467650500009,0.8758624354321872,-0.317647059,0.9316837767077674,472.3615642579763,DJI_0056
00:01:15.871,758.3333333,2275,33,1.71855E+12,100,800,2.8,0,5050,224,10000,0,62.394677,28.75551,1.6764999999999959,28.75550295000004,62.39467651000009,0.8462673655689569,-0.272727273,0.8891280106465411,472.36971459807387,DJI_0056
00:01:15.904,758.6666667,2276,33,1.71855E+12,100,800,2.8,0,5050,224,10000,0,62.394677,28.755511,1.6739999999999957,28.75550310000004,62.39467651500009,0.8462672940219741,-0.272727273,0.8891279425485066,472.37786493754726,DJI_0056
00:01:15.937,759,2277,34,1.71855E+12,100,800,2.8,0,5050,224,10000,0,62.394677,28.755511,1.6714999999999958,28.755503250000043,62.39467652,0.8213771247678926,-0.264705882,0.8629771638022737,472.3860152774276,DJI_0056
00:01:15.971,759.3333333,2278,33,1.71855E+12,100,800,2.8,0,5050,224,10000,0,62.394677,28.755511,1.669499999999996,28.75550339500004,62.394676525000094,0.8182061099946291,-0.218181818,0.8467966368719567,472.39377757993225,DJI_0056
00:01:16.004,759.6666667,2279,33,1.71855E+12,100,800,2.8,0,5050,224,10000,0,62.394677,28.755511,1.6674999999999958,28.755503540000042,62.39467653,0.8182061098588326,-0.218181818,0.8467966367407574,472.4015398824357,DJI_0056
00:01:16.037,760,2280,34,1.71855E+12,100,800,2.8,0,5050,224,10000,0,62.394677,28.755511,1.6654999999999958,28.75550368500004,62.39467654,0.7941412352711495,-0.211764706,0.821890864,472.4093021850395,DJI_0056
00:01:16.071,760.3333333,2281,33,1.71855E+12,100,800,2.8,0,5050,224,10000,0,62.394677,28.755511,1.6639999999999957,28.755503825000037,62.39467654,0.790150225,-0.163636364,0.8069164996424116,472.4166989196196,DJI_0056
00:01:16.104,760.6666667,2282,34,1.71855E+12,100,800,2.8,0,5050,224,10000,0,62.394677,28.755512,1.662499999999996,28.755503960000038,62.39467655,0.7396856195952158,-0.158823529,0.7565445983752411,472.4238440630487,DJI_0056
00:01:16.138,761,2283,33,1.71855E+12,100,800,2.8,0,5050,224,10000,0,62.394677,28.755512,1.6609999999999956,28.755504095000035,62.394676550000106,0.7621002761602501,-0.163636364,0.7794701344039292,472.4309892059474,DJI_0056
00:01:16.171,761.3333333,2284,33,1.71855E+12,100,800,2.8,0,5050,224,10000,0,62.394677,28.755512,1.6599999999999955,28.75550423000003,62.39467656,0.7621002994060682,-0.109090909,0.76986862,472.4380463349685,DJI_0056
00:01:16.204,761.6666667,2285,34,1.71855E+12,100,800,2.8,0,5050,224,10000,0,62.394677,28.755512,1.6589999999999956,28.755504365000032,62.39467656000011,0.7396855845949937,-0.105882353,0.7472254256394082,472.4451034639884,DJI_0056
00:01:16.238,762,2286,33,1.71855E+12,100,800,2.8,0,5050,224,10000,0,62.394677,28.755512,1.6579999999999955,28.755504500000033,62.39467656500011,0.7621003471445188,-0.109090909,0.7698686677376082,472.45216059344267,DJI_0056
00:01:16.271,762.3333333,2287,33,1.71855E+12,100,800,2.8,0,5050,224,10000,0,62.394677,28.755512,1.6574999999999955,28.755504630000033,62.39467657000011,0.7340569412741227,-0.054545455,0.7360807018556391,472.4589079998764,DJI_0056
00:01:16.304,762.6666667,2288,34,1.71855E+12,100,800,2.8,0,5050,224,10000,0,62.394677,28.755512,1.6569999999999954,28.755504760000036,62.39467657500011,0.7124671003658095,-0.052941176,0.7144313383872213,472.46565540696116,DJI_0056
00:01:16.338,763,2289,33,1.71855E+12,100,800,2.8,0,5050,224,10000,0,62.394677,28.755512,1.6564999999999952,28.755504890000033,62.394676580000116,0.7340569538105571,-0.054545455,0.7360807143576081,472.47240281350946,DJI_0056
00:01:16.371,763.3333333,2290,33,1.71855E+12,100,800,2.8,0,5050,224,10000,0,62.394677,28.755512,1.656499999999995,28.755505020000033,62.39467658500011,0.7340569765819476,-2.42E-14,0.7340569765819476,472.47913166912815,DJI_0056
00:01:16.404,763.6666667,2291,34,1.71855E+12,100,800,2.8,0,5050,224,10000,0,62.394677,28.755513,1.656499999999995,28.75550515000003,62.39467659500012,0.7197422382232996,0,0.7197422382232996,472.48592923471136,DJI_0056
00:01:16.438,764,2292,33,1.71855E+12,100,800,2.8,0,5050,224,10000,0,62.394677,28.755513,1.6564999999999948,28.75550528000003,62.39467660500012,0.7415526188487572,-2.42E-14,0.7415526188487572,472.49272680038416,DJI_0056
00:01:16.471,764.3333333,2293,34,1.71855E+12,100,800,2.8,0,5050,224,10000,0,62.394677,28.755513,1.6569999999999945,28.755505405000026,62.39467661500012,0.6928166946948013,0.052941176,0.6948364848033791,472.49928914496286,DJI_0056
00:01:16.505,764.6666667,2294,33,1.71855E+12,100,800,2.8,0,5050,224,10000,0,62.394677,28.755513,1.6574999999999946,28.755505525000025,62.39467663000012,0.6994069432118508,0.054545455,0.7015306684846483,472.5057198427573,DJI_0056
00:01:16.538,765,2295,33,1.71855E+12,100,800,2.8,0,5050,224,10000,0,62.394677,28.755513,1.6579999999999944,28.755505645000024,62.394676645000125,0.6994069831241109,0.054545455,0.7015307082760793,472.5121505409165,DJI_0056
00:01:16.571,765.3333333,2296,34,1.71855E+12,100,800,2.8,0,5050,224,10000,0,62.394677,28.755513,1.6584999999999943,28.75550576500003,62.39467666000013,0.6788362227296428,0.052941176470582406,0.6808974852765566,472.51858123938854,DJI_0056
00:01:16.605,765.6666667,2297,33,1.71855E+12,100,800,2.8,0,5050,224,10000,0,62.394677,28.755513,1.658999999999994,28.75550588500003,62.39467668000013,0.7176199455000749,0.054545455,0.7196899282268006,472.52517839706394,DJI_0056
00:01:16.638,766,2298,33,1.71855E+12,100,800,2.8,0,5050,224,10000,0,62.394677,28.755513,1.659499999999994,28.75550600500003,62.394676700000126,0.7176197882061872,0.054545455,0.7196897713853257,472.53177555330166,DJI_0056
00:01:16.671,766.3333333,2299,34,1.71855E+12,100,800,2.8,0,5050,224,10000,0,62.394677,28.755513,1.659999999999994,28.75550612500003,62.39467672000013,0.6965134429990681,0.052941176470582406,0.6985225439772902,472.53837271066146,DJI_0056
00:01:16.705,766.6666667,2300,33,1.71855E+12,100,800,2.8,0,5050,224,10000,0,62.394677,28.755513,1.6604999999999939,28.75550624000003,62.394676745000126,0.714809733,0.054545455,0.7168878303561499,472.54494418243974,DJI_0056
00:01:16.738,767,2301,33,1.71855E+12,100,800,2.8,0,5050,224,10000,0,62.394677,28.755513,1.6609999999999936,28.75550635500003,62.394676770000125,0.7148096679148465,0.054545455,0.7168877652436957,472.55151565362115,DJI_0056
00:01:16.771,767.3333333,2302,34,1.71855E+12,100,800,2.8,0,5050,224,10000,0,62.394677,28.755513,1.6614999999999938,28.755506470000032,62.39467679500012,0.6937858851314667,0.052941176470605915,0.6958028618608466,472.5580871250943,DJI_0056
00:01:16.805,767.6666667,2303,33,1.71855E+12,100,800,2.8,0,5051,224,10000,0,62.394677,28.755513,1.661999999999994,28.75550658500003,62.39467683000012,0.7742338377745911,0.054545455,0.7761528471678399,472.56520185952667,DJI_0056
00:01:16.838,768,2304,34,1.71855E+12,100,800,2.8,0,5051,224,10000,0,62.394677,28.755513,1.6624999999999936,28.755506700000026,62.39467686500013,0.7514623360188398,0.052941176,0.753324904,472.5723165947288,DJI_0056
00:01:16.872,768.3333333,2305,33,1.71855E+12,100,800,2.8,0,5051,224,10000,0,62.394677,28.755513,1.6629999999999938,28.755506815000032,62.39467690000013,0.7742339811652633,0.054545455,0.7761529902039839,472.57943133047235,DJI_0056
00:01:16.905,768.6666667,2306,33,1.71855E+12,100,800,2.8,0,5051,224,10000,0,62.394677,28.755513,1.663499999999994,28.755506925000027,62.39467694500013,0.8257082756539542,0.054545455,0.8275079232823083,472.5870168197691,DJI_0056
00:01:16.938,769,2307,34,1.71855E+12,100,800,2.8,0,5051,224,10000,0,62.394677,28.755513,1.6639999999999942,28.75550703500003,62.39467699000013,0.8014228887920762,0.052941176470605915,0.8031696052801851,472.5946023104856,DJI_0056
00:01:16.972,769.3333333,2308,33,1.71855E+12,100,800,2.8,0,5052,224,10000,0,62.394677,28.755513,1.6644999999999939,28.755507145000024,62.39467703500012,0.8257082742600074,0.054545455,0.8275079218913897,472.6021877997696,DJI_0056
00:01:17.005,769.6666667,2309,33,1.71855E+12,100,800,2.8,0,5052,224,10000,0,62.394677,28.755513,1.664999999999994,28.755507255000026,62.39467708500012,0.8670900659138323,0.054545455,0.8688039991954608,472.6101518364289,DJI_0056
00:01:17.038,770,2310,34,1.71855E+12,100,800,2.8,0,5052,224,10000,0,62.394677,28.755513,1.6654999999999942,28.75550736500002,62.39467713500012,0.841587472,0.052941176470605915,0.8432509949760721,472.61811587360364,DJI_0056
00:01:17.072,770.3333333,2311,33,1.71855E+12,100,800,2.8,0,5052,224,10000,0,62.394677,28.755513,1.6659999999999942,28.755507475000023,62.394677190000124,0.9106424484617335,0.054545455,0.9122745614955786,472.62647839041733,DJI_0056
00:01:17.105,770.6666667,2312,33,1.71855E+12,100,800,2.8,0,5052,224,10000,0,62.394677,28.755513,1.666499999999994,28.75550758000002,62.39467726000012,1.0352513400995966,0.054545455,1.0366872931552602,472.63598135727125,DJI_0056
00:01:17.138,771,2313,34,1.71855E+12,100,800,2.8,0,5052,224,10000,0,62.394677,28.755513,1.6669999999999943,28.75550768500002,62.39467733000013,1.004802873810977,0.052941176470605915,1.0061965928112113,472.64548432509224,DJI_0056
00:01:17.172,771.3333333,2314,33,1.71855E+12,100,800,2.8,0,5052,224,10000,0,62.394677,28.755513,1.6674999999999942,28.755507785000017,62.394677400000134,1.0194546689311406,0.054545455,1.0209128408522792,472.65484269280006,DJI_0056
00:01:17.205,771.6666667,2315,34,1.71855E+12,100,800,2.8,0,5052,224,10000,0,62.394677,28.755513,1.6679999999999942,28.75550788500002,62.39467748000012,1.089698961954634,0.052941176470582406,1.0909842326317534,472.6651464327749,DJI_0056
00:01:17.239,772,2316,33,1.71855E+12,100,800,2.8,0,5052,224,10000,0,62.394677,28.755513,1.6684999999999943,28.75550798500002,62.39467756000012,1.122720257616147,0.054545455,1.124044475754069,472.6754501738027,DJI_0056
00:01:17.272,772.3333333,2317,33,1.71855E+12,100,800,2.8,0,5052,224,10000,0,62.394677,28.755513,1.6689999999999943,28.75550808500002,62.394677635000114,1.0706107862728433,0.054545455,1.0719993760703994,472.6852768,DJI_0056
00:01:17.305,772.6666667,2318,34,1.71855E+12,100,800,2.8,0,5052,224,10000,0,62.394677,28.755513,1.6694999999999944,28.755508185000018,62.39467772500012,1.1931561917570437,0.052941176470605915,1.194330133,472.6965566193375,DJI_0056
00:01:17.339,773,2319,33,1.71855E+12,100,800,2.8,0,5052,224,10000,0,62.394677,28.755513,1.6699999999999944,28.75550828500002,62.39467781500012,1.2293124719894553,0.054545455,1.2305219869634165,472.7078364,DJI_0056
00:01:17.372,773.3333333,2320,33,1.71855E+12,100,800,2.8,0,5052,224,10000,0,62.394677,28.755513,1.6704999999999943,28.755508380000016,62.39467790500012,1.2166901393344978,0.054545455,1.217912189677634,472.7190005992901,DJI_0056
00:01:17.405,773.6666667,2321,34,1.71855E+12,100,800,2.8,0,5052,224,10000,0,62.394677,28.755513,1.6709999999999945,28.755508475000013,62.39467801000013,1.3419766552943229,0.052941176470605915,1.3430205179076862,472.7316846819592,DJI_0056
00:01:17.439,774,2322,33,1.71855E+12,100,800,2.8,0,5052,224,10000,0,62.394677,28.755513,1.6714999999999944,28.755508570000014,62.394678115000126,1.3826424713386902,0.054545455,1.3837179662637653,472.74436876331663,DJI_0056
00:01:17.472,774.3333333,2323,34,1.71855E+12,100,800,2.8,0,5052,224,10000,0,62.394677,28.755513,1.6719999999999944,28.755508665000015,62.39467822500013,1.396512947991376,0.052941176470582406,1.3975160757836216,472.7575675262546,DJI_0056
00:01:17.506,774.6666667,2324,33,1.71855E+12,100,800,2.8,0,5052,224,10000,0,62.394677,28.755513,1.6724999999999943,28.755508760000016,62.394678350000135,1.609374889684444,0.054545455,1.610298960490997,472.7723286000591,DJI_0056
00:01:17.539,775,2325,33,1.71855E+12,100,800,2.8,0,5052,224,10000,0,62.394677,28.755513,1.6729999999999945,28.755508855000016,62.394678475000134,1.6093747194377164,0.054545455,1.610298790341966,472.7870896723039,DJI_0056
00:01:17.572,775.3333333,2326,34,1.71855E+12,100,800,2.8,0,5052,224,10000,0,62.394677,28.755513,1.6734999999999944,28.75550894500002,62.394678595000144,1.4973944431068087,0.052941176470582406,1.4983300325406415,472.8012405670557,DJI_0056
00:01:17.606,775.6666667,2327,33,1.71855E+12,100,800,2.8,0,5052,224,10000,0,62.394677,28.755513,1.6739999999999944,28.755509035000017,62.394678730000145,1.7158765665793057,0.054545455,1.716743311723554,472.8169773807465,DJI_0056
00:01:17.639,776,2328,33,1.71855E+12,100,800,2.8,0,5052,224,10000,0,62.394677,28.755513,1.6744999999999945,28.75550912500002,62.394678865000145,1.715876565905743,0.054545455,1.7167433110503318,472.8327141944311,DJI_0056
00:01:17.672,776.3333333,2329,34,1.71855E+12,100,800,2.8,0,5052,224,10000,0,62.394677,28.755513,1.6749999999999943,28.75550921500002,62.39467900000014,1.6654094744124888,0.052941176,1.6662507271203122,472.8484510068539,DJI_0056
00:01:17.706,776.6666667,2330,33,1.71855E+12,100,800,2.8,0,5052,224,10000,0,62.394677,28.755513,1.6754999999999944,28.75550930500002,62.39467915000014,1.8906848940250163,0.054545455,1.8914715369536912,472.86578949594264,DJI_0056
00:01:17.739,777,2331,33,1.71855E+12,100,800,2.8,0,5052,224,10000,0,62.394677,28.755513,1.6759999999999946,28.755509395000022,62.394679300000135,1.8906848837573857,0.054545455,1.8914715266903308,472.8831279849373,DJI_0056
00:01:17.772,777.3333333,2332,34,1.71855E+12,100,800,2.8,0,5052,224,10000,0,62.394677,28.755513,1.6764999999999943,28.755509480000022,62.39467945000013,1.8279507852744352,0.052941176,1.8287172667067788,472.9003992035673,DJI_0056
00:01:17.806,777.6666667,2333,33,1.71855E+12,100,800,2.8,0,5052,224,10000,0,62.394677,28.755513,1.6769999999999945,28.755509570000022,62.39467961500013,2.0667632089557015,0.054545455,2.0674828580920424,472.9193511297665,DJI_0056
00:01:17.839,778,2334,34,1.71855E+12,100,800,2.8,0,5052,224,10000,0,62.394677,28.755513,1.6774999999999942,28.75550966000002,62.39467978000013,2.005976337338187,0.052941176,2.0066748202254434,472.9383030586242,DJI_0056
00:01:17.873,778.3333333,2335,33,1.71855E+12,100,800,2.8,0,5052,224,10000,0,62.394677,28.755513,1.6779999999999944,28.75550974500002,62.394679945000135,2.060049156756357,0.054545455,2.060771150531798,472.9571934608374,DJI_0056
00:01:17.906,778.6666667,2336,33,1.71855E+12,100,800,2.8,0,5052,224,10000,0,62.394677,28.755513,1.6784999999999946,28.755509830000015,62.39468012500013,2.2376299563850752,0.054545455,2.2382946696812387,472.9777111619762,DJI_0056
00:01:17.939,779,2337,34,1.71855E+12,100,800,2.8,0,5052,224,10000,0,62.394677,28.755513,1.6789999999999943,28.75550991500001,62.39468030500013,2.171817463927284,0.052941176,2.172462626786851,472.9982288645625,DJI_0056
00:01:17.973,779.3333333,2338,33,1.71855E+12,100,800,2.8,0,5052,224,10000,0,62.394677,28.755513,1.6794999999999944,28.75550999000001,62.39468048500012,2.226279970944682,0.054545455,2.226948072057592,473.01864255522304,DJI_0056
00:01:18.006,779.6666667,2339,33,1.71855E+12,100,800,2.8,0,5053,224,10000,0,62.394677,28.755513,1.6799999999999946,28.755510070000014,62.39468068000013,2.4104799471407934,0.054545455,2.4110970080400027,473.04074427779676,DJI_0056
00:01:18.039,780,2340,34,1.71855E+12,100,800,2.8,0,5053,224,10000,0,62.394677,28.755513,1.6804999999999943,28.755510150000017,62.394680875000134,2.339583477576122,0.052941176,2.3401823896254896,473.0628460003654,DJI_0056
00:01:18.073,780.3333333,2341,33,1.71855E+12,100,800,2.8,0,5053,224,10000,0,62.394677,28.755513,1.6809999999999945,28.755510225000016,62.39468107000012,2.405383621277067,0.054545455,2.406001989217704,473.0849010185999,DJI_0056
00:01:18.106,780.6666667,2342,33,1.71855E+12,100,800,2.8,0,5053,224,10000,0,62.394677,28.755513,1.6814999999999944,28.75551030000002,62.39468127000012,2.465184836267232,0.054545455,2.4657882073636146,473.1075040771674,DJI_0056
00:01:18.139,781,2343,34,1.71855E+12,100,800,2.8,0,5053,224,10000,0,62.394677,28.755513,1.6819999999999944,28.75551037500002,62.39468147000012,2.392679405386278,0.052941176470582406,2.393265030272603,473.13010713578666,DJI_0056
00:01:18.173,781.3333333,2344,33,1.71855E+12,100,800,2.8,0,5053,224,10000,0,62.394677,28.755513,1.6824999999999943,28.75551044000002,62.394681670000125,2.456176571870147,0.054545455,2.4567821553437246,473.15262763887733,DJI_0056
00:01:18.206,781.6666667,2345,34,1.71855E+12,100,800,2.8,0,5053,224,10000,0,62.394677,28.755513,1.6829999999999945,28.755510505000025,62.394681885000125,2.5589017093484405,0.052941176470605915,2.559449301367867,473.1768002156125,DJI_0056
00:01:18.240,782,2346,33,1.71855E+12,100,800,2.8,0,5053,224,10000,0,62.394677,28.755513,1.6834999999999942,28.755510570000027,62.394682100000125,2.636444185025143,0.054545455,2.6370083707422047,473.2009727923443,DJI_0056
00:01:18.273,782.3333333,2347,33,1.71855E+12,100,800,2.8,0,5053,224,10000,0,62.394677,28.755513,1.6839999999999944,28.755510630000032,62.394682315000125,2.632688132,0.054545455,2.633253122959558,473.22511094597144,DJI_0056
00:01:18.306,782.6666667,2348,34,1.71855E+12,100,800,2.8,0,5053,224,10000,0,62.394677,28.755513,1.6844999999999941,28.755510690000033,62.39468253500013,2.6137142081554448,0.052941176,2.614250318940352,473.2498010878725,DJI_0056
00:01:18.340,783,2349,33,1.71855E+12,100,800,2.8,0,5053,224,10000,0,62.394677,28.755513,1.6849999999999943,28.755510750000035,62.39468275500013,2.692917821976562,0.054545455,2.693470178511461,473.27449123117555,DJI_0056
00:01:18.373,783.3333333,2350,33,1.71855E+12,100,800,2.8,0,5053,224,10000,0,62.394677,28.755513,1.6854999999999944,28.75551080000004,62.39468297500013,2.6864424751406286,0.054545455,2.686996162790576,473.29912202933446,DJI_0056
00:01:18.406,783.6666667,2351,34,1.71855E+12,100,800,2.8,0,5053,224,10000,0,62.394677,28.755513,1.6859999999999942,28.75551085500004,62.39468320500013,2.7275492275561395,0.052941176,2.728062967914813,473.32488706847585,DJI_0056
00:01:18.440,784,2352,33,1.71855E+12,100,800,2.8,0,5053,224,10000,0,62.394677,28.755513,1.6864999999999943,28.75551091000004,62.39468343500013,2.810202383805886,0.054545455,2.8107316920260916,473.3506521089861,DJI_0056
00:01:18.473,784.3333333,2353,33,1.71855E+12,100,800,2.8,0,5053,224,10000,0,62.394677,28.755513,1.6869999999999943,28.755510960000038,62.39468366500014,2.8072429331878577,0.054545455,2.8077727993099324,473.3763900263131,DJI_0056
00:01:18.506,784.6666667,2354,34,1.71855E+12,100,800,2.8,0,5053,224,10000,0,62.394677,28.755513,1.6874999999999942,28.755511010000035,62.39468390000012,2.783320143127169,0.052941176470582406,2.7838235912685874,473.4026817,DJI_0056
00:01:18.540,785,2355,33,1.71855E+12,100,800,2.8,0,5053,224,10000,0,62.394677,28.755513,1.6879999999999944,28.755511060000035,62.39468413500012,2.867663331303325,0.054545455,2.8681820354212624,473.4289734,DJI_0056
00:01:18.573,785.3333333,2356,34,1.71855E+12,100,800,2.8,0,5053,224,10000,0,62.394677,28.755513,1.6884999999999943,28.755511100000035,62.394684370000114,2.7784930345702086,0.052941176470582406,2.778997357199401,473.4552194483733,DJI_0056
00:01:18.607,785.6666667,2357,33,1.71855E+12,100,800,2.8,0,5052,224,10000,0,62.394677,28.755513,1.6889999999999943,28.755511140000035,62.39468461000011,2.9232253947243367,0.054545455,2.9237342415091057,473.48202034558716,DJI_0056
00:01:18.640,786,2358,33,1.71855E+12,100,800,2.8,0,5052,224,10000,0,62.394677,28.755513,1.6894999999999942,28.755511180000035,62.39468485000011,2.923225699907674,0.054545455,2.9237345466393285,473.5088212,DJI_0056
00:01:18.673,786.3333333,2359,34,1.71855E+12,100,800,2.8,0,5052,224,10000,0,62.394677,28.755513,1.6894999999999942,28.755511210000037,62.39468509000011,2.8335659242973867,0,2.8335659242973867,473.53558270154974,DJI_0056
00:01:18.707,786.6666667,2360,33,1.71855E+12,100,800,2.8,0,5052,224,10000,0,62.394677,28.755513,1.6894999999999942,28.755511240000036,62.39468533500011,2.9800520218019955,0,2.9800520218019955,473.56289984508294,DJI_0056
00:01:18.740,787,2361,33,1.71855E+12,100,800,2.8,0,5051,224,10000,0,62.394677,28.755513,1.6894999999999942,28.75551127000004,62.39468558000009,2.9800515610021208,0,2.9800515610021208,473.5902169843921,DJI_0056
00:01:18.773,787.3333333,2362,34,1.71855E+12,100,800,2.8,0,5051,224,10000,0,62.394677,28.755513,1.6894999999999942,28.75551129500004,62.394685825000096,2.8909849945927393,0,2.8909849945927393,473.6175207315633,DJI_0056
00:01:18.807,787.6666667,2363,33,1.71855E+12,100,800,2.8,0,5051,224,10000,0,62.394677,28.755513,1.6894999999999942,28.755511320000043,62.39468608,3.0392438790730596,0,3.0392438790730596,473.64538046712147,DJI_0056
00:01:18.840,788,2364,33,1.71855E+12,100,800,2.8,0,5051,224,10000,0,62.394677,28.755513,1.6894999999999942,28.755511345000045,62.39468633,3.0392437246864064,0,3.0392437246864064,473.67324020126443,DJI_0056
00:01:18.873,788.3333333,2365,34,1.71855E+12,100,800,2.8,0,5051,224,10000,0,62.394677,28.755513,1.689499999999994,28.75551136000005,62.394686570000104,2.8889204142081235,-2.35E-14,2.8889204142081235,473.70052444962084,DJI_0056
00:01:18.907,788.6666667,2366,33,1.71855E+12,100,800,2.8,0,5051,224,10000,0,62.394677,28.755513,1.689499999999994,28.75551137500005,62.39468681500011,2.976463611,0,2.976463611,473.7278086993927,DJI_0056
00:01:18.940,789,2367,34,1.71855E+12,100,800,2.8,0,5051,224,10000,0,62.394677,28.755513,1.689499999999994,28.755511390000056,62.39468706000011,2.8889205640636764,0,2.8889205640636764,473.7550929491644,DJI_0056
00:01:18.974,789.3333333,2368,33,1.71855E+12,100,800,2.8,0,5051,224,10000,0,62.394677,28.755513,1.689499999999994,28.75551140500006,62.394687305000126,2.976463611439971,0,2.976463611439971,473.78237719893593,DJI_0056
00:01:19.007,789.6666667,2369,33,1.71855E+12,100,800,2.8,0,5051,224,10000,0,62.394677,28.755513,1.6894999999999936,28.75551142000006,62.39468755000013,2.976463610405284,-4.84E-14,2.976463610405284,473.80966144869797,DJI_0056
00:01:19.040,790,2370,34,1.71855E+12,100,800,2.8,0,5051,224,10000,0,62.394677,28.755513,1.6894999999999936,28.755511435000063,62.394687795000124,2.8889204141131284,0,2.8889204141131284,473.83694569705347,DJI_0056
00:01:19.074,790.3333333,2371,33,1.71855E+12,100,800,2.8,0,5051,224,10000,0,62.394677,28.755513,1.6894999999999936,28.75551144500006,62.39468804000011,2.9757983056405894,0,2.9757983056405894,473.8642238481885,DJI_0056
00:01:19.107,790.6666667,2372,33,1.71855E+12,100,800,2.8,0,5051,224,10000,0,62.394677,28.755513,1.6894999999999936,28.755511455000065,62.39468829000011,3.036507511269852,0,3.036507511269852,473.89205850037513,DJI_0056
00:01:19.140,791,2373,34,1.71855E+12,100,800,2.8,0,5051,224,10000,0,62.394677,28.755513,1.6894999999999933,28.755511465000062,62.39468854000012,2.9471986154527037,-2.35E-14,2.9471986154527037,473.9198931539655,DJI_0056
00:01:19.174,791.3333333,2374,33,1.71855E+12,100,800,2.8,0,5051,224,10000,0,62.394677,28.755513,1.6894999999999933,28.755511470000066,62.39468879000014,3.0361167306666133,0,3.0361167306666133,473.9477242239966,DJI_0056
00:01:19.207,791.6666667,2375,33,1.71855E+12,100,800,2.8,0,5051,224,10000,0,62.394677,28.755513,1.6894999999999933,28.755511475000066,62.39468904000014,3.036116421681871,0,3.036116421681871,473.97555529119535,DJI_0056
00:01:19.240,792,2376,34,1.71855E+12,100,800,2.8,0,5051,224,10000,0,62.394677,28.755513,1.6894999999999933,28.755511480000067,62.394689290000144,2.946819029491042,0,2.946819029491042,474.0033863598072,DJI_0056
00:01:19.274,792.3333333,2377,33,1.71855E+12,100,800,2.8,0,5051,224,10000,0,62.394677,28.755513,1.6894999999999931,28.755511480000067,62.394689540000144,3.0359860472991653,-2.42E-14,3.0359860472991653,474.0312162319075,DJI_0056
00:01:19.307,792.6666667,2378,34,1.71855E+12,100,800,2.8,0,5051,224,10000,0,62.394677,28.755513,1.6894999999999931,28.755511480000074,62.39468979000015,2.946692489979521,0,2.946692489979521,474.05904610542393,DJI_0056
00:01:19.341,793,2379,33,1.71855E+12,100,800,2.8,0,5051,224,10000,0,62.394677,28.755513,1.6894999999999931,28.755511480000074,62.39469004000015,3.0359862017970825,0,3.0359862017970825,474.0868759789404,DJI_0056
00:01:19.374,793.3333333,2380,33,1.71855E+12,100,800,2.8,0,5051,224,10000,0,62.394677,28.755513,1.6894999999999931,28.755511480000074,62.394690290000156,3.0359860472991653,0,3.0359860472991653,474.11470585104064,DJI_0056
00:01:19.407,793.6666667,2381,34,1.71855E+12,100,800,2.8,0,5051,224,10000,0,62.394677,28.755512,1.6894999999999927,28.755511480000074,62.394690540000155,2.946692489979521,-4.70E-14,2.946692489979521,474.1425357245571,DJI_0056
00:01:19.441,794,2382,33,1.71855E+12,100,800,2.8,0,5051,224,10000,0,62.394677,28.755512,1.6894999999999927,28.755511480000077,62.39469079000016,3.0359862017970825,0,3.0359862017970825,474.17036559807354,DJI_0056
00:01:19.474,794.3333333,2383,33,1.71855E+12,100,800,2.8,0,5051,224,10000,0,62.394677,28.755512,1.6894999999999927,28.755511475000077,62.39469104000016,3.0361165761557483,0,3.0361165761557483,474.1981966666883,DJI_0056
00:01:19.507,794.6666667,2384,34,1.71855E+12,100,800,2.8,0,5051,224,10000,0,62.394677,28.755512,1.6894999999999927,28.75551147000008,62.39469129000017,2.9468190294741485,0,2.9468190294741485,474.2260277,DJI_0056
00:01:19.541,795,2385,33,1.71855E+12,100,800,2.8,0,5051,224,10000,0,62.394677,28.755512,1.6894999999999927,28.755511465000076,62.39469154000017,3.0361164216601138,0,3.0361164216601138,474.2538588024986,DJI_0056
00:01:19.574,795.3333333,2386,33,1.71855E+12,100,800,2.8,0,5051,224,10000,0,62.394677,28.755512,1.6894999999999927,28.75551146000008,62.39469179500016,3.096833555126963,0,3.096833555126963,474.2822464434206,DJI_0056
00:01:19.607,795.6666667,2387,34,1.71855E+12,100,800,2.8,0,5052,224,10000,0,62.394677,28.755512,1.6894999999999927,28.755511455000082,62.39469205000016,3.0057502152681757,0,3.0057502152681757,474.3106340843426,DJI_0056
00:01:19.641,796,2388,33,1.71855E+12,100,800,2.8,0,5052,224,10000,0,62.394677,28.755512,1.6894999999999927,28.755511450000082,62.394692305000156,3.096833709614152,0,3.096833709614152,474.33902172668076,DJI_0056
00:01:19.674,796.3333333,2389,34,1.71855E+12,100,800,2.8,0,5052,224,10000,0,62.394677,28.755512,1.6894999999999927,28.755511445000085,62.39469256000015,3.005750215263952,0,3.005750215263952,474.3674093676027,DJI_0056
00:01:19.708,796.6666667,2390,33,1.71855E+12,100,800,2.8,0,5052,224,10000,0,62.394678,28.755512,1.6894999999999927,28.755511440000088,62.39469281500014,3.0968335551182595,0,3.0968335551182595,474.3957970085246,DJI_0056
00:01:19.741,797,2391,33,1.71855E+12,100,800,2.8,0,5052,224,10000,0,62.394678,28.755512,1.6894999999999927,28.755511435000088,62.39469307000014,3.096833555116084,0,3.096833555116084,474.4241846494465,DJI_0056
00:01:19.774,797.3333333,2392,34,1.71855E+12,100,800,2.8,0,5052,224,10000,0,62.394678,28.755512,1.6894999999999927,28.755511425000094,62.39469332500012,3.006122359805969,0,3.006122359805969,474.4525758050669,DJI_0056
00:01:19.808,797.6666667,2393,33,1.71855E+12,100,800,2.8,0,5052,224,10000,0,62.394679,28.755511,1.6894999999999927,28.755511415000097,62.39469358000011,3.0972168229390262,0,3.0972168229390262,474.48096695927717,DJI_0056
00:01:19.841,798,2394,33,1.71855E+12,100,800,2.8,0,5052,224,10000,0,62.394679,28.755511,1.6894999999999927,28.755511405000103,62.394693835000105,3.097216976752383,0,3.097216976752383,474.5093581148974,DJI_0056
00:01:19.874,798.3333333,2395,34,1.71855E+12,100,800,2.8,0,5052,224,10000,0,62.394679,28.755511,1.6894999999999927,28.755511395000102,62.39469409,3.00612251,0,3.00612251,474.53774927193354,DJI_0056
00:01:19.908,798.6666667,2396,33,1.71855E+12,100,800,2.8,0,5052,224,10000,0,62.39468,28.755511,1.6894999999999927,28.75551138500011,62.39469435,3.0972171312073944,0,3.0972171312073944,474.5661404289696,DJI_0056
00:01:19.941,799,2397,33,1.71855E+12,100,800,2.8,0,5052,224,10000,0,62.39468,28.755511,1.6894999999999927,28.75551137500011,62.39469460000009,3.097216822904218,0,3.097216822904218,474.59453158317956,DJI_0056
00:01:19.974,799.3333333,2398,34,1.71855E+12,100,800,2.8,0,5052,224,10000,0,62.39468,28.755511,1.6894999999999927,28.75551136500011,62.39469485500009,3.006122510315631,0,3.006122510315631,474.62292274022144,DJI_0056
00:01:20.008,799.6666667,2399,33,1.71855E+12,100,800,2.8,0,5053,224,10000,0,62.394681,28.75551,1.6894999999999931,28.75551136000011,62.394695110000086,3.096833555098678,4.844609562000683e-14,3.096833555098678,474.65131038114316,DJI_0056
00:01:20.041,800,2400,34,1.71855E+12,100,800,2.8,0,5053,224,10000,0,62.394681,28.75551,1.6894999999999931,28.75551135500011,62.39469536500008,3.0057502155563762,0,3.0057502155563762,474.67969802206784,DJI_0056
00:01:20.075,800.3333333,2401,33,1.71855E+12,100,800,2.8,0,5053,224,10000,0,62.394681,28.75551,1.6894999999999931,28.755511350000106,62.39469562000008,3.096833709911086,0,3.096833709911086,474.7080856644087,DJI_0056
00:01:20.108,800.6666667,2402,33,1.71855E+12,100,800,2.8,0,5053,224,10000,0,62.394683,28.75551,1.6894999999999931,28.755511345000105,62.39469588000007,3.157550787204689,0,3.157550787204689,474.7370298799581,DJI_0056
00:01:20.141,801,2403,34,1.71855E+12,100,800,2.8,0,5053,224,10000,0,62.394683,28.75551,1.6894999999999931,28.75551134,62.39469614000007,3.0646817966599302,0,3.0646817966599302,474.7659740969265,DJI_0056
00:01:20.175,801.3333333,2404,33,1.71855E+12,100,800,2.8,0,5053,224,10000,0,62.394683,28.75551,1.6894999999999931,28.75551134,62.394696400000086,3.157551097,0,3.157551097,474.7949183153111,DJI_0056
00:01:20.208,801.6666667,2405,33,1.71855E+12,100,800,2.8,0,5053,224,10000,0,62.394685,28.755509,1.6894999999999931,28.75551134,62.39469666000008,3.157425427391965,0,3.157425427391965,474.8238613817289,DJI_0056
00:01:20.241,802,2406,34,1.71855E+12,100,800,2.8,0,5053,224,10000,0,62.394685,28.755509,1.6894999999999933,28.75551134,62.39469692000008,3.064560123599003,2.3510605227356258e-14,3.064560123599003,474.8528044495629,DJI_0056
00:01:20.275,802.3333333,2407,33,1.71855E+12,100,800,2.8,0,5053,224,10000,0,62.394685,28.755509,1.6894999999999933,28.75551134,62.39469718000007,3.157425427391965,0,3.157425427391965,474.88174751598063,DJI_0056
00:01:20.308,802.6666667,2408,33,1.71855E+12,100,800,2.8,0,5054,224,10000,0,62.394686,28.755509,1.6894999999999933,28.755511340000098,62.39469744500008,3.218268421,0,3.218268421,474.9112483098401,DJI_0056
00:01:20.341,803,2409,34,1.71855E+12,100,800,2.8,0,5054,224,10000,0,62.394686,28.755509,1.6894999999999933,28.75551135,62.394697710000074,3.123613317828842,0,3.123613317828842,474.9407491022863,DJI_0056
00:01:20.375,803.3333333,2410,33,1.71855E+12,100,800,2.8,0,5054,224,10000,0,62.394686,28.755509,1.6894999999999933,28.75551135,62.39469797500007,3.218268112046823,0,3.218268112046823,474.9702498933134,DJI_0056
00:01:20.408,803.6666667,2411,34,1.71855E+12,100,800,2.8,0,5054,224,10000,0,62.394689,28.755508,1.6894999999999933,28.755511360000092,62.39469824000007,3.123971421486545,0,3.123971421486545,474.99975406784966,DJI_0056
00:01:20.442,804,2412,33,1.71855E+12,100,800,2.8,0,5055,224,10000,0,62.394689,28.755508,1.6894999999999933,28.75551137000009,62.39469850500007,3.218637377229076,0,3.218637377229076,475.0292582438076,DJI_0056
00:01:20.475,804.3333333,2413,33,1.71855E+12,100,800,2.8,0,5055,224,10000,0,62.394689,28.755508,1.6894999999999933,28.755511380000083,62.39469877000007,3.2186370670201225,0,3.2186370670201225,475.0587624169219,DJI_0056
00:01:20.508,804.6666667,2414,34,1.71855E+12,100,800,2.8,0,5056,224,10000,0,62.394691,28.755508,1.6894999999999936,28.75551139500008,62.39469904000007,3.1834822512929697,2.3510605227356258e-14,3.1834822512929697,475.0888286381841,DJI_0056
00:01:20.542,805,2415,33,1.71855E+12,100,800,2.8,0,5056,224,10000,0,62.394691,28.755508,1.6894999999999936,28.755511410000075,62.39469931000007,3.2799512550355496,0,3.2799512550355496,475.1188948580219,DJI_0056
00:01:20.575,805.3333333,2416,33,1.71855E+12,100,800,2.8,0,5056,224,10000,0,62.394691,28.755508,1.6894999999999936,28.755511425000076,62.39469958000005,3.2799511024115957,0,3.2799511024115957,475.1489610764607,DJI_0056
00:01:20.608,805.6666667,2417,34,1.71855E+12,100,800,2.8,0,5056,224,10000,0,62.394694,28.755508,1.6894999999999936,28.75551144500007,62.39469985000005,3.184301905002495,0,3.184301905002495,475.1790350388968,DJI_0056
00:01:20.642,806,2418,33,1.71855E+12,100,800,2.8,0,5056,224,10000,0,62.394694,28.755508,1.6894999999999936,28.755511465000062,62.39470012000005,3.280796055268046,0,3.280796055268046,475.2091090027368,DJI_0056
00:01:20.675,806.3333333,2419,34,1.71855E+12,100,800,2.8,0,5057,224,10000,0,62.394694,28.755508,1.6894999999999936,28.755511490000057,62.39470039500006,3.2442364083245785,0,3.2442364083245785,475.2397490132599,DJI_0056
00:01:20.709,806.6666667,2420,33,1.71855E+12,100,800,2.8,0,5057,224,10000,0,62.394697,28.755508,1.6894999999999936,28.75551151500006,62.394700670000056,3.3425464511139817,0,3.3425464511139817,475.2703890223951,DJI_0056
00:01:20.742,807,2421,33,1.71855E+12,100,800,2.8,0,5058,224,10000,0,62.394697,28.755508,1.6894999999999936,28.755511540000054,62.39470094500006,3.3425466024075368,0,3.3425466024075368,475.30102903291714,DJI_0056
00:01:20.775,807.3333333,2422,34,1.71855E+12,100,800,2.8,0,5058,224,10000,0,62.394697,28.755508,1.6894999999999936,28.75551156500005,62.39470122000006,3.244236258345343,0,3.244236258345343,475.33166904202375,DJI_0056
00:01:20.809,807.6666667,2423,33,1.71855E+12,100,800,2.8,0,5059,224,10000,0,62.3947,28.755508,1.6894999999999936,28.755511595000048,62.39470149500007,3.343848962792984,0,3.343848962792984,475.36232099084935,DJI_0056
00:01:20.842,808,2424,33,1.71855E+12,100,800,2.8,0,5059,224,10000,0,62.3947,28.755508,1.6894999999999936,28.75551162500005,62.394701770000076,3.3438489663290847,0,3.3438489663290847,475.39297293970736,DJI_0056
00:01:20.875,808.3333333,2425,34,1.71855E+12,100,800,2.8,0,5060,224,10000,0,62.3947,28.755508,1.689499999999994,28.75551165500005,62.39470204500009,3.2455004637354503,4.7021210454712516e-14,3.2455004637354503,475.42362488853155,DJI_0056
00:01:20.909,808.6666667,2426,33,1.71855E+12,100,800,2.8,0,5060,224,10000,0,62.394703,28.755508,1.689499999999994,28.755511690000045,62.39470232500008,3.4060037064717807,0,3.4060037064717807,475.4548465891742,DJI_0056
00:01:20.942,809,2427,33,1.71855E+12,100,800,2.8,0,5061,224,10000,0,62.394703,28.755508,1.689499999999994,28.75551172500004,62.39470260500008,3.4060035541958285,0,3.4060035541958285,475.4860683,DJI_0056
00:01:20.975,809.3333333,2428,34,1.71855E+12,100,800,2.8,0,5061,224,10000,0,62.394703,28.755508,1.689499999999994,28.75551176000004,62.39470288500007,3.3058269769601107,0,3.3058269769601107,475.5172899876478,DJI_0056
00:01:21.009,809.6666667,2429,33,1.71855E+12,100,800,2.8,0,5064,224,10000,0,62.394706,28.755508,1.689499999999994,28.755511805000037,62.39470316500007,3.409720344114379,0,3.409720344114379,475.54854575746884,DJI_0056
00:01:21.042,810,2430,34,1.71855E+12,100,800,2.8,0,5064,224,10000,0,62.394706,28.755508,1.689499999999994,28.75551185000004,62.39470344500006,3.3094346061699835,0,3.3094346061699835,475.57980152874933,DJI_0056
00:01:21.076,810.3333333,2431,33,1.71855E+12,100,800,2.8,0,5066,224,10000,0,62.394706,28.755508,1.689499999999994,28.755511895000037,62.394703725000056,3.4097203437628676,0,3.4097203437628676,475.6110572985672,DJI_0056
00:01:21.109,810.6666667,2432,33,1.71855E+12,100,800,2.8,0,5066,224,10000,0,62.394709,28.755509,1.689499999999994,28.755511945000034,62.39470401000005,3.4724419191115286,0,3.4724419191115286,475.642888,DJI_0056
00:01:21.142,811,2433,34,1.71855E+12,100,800,2.8,0,5068,224,10000,0,62.394709,28.755509,1.689499999999994,28.755511995000028,62.39470429500004,3.370311121945395,0,3.370311121945395,475.67471873231074,DJI_0056
00:01:21.176,811.3333333,2434,33,1.71855E+12,100,800,2.8,0,5068,224,10000,0,62.394709,28.755509,1.689499999999994,28.755512045000028,62.39470458000003,3.472441764687881,0,3.472441764687881,475.70654944848707,DJI_0056
00:01:21.209,811.6666667,2435,33,1.71855E+12,100,800,2.8,0,5071,224,10000,0,62.394712,28.755509,1.689499999999994,28.755512100000022,62.39470486500004,3.474834871180946,0,3.474834871180946,475.7384021014729,DJI_0056
00:01:21.242,812,2436,34,1.71855E+12,100,800,2.8,0,5071,224,10000,0,62.394712,28.755509,1.689499999999994,28.755512155000023,62.394705150000036,3.3726338545868786,0,3.3726338545868786,475.7702548,DJI_0056
00:01:21.276,812.3333333,2437,33,1.71855E+12,100,800,2.8,0,5073,224,10000,0,62.394712,28.755509,1.6899999999999937,28.75551221000002,62.394705435000034,3.474834870656488,0.054545455,3.475262951913403,475.8021113316032,DJI_0056
00:01:21.309,812.6666667,2438,33,1.71855E+12,100,800,2.8,0,5073,224,10000,0,62.394715,28.75551,1.690499999999994,28.75551227000002,62.39470572500003,3.5378914178907586,0.054545455,3.538311870284565,475.8345458570808,DJI_0056
00:01:21.342,813,2439,34,1.71855E+12,100,800,2.8,0,5075,224,10000,0,62.394715,28.75551,1.690999999999994,28.75551233000001,62.39470601500002,3.4338359269726566,0.052941176470605915,3.434244013103067,475.86698038387124,DJI_0056
00:01:21.376,813.3333333,2440,33,1.71855E+12,100,800,2.8,0,5075,224,10000,0,62.394715,28.75551,1.6914999999999938,28.755512390000007,62.39470630500002,3.537891567643641,0.054545455,3.538312020019652,475.8994149107214,DJI_0056
00:01:21.409,813.6666667,2441,34,1.71855E+12,100,800,2.8,0,5077,224,10000,0,62.394716,28.75551,1.691999999999994,28.75551246,62.39470659500002,3.4365494619814987,0.052941176470605915,3.4369572259211223,475.9318750622996,DJI_0056
00:01:21.443,814,2442,33,1.71855E+12,100,800,2.8,0,5077,224,10000,0,62.394716,28.75551,1.6924999999999937,28.755512519999996,62.394706885000005,3.540687481469197,0.054545455,3.541107601873213,475.96433521531674,DJI_0056
00:01:21.476,814.3333333,2443,33,1.71855E+12,100,800,2.8,0,5079,224,10000,0,62.394716,28.75551,1.6929999999999938,28.755512589999995,62.39470718,3.5437044373052395,0.054545455,3.544124200079396,475.99682302048416,DJI_0056
00:01:21.509,814.6666667,2444,34,1.71855E+12,100,800,2.8,0,5079,224,10000,0,62.394719,28.75551,1.6934999999999938,28.755512659999994,62.39470747,3.439478137707712,0.052941176470582406,3.439885554482213,476.0293108284987,DJI_0056
00:01:21.543,815,2445,33,1.71855E+12,100,800,2.8,0,5080,224,10000,0,62.394719,28.75551,1.6939999999999937,28.755512729999992,62.39470775499999,3.5437044404365046,0.054545455,3.5441242032102895,476.06179863369476,DJI_0056
00:01:21.576,815.3333333,2446,33,1.71855E+12,100,800,2.8,0,5080,224,10000,0,62.394719,28.75551,1.6944999999999937,28.755512804999984,62.39470804999999,3.607237881842122,0.054545455,3.6076502522844986,476.0948687610074,DJI_0056
00:01:21.609,815.6666667,2447,34,1.71855E+12,100,800,2.8,0,5081,224,10000,0,62.39472,28.75551,1.6949999999999938,28.755512879999984,62.39470834499999,3.501142661745885,0.052941176470605915,3.5015429036444994,476.12793888843066,DJI_0056
00:01:21.643,816,2448,33,1.71855E+12,100,800,2.8,0,5081,224,10000,0,62.39472,28.75551,1.6954999999999938,28.755512954999976,62.39470863999999,3.607238038494583,0.054545455,3.607650408919054,476.1610090171791,DJI_0056
00:01:21.676,816.3333333,2449,33,1.71855E+12,100,800,2.8,0,5082,224,10000,0,62.39472,28.75551,1.6959999999999937,28.75551303499997,62.39470893499998,3.6106377565381864,0.054545455,3.611049738725663,476.19411030645074,DJI_0056
00:01:21.709,816.6666667,2450,34,1.71855E+12,100,800,2.8,0,5082,224,10000,0,62.394722,28.755511,1.696499999999994,28.75551311499997,62.39470922999997,3.504442540863569,0.052941176470605915,3.5048424059264636,476.22721159584006,DJI_0056
00:01:21.743,817,2451,33,1.71855E+12,100,800,2.8,0,5082,224,10000,0,62.394722,28.755511,1.6969999999999936,28.755513194999967,62.39470952499997,3.610638062017549,0.054545455,3.611050044170174,476.2603128879116,DJI_0056
00:01:21.776,817.3333333,2452,34,1.71855E+12,100,800,2.8,0,5082,224,10000,0,62.394722,28.755511,1.6974999999999938,28.755513284999964,62.39470981999996,3.5116705860550606,0.052941176470605915,3.5120696281723096,476.2934824343999,DJI_0056
00:01:21.810,817.6666667,2453,33,1.71855E+12,100,800,2.8,0,5082,224,10000,0,62.394723,28.755511,1.697999999999994,28.75551337499996,62.39471011499996,3.6180848455405186,0.054545455,3.6184959798432184,476.32665198088176,DJI_0056
00:01:21.843,818,2454,33,1.71855E+12,100,800,2.8,0,5083,224,10000,0,62.394723,28.755511,1.6984999999999937,28.755513464999954,62.39471040999996,3.6180848448424903,0.054545455,3.618495979145268,476.35982152735727,DJI_0056
00:01:21.876,818.3333333,2455,34,1.71855E+12,100,800,2.8,0,5083,224,10000,0,62.394723,28.755511,1.6989999999999938,28.755513559999955,62.39471070999997,3.573896474,0.052941176470605915,3.5742885691055766,476.3935786971766,DJI_0056
00:01:21.910,818.6666667,2456,33,1.71855E+12,100,800,2.8,0,5083,224,10000,0,62.394724,28.755511,1.6994999999999936,28.755513654999955,62.39471100999998,3.6821962135426185,0.054545455,3.682600190305643,476.42733586558774,DJI_0056
00:01:21.943,819,2457,33,1.71855E+12,100,800,2.8,0,5083,224,10000,0,62.394724,28.755511,1.6999999999999937,28.755513749999956,62.394711309999984,3.6821960599044514,0.054545455,3.682600036684331,476.46109303259067,DJI_0056
00:01:21.976,819.3333333,2458,34,1.71855E+12,100,800,2.8,0,5084,224,10000,0,62.394724,28.755511,1.6999999999999937,28.755513844999953,62.394711609999995,3.573896471765525,0,3.573896471765525,476.4948464992685,DJI_0056
00:01:22.010,819.6666667,2459,33,1.71855E+12,100,800,2.8,0,5084,224,10000,0,62.394725,28.755511,1.6999999999999937,28.755513939999954,62.394711910000005,3.6821962060143187,0,3.6821962060143187,476.5285999644903,DJI_0056
00:01:22.043,820,2460,33,1.71855E+12,100,800,2.8,0,5084,224,10000,0,62.394725,28.755511,1.6999999999999937,28.755514034999962,62.39471221000001,3.682196220827695,0,3.682196220827695,476.56235342984786,DJI_0056
00:01:22.076,820.3333333,2461,34,1.71855E+12,100,800,2.8,0,5084,224,10000,0,62.394725,28.755511,1.6999999999999937,28.755514134999956,62.39471251000002,3.577963047198702,0,3.577963047198702,476.5961453030714,DJI_0056
00:01:22.110,820.6666667,2462,33,1.71855E+12,100,800,2.8,0,5084,224,10000,0,62.394726,28.755511,1.6999999999999937,28.755514234999954,62.39471281000003,3.6863863271323694,0,3.6863863271323694,476.6299371777368,DJI_0056
00:01:22.143,821,2463,34,1.71855E+12,100,800,2.8,0,5084,224,10000,0,62.394726,28.755511,1.6999999999999937,28.75551433499995,62.394713110000026,3.577962902635996,0,3.577962902635996,476.663729,DJI_0056
00:01:22.177,821.3333333,2464,33,1.71855E+12,100,800,2.8,0,5084,224,10000,0,62.394726,28.755511,1.6999999999999937,28.755514444999953,62.39471341500004,3.7552701560322377,0,3.7552701560322377,476.69815235935863,DJI_0056
00:01:22.210,821.6666667,2465,33,1.71855E+12,100,800,2.8,0,5084,224,10000,0,62.394726,28.755511,1.6999999999999937,28.755514554999955,62.39471372000005,3.7552703132784373,0,3.7552703132784373,476.7325756705637,DJI_0056
00:01:22.243,822,2466,34,1.71855E+12,100,800,2.8,0,5084,224,10000,0,62.394726,28.755511,1.6999999999999937,28.755514664999954,62.394714025000056,3.644821179682395,0,3.644821179682395,476.7669989817051,DJI_0056
00:01:22.277,822.3333333,2467,33,1.71855E+12,100,800,2.8,0,5084,224,10000,0,62.394726,28.755511,1.6999999999999937,28.755514779999952,62.39471433000007,3.760010509397932,0,3.760010509397932,476.8014657447079,DJI_0056
00:01:22.310,822.6666667,2468,33,1.71855E+12,100,800,2.8,0,5083,224,10000,0,62.394726,28.755511,1.6999999999999937,28.75551489499995,62.39471463500007,3.760010203879126,0,3.760010203879126,476.83593250491015,DJI_0056
00:01:22.343,823,2469,34,1.71855E+12,100,800,2.8,0,5083,224,10000,0,62.394726,28.755511,1.6999999999999937,28.75551500999995,62.394714940000085,3.6494219687824194,0,3.6494219687824194,476.87039926794864,DJI_0056
00:01:22.377,823.3333333,2470,33,1.71855E+12,100,800,2.8,0,5082,224,10000,0,62.394726,28.755511,1.6999999999999937,28.75551512999995,62.394715245000086,3.7649547160258825,0,3.7649547160258825,476.90491135284555,DJI_0056
00:01:22.410,823.6666667,2471,33,1.71855E+12,100,800,2.8,0,5082,224,10000,0,62.394727,28.755511,1.6999999999999937,28.755515249999945,62.39471555000009,3.7649550123580116,0,3.7649550123580116,476.9394234404588,DJI_0056
00:01:22.443,824,2472,34,1.71855E+12,100,800,2.8,0,5082,224,10000,0,62.394727,28.755511,1.6999999999999937,28.755515369999944,62.39471585500009,3.654220898918683,0,3.654220898918683,476.9739355267264,DJI_0056
00:01:22.477,824.3333333,2473,33,1.71855E+12,100,800,2.8,0,5082,224,10000,0,62.394727,28.755511,1.6999999999999937,28.755515494999944,62.39471616,3.770102878696216,0,3.770102878696216,477.00849480311444,DJI_0056
00:01:22.510,824.6666667,2474,34,1.71855E+12,100,800,2.8,0,5081,224,10000,0,62.394727,28.755511,1.6999999999999937,28.75551561999995,62.39471647,3.659217498614312,0,3.659217498614312,477.0430540794902,DJI_0056
00:01:22.544,825,2475,33,1.71855E+12,100,800,2.8,0,5081,224,10000,0,62.394727,28.755511,1.6999999999999937,28.755515744999954,62.394716770000095,3.7701027242391194,0,3.7701027242391194,477.0776133544624,DJI_0056
00:01:22.577,825.3333333,2476,33,1.71855E+12,100,800,2.8,0,5080,224,10000,0,62.394727,28.755511,1.6999999999999937,28.755515874999954,62.39471708000009,3.8350404066718617,0,3.8350404066718617,477.11276789152356,DJI_0056
00:01:22.610,825.6666667,2477,34,1.71855E+12,100,800,2.8,0,5080,224,10000,0,62.394727,28.755511,1.6999999999999937,28.755516004999954,62.39471739000009,3.722245246392348,0,3.722245246392348,477.14792242996174,DJI_0056
00:01:22.644,826,2478,33,1.71855E+12,100,800,2.8,0,5078,224,10000,0,62.394727,28.755511,1.6999999999999937,28.75551613499995,62.394717700000086,3.8350405486171915,0,3.8350405486171915,477.1830769683241,DJI_0056
00:01:22.677,826.3333333,2479,33,1.71855E+12,100,800,2.8,0,5078,224,10000,0,62.394727,28.755511,1.6999999999999937,28.75551626999995,62.39471801000009,3.840507039287934,0,3.840507039287934,477.21828161618424,DJI_0056
00:01:22.710,826.6666667,2480,34,1.71855E+12,100,800,2.8,0,5077,224,10000,0,62.394727,28.755511,1.6999999999999937,28.755516404999952,62.39471832000008,3.7275506544061208,0,3.7275506544061208,477.2534862612536,DJI_0056
00:01:22.744,827,2481,33,1.71855E+12,100,800,2.8,0,5077,224,10000,0,62.394727,28.755511,1.6999999999999937,28.755516539999952,62.39471863000008,3.8405067403683972,0,3.8405067403683972,477.28869090637363,DJI_0056
00:01:22.777,827.3333333,2482,33,1.71855E+12,100,800,2.8,0,5076,224,10000,0,62.394727,28.755511,1.6999999999999937,28.755516684999957,62.39471894000007,3.852032728,0,3.852032728,477.32400120637806,DJI_0056
00:01:22.810,827.6666667,2483,34,1.71855E+12,100,800,2.8,0,5076,224,10000,0,62.394727,28.755511,1.6999999999999937,28.755516829999962,62.394719250000065,3.7387377923403173,0,3.7387377923403173,477.35931150775014,DJI_0056
00:01:22.844,828,2484,33,1.71855E+12,100,800,2.8,0,5075,224,10000,0,62.394727,28.755511,1.6999999999999937,28.755516974999964,62.394719560000055,3.8520327165939854,0,3.8520327165939854,477.39462180765224,DJI_0056
00:01:22.877,828.3333333,2485,34,1.71855E+12,100,800,2.8,0,5075,224,10000,0,62.394728,28.755511,1.6999999999999937,28.75551712499997,62.39471987500005,3.802145418440502,0,3.802145418440502,477.4305309588264,DJI_0056
00:01:22.911,828.6666667,2486,33,1.71855E+12,100,800,2.8,0,5074,224,10000,0,62.394728,28.755511,1.6999999999999937,28.75551727499997,62.39472019000005,3.917361928933896,0,3.917361928933896,477.46644010984164,DJI_0056
00:01:22.944,829,2487,33,1.71855E+12,100,800,2.8,0,5074,224,10000,0,62.394728,28.755511,1.6999999999999937,28.755517424999965,62.39472050500005,3.917361927021648,0,3.917361927021648,477.50234926083937,DJI_0056
00:01:22.977,829.3333333,2488,34,1.71855E+12,100,800,2.8,0,5071,224,10000,0,62.394728,28.755511,1.6999999999999937,28.755517579999967,62.39472082000004,3.808122895260681,0,3.808122895260681,477.5383148659613,DJI_0056
00:01:23.011,829.6666667,2489,33,1.71855E+12,100,800,2.8,0,5071,224,10000,0,62.394728,28.755511,1.6999999999999937,28.75551773499997,62.394721135000026,3.9235207073466967,0,3.9235207073466967,477.5742804724453,DJI_0056
00:01:23.044,830,2490,33,1.71855E+12,100,800,2.8,0,5070,224,10000,0,62.394728,28.755511,1.6999999999999937,28.755517889999975,62.39472145000003,3.9235207132655794,0,3.9235207132655794,477.61024607898355,DJI_0056
00:01:23.077,830.3333333,2491,34,1.71855E+12,100,800,2.8,0,5070,224,10000,0,62.394728,28.755511,1.6999999999999937,28.755518049999974,62.39472176000002,3.756944678327188,0,3.756944678327188,477.6457283342789,DJI_0056
00:01:23.111,830.6666667,2492,33,1.71855E+12,100,800,2.8,0,5068,224,10000,0,62.394728,28.755511,1.6999999999999937,28.75551820999997,62.39472207000001,3.870791484594408,0,3.870791484594408,477.6812105895543,DJI_0056
00:01:23.144,831,2493,33,1.71855E+12,100,800,2.8,0,5068,224,10000,0,62.394728,28.755511,1.6999999999999937,28.75551836999997,62.394722380000005,3.870791632687787,0,3.870791632687787,477.7166928461873,DJI_0056
00:01:23.177,831.3333333,2494,34,1.71855E+12,100,800,2.8,0,5067,224,10000,0,62.394728,28.755511,1.6999999999999937,28.75551853499997,62.39472269000001,3.763390609305829,0,3.763390609305829,477.7522359797196,DJI_0056
00:01:23.211,831.6666667,2495,33,1.71855E+12,100,800,2.8,0,5067,224,10000,0,62.394728,28.755511,1.6999999999999937,28.75551869999997,62.39472300000001,3.8774327466812237,0,3.8774327466812237,477.78777911323084,DJI_0056
00:01:23.244,832,2496,34,1.71855E+12,100,800,2.8,0,5065,224,10000,0,62.394728,28.755511,1.6999999999999937,28.75551886499997,62.39472331000002,3.763390604840074,0,3.763390604840074,477.8233222,DJI_0056
00:01:23.278,832.3333333,2497,33,1.71855E+12,100,800,2.8,0,5065,224,10000,0,62.394728,28.755511,1.6999999999999937,28.755519034999974,62.39472361500002,3.8254461510449294,0,3.8254461510449294,477.8583888364389,DJI_0056
00:01:23.311,832.6666667,2498,33,1.71855E+12,100,800,2.8,0,5063,224,10000,0,62.394728,28.755512,1.6999999999999937,28.755519204999977,62.394723920000025,3.825446289,0,3.825446289,477.89345542742365,DJI_0056
00:01:23.344,833,2499,34,1.71855E+12,100,800,2.8,0,5063,224,10000,0,62.394728,28.755512,1.6999999999999937,28.75551937499998,62.394724225000026,3.7129328790384526,0,3.7129328790384526,477.92852201572566,DJI_0056
00:01:23.378,833.3333333,2500,33,1.71855E+12,100,800,2.8,0,5062,224,10000,0,62.394728,28.755512,1.6999999999999937,28.755519554999978,62.39472452500003,3.7813695074843294,0,3.7813695074843294,477.9631845695443,DJI_0056
00:01:23.411,833.6666667,2501,33,1.71855E+12,100,800,2.8,0,5062,224,10000,0,62.394729,28.755512,1.6999999999999937,28.75551973499998,62.39472482500003,3.7813695143558985,0,3.7813695143558985,477.9978471234259,DJI_0056
00:01:23.444,834,2502,34,1.71855E+12,100,800,2.8,0,5061,224,10000,0,62.394729,28.755512,1.6999999999999937,28.755519914999976,62.39472512500003,3.670152617,0,3.670152617,478.0325096759181,DJI_0056
00:01:23.478,834.3333333,2503,33,1.71855E+12,100,800,2.8,0,5061,224,10000,0,62.394729,28.755512,1.6999999999999937,28.75552009999998,62.39472541500003,3.672388861244056,0,3.672388861244056,478.0661732404795,DJI_0056
00:01:23.511,834.6666667,2504,34,1.71855E+12,100,800,2.8,0,5060,224,10000,0,62.394729,28.755513,1.6999999999999937,28.755520284999978,62.394725705000035,3.564377565178744,0,3.564377565178744,478.0998368063728,DJI_0056
00:01:23.545,835,2505,33,1.71855E+12,100,800,2.8,0,5060,224,10000,0,62.394729,28.755513,1.6999999999999937,28.755520469999983,62.394725995000044,3.6723888555310142,0,3.6723888555310142,478.13350037088185,DJI_0056
00:01:23.578,835.3333333,2506,33,1.71855E+12,100,800,2.8,0,5058,224,10000,0,62.394729,28.755513,1.6999999999999937,28.755520664999985,62.39472628000005,3.630809715006009,0,3.630809715006009,478.1667827932694,DJI_0056
00:01:23.611,835.6666667,2507,34,1.71855E+12,100,800,2.8,0,5058,224,10000,0,62.39473,28.755514,1.6999999999999937,28.755520859999987,62.39472656500005,3.5240209050312097,0,3.5240209050312097,478.20006521292805,DJI_0056
00:01:23.645,836,2508,33,1.71855E+12,100,800,2.8,0,5057,224,10000,0,62.39473,28.755514,1.6999999999999937,28.75552105499999,62.394726850000055,3.6308097195148163,0,3.6308097195148163,478.23334763535695,DJI_0056
00:01:23.678,836.3333333,2509,33,1.71855E+12,100,800,2.8,0,5057,224,10000,0,62.39473,28.755514,1.6999999999999937,28.755521254999994,62.39472713000006,3.5817173540845264,0,3.5817173540845264,478.26618004443606,DJI_0056
00:01:23.711,836.6666667,2510,34,1.71855E+12,100,800,2.8,0,5057,224,10000,0,62.39473,28.755515,1.6999999999999937,28.755521454999997,62.39472741000006,3.4763729966160826,0,3.4763729966160826,478.2990124560708,DJI_0056
00:01:23.745,837,2511,33,1.71855E+12,100,800,2.8,0,5057,224,10000,0,62.39473,28.755515,1.6999999999999937,28.755521655000003,62.39472769000006,3.5817173362268955,0,3.5817173362268955,478.3318448649862,DJI_0056
00:01:23.778,837.3333333,2512,33,1.71855E+12,100,800,2.8,0,5056,224,10000,0,62.39473,28.755515,1.6999999999999937,28.755521865000002,62.394727955000064,3.428253046420501,0,3.428253046420501,478.3632705179117,DJI_0056
00:01:23.811,837.6666667,2513,34,1.71855E+12,100,800,2.8,0,5056,224,10000,0,62.394731,28.755516,1.6999999999999937,28.75552208,62.39472822000007,3.327421906254801,0,3.327421906254801,478.39469616924856,DJI_0056
00:01:23.845,838,2514,33,1.71855E+12,100,800,2.8,0,5055,224,10000,0,62.394731,28.755516,1.6999999999999937,28.75552229,62.394728485000066,3.428252894185444,0,3.428252894185444,478.4261218207786,DJI_0056
00:01:23.878,838.3333333,2515,34,1.71855E+12,100,800,2.8,0,5055,224,10000,0,62.394731,28.755516,1.6999999999999937,28.7555225,62.394728745000066,3.2721630476914347,0,3.2721630476914347,478.45702558289565,DJI_0056
00:01:23.912,838.6666667,2516,33,1.71855E+12,100,800,2.8,0,5055,224,10000,0,62.394731,28.755517,1.6999999999999937,28.755522705000004,62.39472900500007,3.3713195000874348,0,3.3713195000874348,478.48792934497976,DJI_0056
00:01:23.945,839,2517,33,1.71855E+12,100,800,2.8,0,5055,224,10000,0,62.394731,28.755517,1.6999999999999937,28.75552292,62.39472926500008,3.371319628641504,0,3.371319628641504,478.5188331082423,DJI_0056
00:01:23.978,839.3333333,2518,34,1.71855E+12,100,800,2.8,0,5054,224,10000,0,62.394732,28.755518,1.6999999999999937,28.755523130000007,62.39472951000009,3.1173806420690635,0,3.1173806420690635,478.5482750365285,DJI_0056
00:01:24.012,839.6666667,2519,33,1.71855E+12,100,800,2.8,0,5054,224,10000,0,62.394732,28.755518,1.6999999999999937,28.75552334500001,62.39472975500009,3.211846575287178,0,3.211846575287178,478.5777169634686,DJI_0056
00:01:24.045,840,2520,33,1.71855E+12,100,800,2.8,0,5054,224,10000,0,62.394732,28.755518,1.6999999999999937,28.755523560000015,62.39473000000009,3.2118465580768003,0,3.2118465580768003,478.6071589,DJI_0056
00:01:24.078,840.3333333,2521,34,1.71855E+12,100,800,2.8,0,5054,224,10000,0,62.394732,28.755518,1.6999999999999937,28.75552378000001,62.39473023000009,2.965312997272555,0,2.965312997272555,478.63516462411417,DJI_0056
00:01:24.112,840.6666667,2522,33,1.71855E+12,100,800,2.8,0,5053,224,10000,0,62.394732,28.755519,1.6999999999999937,28.75552400000001,62.39473046000009,3.0551708217902633,0,3.0551708217902633,478.66317035664724,DJI_0056
00:01:24.145,841,2523,33,1.71855E+12,100,800,2.8,0,5053,224,10000,0,62.394732,28.755519,1.6999999999999937,28.755524220000005,62.394730690000095,3.0551709446799964,0,3.0551709446799964,478.6911760903068,DJI_0056
00:01:24.178,841.3333333,2524,34,1.71855E+12,100,800,2.8,0,5053,224,10000,0,62.394732,28.755519,1.6999999999999937,28.755524445000006,62.39473091000009,2.8695431276947763,0,2.8695431276947763,478.7182773309572,DJI_0056
00:01:24.212,841.6666667,2525,33,1.71855E+12,100,800,2.8,0,5053,224,10000,0,62.394733,28.75552,1.6999999999999937,28.75552467000001,62.39473113000008,2.956498960738122,0,2.956498960738122,478.74537857143065,DJI_0056
00:01:24.245,842,2526,34,1.71855E+12,100,800,2.8,0,5052,224,10000,0,62.394733,28.75552,1.6999999999999937,28.75552489500001,62.39473135000007,2.8695429695800416,0,2.8695429695800416,478.7724798105878,DJI_0056
00:01:24.279,842.3333333,2527,33,1.71855E+12,100,800,2.8,0,5052,224,10000,0,62.394733,28.75552,1.6999999999999937,28.755525125000013,62.39473155500007,2.8058457638249523,0,2.8058457638249523,478.7982000634229,DJI_0056
00:01:24.312,842.6666667,2528,33,1.71855E+12,100,800,2.8,0,5052,224,10000,0,62.394733,28.755522,1.6999999999999937,28.755525355000014,62.394731760000056,2.805845485580992,0,2.805845485580992,478.8239203137074,DJI_0056
00:01:24.345,843,2529,34,1.71855E+12,100,800,2.8,0,5052,224,10000,0,62.394733,28.755522,1.6999999999999937,28.755525585000015,62.394731965000055,2.723320763466786,0,2.723320763466786,478.84964056536234,DJI_0056
00:01:24.379,843.3333333,2530,33,1.71855E+12,100,800,2.8,0,5051,224,10000,0,62.394733,28.755522,1.6999999999999937,28.755525820000013,62.39473215500005,2.6594362732249692,0,2.6594362732249692,478.87401873120024,DJI_0056
00:01:24.412,843.6666667,2531,33,1.71855E+12,100,800,2.8,0,5051,224,10000,0,62.394734,28.755523,1.6999999999999937,28.755526055000004,62.39473234500004,2.6594360816135745,0,2.6594360816135745,478.8983968952817,DJI_0056
00:01:24.445,844,2532,34,1.71855E+12,100,800,2.8,0,5051,224,10000,0,62.394734,28.755523,1.6999999999999937,28.75552629,62.39473253500003,2.581217404,0,2.581217404,478.9227750596512,DJI_0056
00:01:24.479,844.3333333,2533,33,1.71855E+12,100,800,2.8,0,5051,224,10000,0,62.394734,28.755523,1.6999999999999937,28.75552653,62.39473271000003,2.503032806900527,0,2.503032806900527,478.9457195270478,DJI_0056
00:01:24.512,844.6666667,2534,33,1.71855E+12,100,800,2.8,0,5050,224,10000,0,62.394734,28.755524,1.6999999999999937,28.75552676,62.39473288500001,2.503032652732416,0,2.503032652732416,478.96866399303116,DJI_0056
00:01:24.545,845,2535,34,1.71855E+12,100,800,2.8,0,5050,224,10000,0,62.394734,28.755524,1.6999999999999937,28.755527,62.39473306000001,2.429414187011195,0,2.429414187011195,478.99160846035295,DJI_0056
00:01:24.579,845.3333333,2536,33,1.71855E+12,100,800,2.8,0,5050,224,10000,0,62.394734,28.755524,1.6999999999999937,28.75552723,62.39473323,2.4007824582739032,0,2.4007824582739032,479.01361563288714,DJI_0056
00:01:24.612,845.6666667,2537,34,1.71855E+12,100,800,2.8,0,5050,224,10000,0,62.394735,28.755525,1.6999999999999937,28.75552747,62.39473339,2.3301713498996146,0,2.3301713498996146,479.0356228067473,DJI_0056
00:01:24.646,846,2538,33,1.71855E+12,100,800,2.8,0,5050,224,10000,0,62.394735,28.755525,1.6999999999999937,28.7555277,62.394733554999995,2.4007825989153337,0,2.4007825989153337,479.0576299805707,DJI_0056
00:01:24.679,846.3333333,2539,33,1.71855E+12,100,800,2.8,0,5050,224,10000,0,62.394735,28.755525,1.6999999999999937,28.75552794,62.39473370499999,2.2509854838461254,0,2.2509854838461254,479.07826401417265,DJI_0056
00:01:24.712,846.6666667,2540,34,1.71855E+12,100,800,2.8,0,5050,224,10000,0,62.394735,28.755526,1.6999999999999937,28.755528169999998,62.394733854999984,2.1847798829043583,0,2.1847798829043583,479.09889804640005,DJI_0056
00:01:24.746,847,2541,33,1.71855E+12,100,800,2.8,0,5050,224,10000,0,62.394735,28.755526,1.6999999999999937,28.755528405000003,62.39473400499998,2.2509856010932174,0,2.2509856010932174,479.1195320810767,DJI_0056
00:01:24.779,847.3333333,2542,33,1.71855E+12,100,800,2.8,0,5050,224,10000,0,62.394735,28.755527,1.6999999999999937,28.75552865,62.39473414999998,2.219147364421983,0,2.219147364421983,479.13987426525057,DJI_0056
00:01:24.812,847.6666667,2543,34,1.71855E+12,100,800,2.8,0,5050,224,10000,0,62.394735,28.755527,1.6999999999999937,28.75552889,62.39473429499997,2.153878320431067,0,2.153878320431067,479.1602164,DJI_0056
00:01:24.846,848,2544,33,1.71855E+12,100,800,2.8,0,5050,224,10000,0,62.394735,28.755527,1.6999999999999937,28.75552913,62.39473443999997,2.2191475798669806,0,2.2191475798669806,479.1805586355367,DJI_0056
00:01:24.879,848.3333333,2545,33,1.71855E+12,100,800,2.8,0,5050,224,10000,0,62.394736,28.755528,1.6999999999999937,28.755529364999987,62.394734569999976,2.0775657076400784,0,2.0775657076400784,479.19960298785674,DJI_0056
00:01:24.912,848.6666667,2546,34,1.71855E+12,100,800,2.8,0,5050,224,10000,0,62.394736,28.755528,1.6999999999999937,28.75552960499999,62.39473469999998,2.016460966721091,0,2.016460966721091,479.21864734143134,DJI_0056
00:01:24.946,849,2547,33,1.71855E+12,100,800,2.8,0,5050,224,10000,0,62.394736,28.755528,1.6999999999999937,28.755529844999987,62.394734829999976,2.0775657232903497,0,2.0775657232903497,479.2376916938948,DJI_0056
00:01:24.979,849.3333333,2548,34,1.71855E+12,100,800,2.8,0,5050,224,10000,0,62.394736,28.755529,1.6999999999999937,28.755530089999993,62.39473495499998,1.990306658,0,1.990306658,479.25648903455294,DJI_0056
00:01:25.013,849.6666667,2549,33,1.71855E+12,100,800,2.8,0,5050,224,10000,0,62.394736,28.755529,1.6999999999999937,28.755530334999992,62.39473507999998,2.050618862651727,0,2.050618862651727,479.27528637412723,DJI_0056
00:01:25.046,850,2550,33,1.71855E+12,100,800,2.8,0,5050,224,10000,0,62.394736,28.755529,1.6999999999999937,28.75553058,62.39473520499999,2.0506189731532567,0,2.0506189731532567,479.2940837147145,DJI_0056
00:01:25.079,850.3333333,2551,34,1.71855E+12,100,800,2.8,0,5050,224,10000,0,62.394736,28.755531,1.6999999999999937,28.75553082,62.39473532499999,1.9284176768698893,0,1.9284176768698893,479.31229654832936,DJI_0056
00:01:25.113,850.6666667,2552,33,1.71855E+12,100,800,2.8,0,5050,224,10000,0,62.394736,28.755531,1.6999999999999937,28.755531060000006,62.394735444999995,1.9868546614783142,0,1.9868546614783142,479.33050938272623,DJI_0056
00:01:25.146,851,2553,33,1.71855E+12,100,800,2.8,0,5051,224,10000,0,62.394736,28.755531,1.6999999999999937,28.75553130000001,62.39473557,1.986854544483755,0,1.986854544483755,479.34872221605065,DJI_0056
00:01:25.179,851.3333333,2554,34,1.71855E+12,100,800,2.8,0,5051,224,10000,0,62.394737,28.755532,1.6999999999999937,28.75553154000001,62.394735680000004,1.8856177908548235,0,1.8856177908548235,479.36653082851984,DJI_0056
00:01:25.213,851.6666667,2555,33,1.71855E+12,100,800,2.8,0,5050,224,10000,0,62.394737,28.755532,1.6999999999999937,28.75553178000001,62.394735794999995,1.942757584362653,0,1.942757584362653,479.38433943970983,DJI_0056
00:01:25.246,852,2556,33,1.71855E+12,100,800,2.8,0,5050,224,10000,0,62.394737,28.755532,1.6999999999999937,28.75553202000001,62.39473591,1.942757692,0,1.942757692,479.40214805188486,DJI_0056
00:01:25.279,852.3333333,2557,34,1.71855E+12,100,800,2.8,0,5050,224,10000,0,62.394737,28.755532,1.6999999999999937,28.75553226000001,62.39473602,1.8437083226464657,0,1.8437083226464657,479.4195608527099,DJI_0056
00:01:25.313,852.6666667,2558,33,1.71855E+12,100,800,2.8,0,5050,224,10000,0,62.394737,28.755532,1.6999999999999937,28.755532500000008,62.39473613,1.8995781850945033,0,1.8995781850945033,479.43697365273994,DJI_0056
00:01:25.346,853,2559,34,1.71855E+12,100,800,2.8,0,5050,224,10000,0,62.394737,28.755532,1.6999999999999937,28.755532740000003,62.39473624,1.843708341,0,1.843708341,479.4543864537336,DJI_0056
00:01:25.380,853.3333333,2560,33,1.71855E+12,100,800,2.8,0,5050,224,10000,0,62.394737,28.755533,1.6999999999999937,28.75553298,62.39473635,1.8573802008255829,0,1.8573802008255829,479.47141243890786,DJI_0056
00:01:25.413,853.6666667,2561,33,1.71855E+12,100,800,2.8,0,5050,224,10000,0,62.394737,28.755533,1.6999999999999937,28.75553322000001,62.39473645,1.8573803815312508,0,1.8573803815312508,479.4884384257386,DJI_0056
00:01:25.446,854,2562,34,1.71855E+12,100,800,2.8,0,5050,224,10000,0,62.394737,28.755533,1.6999999999999937,28.75553346000001,62.39473655499999,1.8027512870257085,0,1.8027512870257085,479.5054644101161,DJI_0056
00:01:25.480,854.3333333,2563,33,1.71855E+12,100,800,2.8,0,5050,224,10000,0,62.394738,28.755535,1.6999999999999937,28.755533700000015,62.39473665499999,1.8162321115084472,0,1.8162321115084472,479.52211320447157,DJI_0056
00:01:25.513,854.6666667,2564,33,1.71855E+12,100,800,2.8,0,5050,224,10000,0,62.394738,28.755535,1.6999999999999937,28.755533940000014,62.39473675499998,1.816232108156512,0,1.816232108156512,479.53876199879636,DJI_0056
00:01:25.546,855,2565,34,1.71855E+12,100,800,2.8,0,5050,224,10000,0,62.394738,28.755535,1.6999999999999937,28.755534180000012,62.394736854999984,1.7628136137510393,0,1.7628136137510393,479.55541079403736,DJI_0056
00:01:25.580,855.3333333,2566,33,1.71855E+12,100,800,2.8,0,5050,224,10000,0,62.394738,28.755536,1.6999999999999937,28.755534420000014,62.39473695499998,1.8162320247672787,0,1.8162320247672787,479.5720595875977,DJI_0056
00:01:25.613,855.6666667,2567,33,1.71855E+12,100,800,2.8,0,5050,224,10000,0,62.394738,28.755536,1.6999999999999937,28.755534660000016,62.39473705499998,1.8162320981007072,0,1.8162320981007072,479.5887083818303,DJI_0056
00:01:25.646,856,2568,34,1.71855E+12,100,800,2.8,0,5050,224,10000,0,62.394738,28.755536,1.6999999999999937,28.75553490000001,62.39473715499997,1.7628134778924271,0,1.7628134778924271,479.6053571757882,DJI_0056
00:01:25.680,856.3333333,2569,33,1.71855E+12,100,800,2.8,0,5050,224,10000,0,62.394738,28.755537,1.6999999999999937,28.75553514000001,62.394737254999974,1.816232194699393,0,1.816232194699393,479.6220059709063,DJI_0056
00:01:25.713,856.6666667,2570,34,1.71855E+12,100,800,2.8,0,5050,224,10000,0,62.394738,28.755537,1.6999999999999937,28.755535380000016,62.39473735499997,1.7628133969558155,0,1.7628133969558155,479.6386547640998,DJI_0056
00:01:25.747,857,2571,33,1.71855E+12,100,800,2.8,0,5050,224,10000,0,62.394738,28.755537,1.6999999999999937,28.755535620000014,62.39473745499997,1.8162320846929685,0,1.8162320846929685,479.6553035582095,DJI_0056
00:01:25.780,857.3333333,2572,33,1.71855E+12,100,800,2.8,0,5050,224,10000,0,62.394738,28.755538,1.6999999999999937,28.75553586000002,62.39473754999997,1.7762068410819347,0,1.7762068410819347,479.67158545425275,DJI_0056
00:01:25.813,857.6666667,2573,34,1.71855E+12,100,800,2.8,0,5050,224,10000,0,62.394738,28.755538,1.6999999999999937,28.75553610000002,62.39473764499997,1.7239654783907334,0,1.7239654783907334,479.68786735043756,DJI_0056
00:01:25.847,858,2574,33,1.71855E+12,100,800,2.8,0,5050,224,10000,0,62.394738,28.755538,1.6999999999999937,28.75553634000002,62.39473773999996,1.7762065794380684,0,1.7762065794380684,479.70414924408243,DJI_0056
00:01:25.880,858.3333333,2575,33,1.71855E+12,100,800,2.8,0,5050,224,10000,0,62.394739,28.755539,1.6999999999999937,28.755536580000022,62.39473783499997,1.7762069044455469,0,1.7762069044455469,479.7204311407065,DJI_0056
00:01:25.913,858.6666667,2576,34,1.71855E+12,100,800,2.8,0,5050,224,10000,0,62.394739,28.755539,1.6999999999999937,28.75553682000002,62.39473792999996,1.7239653979287917,0,1.7239653979287917,479.7367130361314,DJI_0056
00:01:25.947,859,2577,33,1.71855E+12,100,800,2.8,0,5050,224,10000,0,62.394739,28.755539,1.6999999999999937,28.75553706000002,62.39473802499997,1.7762067431505337,0,1.7762067431505337,479.75299493127693,DJI_0056
00:01:25.980,859.3333333,2578,33,1.71855E+12,100,800,2.8,0,5049,224,10000,0,62.394739,28.75554,1.6999999999999937,28.755537300000018,62.394738119999964,1.7762066667625487,0,1.7762066667625487,479.7692768257223,DJI_0056
00:01:26.013,859.6666667,2579,34,1.71855E+12,100,800,2.8,0,5049,224,10000,0,62.394739,28.75554,1.6999999999999937,28.755537540000024,62.39473821499996,1.723965512261723,0,1.723965512261723,479.7855587,DJI_0056
00:01:26.047,860,2580,33,1.71855E+12,100,800,2.8,0,5049,224,10000,0,62.394739,28.75554,1.6999999999999937,28.755537780000026,62.394738309999966,1.776206760599226,0,1.776206760599226,479.8018406175325,DJI_0056
00:01:26.080,860.3333333,2581,34,1.71855E+12,100,800,2.8,0,5049,224,10000,0,62.394739,28.755541,1.6999999999999937,28.755538020000035,62.39473840499996,1.7239653375626824,0,1.7239653375626824,479.8181225123873,DJI_0056
00:01:26.114,860.6666667,2582,33,1.71855E+12,100,800,2.8,0,5049,224,10000,0,62.394739,28.755541,1.6999999999999937,28.755538260000034,62.39473849999997,1.7762068544359124,0,1.7762068544359124,479.8344044085529,DJI_0056
00:01:26.147,861,2583,33,1.71855E+12,100,800,2.8,0,5049,224,10000,0,62.394739,28.755541,1.6999999999999937,28.75553850000004,62.394738594999964,1.7762067780479176,0,1.7762067780479176,479.8506863040184,DJI_0056
00:01:26.180,861.3333333,2584,34,1.71855E+12,100,800,2.8,0,5049,224,10000,0,62.39474,28.755542,1.6999999999999937,28.755538740000034,62.39473868999996,1.723965248832269,0,1.723965248832269,479.8669681980351,DJI_0056
00:01:26.214,861.6666667,2585,33,1.71855E+12,100,800,2.8,0,5049,224,10000,0,62.39474,28.755542,1.6999999999999937,28.755538980000033,62.39473878499995,1.7762066167529103,0,1.7762066167529103,479.8832501,DJI_0056
00:01:26.247,862,2586,33,1.71855E+12,100,800,2.8,0,5050,224,10000,0,62.39474,28.755542,1.6999999999999937,28.755539220000028,62.394738874999945,1.737381859050296,0,1.737381859050296,479.89917609239666,DJI_0056
00:01:26.280,862.3333333,2587,34,1.71855E+12,100,800,2.8,0,5050,224,10000,0,62.39474,28.755543,1.6999999999999937,28.755539460000033,62.394738964999945,1.6862823222203225,0,1.6862823222203225,479.9151020921065,DJI_0056
00:01:26.314,862.6666667,2588,33,1.71855E+12,100,800,2.8,0,5050,224,10000,0,62.39474,28.755543,1.6999999999999937,28.755539700000035,62.39473905499994,1.7373818527429872,0,1.7373818527429872,479.93102809242333,DJI_0056
00:01:26.347,863,2589,34,1.71855E+12,100,800,2.8,0,5050,224,10000,0,62.39474,28.755543,1.6999999999999937,28.755539940000034,62.39473914499993,1.6862822890917226,0,1.6862822890917226,479.9469540918203,DJI_0056
00:01:26.381,863.3333333,2590,33,1.71855E+12,100,800,2.8,0,5050,224,10000,0,62.39474,28.755544,1.700499999999994,28.755540175000032,62.39473923499993,1.7156018072585824,0.054545455,1.7164686911448415,479.9626883881558,DJI_0056
00:01:26.414,863.6666667,2591,33,1.71855E+12,100,800,2.8,0,5050,224,10000,0,62.39474,28.755544,1.700999999999994,28.755540410000034,62.394739324999925,1.7156017333622822,0.054545455,1.716468617285862,479.97842268381424,DJI_0056
00:01:26.447,864,2592,34,1.71855E+12,100,800,2.8,0,5050,224,10000,0,62.39474,28.755544,1.701499999999994,28.755540645000032,62.39473941499993,1.6651429246306109,0.052941176470582406,1.6659843119349813,479.99415698009363,DJI_0056
00:01:26.481,864.3333333,2593,33,1.71855E+12,100,800,2.8,0,5050,224,10000,0,62.394741,28.755544,1.7024999999999941,28.755540885000038,62.39473950499993,1.7373818647998998,0.10909090909092131,1.7408034267492298,480.0101143448388,DJI_0056
00:01:26.514,864.6666667,2594,33,1.71855E+12,100,800,2.8,0,5050,224,10000,0,62.394741,28.755544,1.703499999999994,28.75554112500004,62.39473959499994,1.7373818338210596,0.10909090909089708,1.7408033958312774,480.0260717093006,DJI_0056
00:01:26.547,865,2595,34,1.71855E+12,100,800,2.8,0,5050,224,10000,0,62.394741,28.755544,1.704499999999994,28.755541365000045,62.39473968499995,1.686282419073135,0.10588235294116481,1.6896033468064338,480.04202907424263,DJI_0056
00:01:26.581,865.3333333,2596,33,1.71855E+12,100,800,2.8,0,5051,224,10000,0,62.394741,28.755545,1.7064999999999941,28.755541600000043,62.394739774999955,1.7156018873122285,0.21818181818184262,1.7294198858387209,480.0578820898628,DJI_0056
00:01:26.614,865.6666667,2597,33,1.71855E+12,100,800,2.8,0,5051,224,10000,0,62.394741,28.755545,1.7084999999999944,28.75554183500004,62.394739864999956,1.7156017858245345,0.21818181818184262,1.7294197851619098,480.0737351045601,DJI_0056
00:01:26.647,866,2598,34,1.71855E+12,100,800,2.8,0,5051,224,10000,0,62.394741,28.755545,1.7104999999999944,28.755542070000033,62.39473995499997,1.665142880019053,0.2117647058823531,1.6785544678489246,480.08958811897867,DJI_0056
00:01:26.681,866.3333333,2599,33,1.71855E+12,100,800,2.8,0,5051,224,10000,0,62.394741,28.755546,1.7139999999999944,28.755542300000034,62.39474004499997,1.6940090707558413,0.3818181818181882,1.736505645188064,480.1055060873929,DJI_0056
00:01:26.714,866.6666667,2600,34,1.71855E+12,100,800,2.8,0,5052,224,10000,0,62.394741,28.755546,1.7174999999999943,28.755542530000028,62.39474013499998,1.6441853684225245,0.37058823529410034,1.6854320413096189,480.1214240566719,DJI_0056
00:01:26.748,867,2601,33,1.71855E+12,100,800,2.8,0,5052,224,10000,0,62.394741,28.755546,1.7209999999999943,28.75554276000003,62.39474022499998,1.6940090648148776,0.3818181818181882,1.7365056393924907,480.13734202503304,DJI_0056
00:01:26.781,867.3333333,2602,33,1.71855E+12,100,800,2.8,0,5053,224,10000,0,62.394741,28.755547,1.7259999999999942,28.75554299000003,62.39474030999998,1.6554834584824407,0.5454545454545339,1.743027866233353,480.1533197804735,DJI_0056
00:01:26.814,867.6666667,2603,34,1.71855E+12,100,800,2.8,0,5053,224,10000,0,62.394741,28.755547,1.7309999999999943,28.755543220000032,62.39474039499998,1.6067928864026353,0.5294117647058946,1.6917624527111133,480.1692975369713,DJI_0056
00:01:26.848,868,2604,33,1.71855E+12,100,800,2.8,0,5053,224,10000,0,62.394741,28.755547,1.7359999999999942,28.755543450000026,62.39474047999999,1.6554835210892813,0.5454545454545339,1.743027925695735,480.1852752929569,DJI_0056
00:01:26.881,868.3333333,2605,33,1.71855E+12,100,800,2.8,0,5053,224,10000,0,62.394742,28.755548,1.7424999999999944,28.75554367500003,62.39474056499999,1.6335807586513071,0.7090909090909279,1.7808413776614636,480.2015996722521,DJI_0056
00:01:26.914,868.6666667,2606,34,1.71855E+12,100,800,2.8,0,5054,224,10000,0,62.394742,28.755548,1.7489999999999943,28.75554390000003,62.394740649999996,1.5855343986994141,0.6882352941176418,1.7284638120389766,480.2179240526991,DJI_0056
00:01:26.948,869,2607,33,1.71855E+12,100,800,2.8,0,5054,224,10000,0,62.394742,28.755548,1.7554999999999945,28.75554412500003,62.394740734999985,1.6335807253393944,0.7090909090909279,1.7808413471041658,480.23424843171426,DJI_0056
00:01:26.981,869.3333333,2608,33,1.71855E+12,100,800,2.8,0,5054,224,10000,0,62.394742,28.755549,1.7639999999999945,28.755544345000025,62.39474082,1.5736780496416347,0.9272727272727221,1.826553397705003,480.2509918378599,DJI_0056
00:01:27.014,869.6666667,2609,34,1.71855E+12,100,800,2.8,0,5054,224,10000,0,62.394742,28.755549,1.7724999999999944,28.755544565000022,62.3947409,1.5273934911732392,0.8999999999999949,1.7728313165325025,480.2677352447383,DJI_0056
00:01:27.048,870,2610,33,1.71855E+12,100,800,2.8,0,5054,224,10000,0,62.394742,28.755549,1.7809999999999944,28.755544785000026,62.39474097499998,1.5736779490607393,0.9272727272727221,1.8265533110489292,480.28447865008957,DJI_0056
00:01:27.081,870.3333333,2611,34,1.71855E+12,100,800,2.8,0,5054,224,10000,0,62.394742,28.75555,1.7914999999999943,28.755545000000026,62.39474105499998,1.5060044718025767,1.111764705882348,1.8719161921237344,480.30215785857075,DJI_0056
00:01:27.115,870.6666667,2612,33,1.71855E+12,100,800,2.8,0,5055,224,10000,0,62.394742,28.75555,1.8019999999999945,28.755545215000026,62.39474113499998,1.5516410651636023,1.1454545454545646,1.9286410010171826,480.31983706774673,DJI_0056
00:01:27.148,871,2613,33,1.71855E+12,100,800,2.8,0,5055,224,10000,0,62.394742,28.75555,1.8124999999999947,28.755545430000026,62.39474121499998,1.5516409659102033,1.1454545454545646,1.9286409211652835,480.33751627619074,DJI_0056
00:01:27.181,871.3333333,2614,34,1.71855E+12,100,800,2.8,0,5055,224,10000,0,62.394743,28.75555,1.8254999999999948,28.755545635000026,62.394741289999985,1.4265667241646305,1.3764705882353072,1.982363210607647,480.35623859540203,DJI_0056
00:01:27.215,871.6666667,2615,33,1.71855E+12,100,800,2.8,0,5055,224,10000,0,62.394743,28.75555,1.838499999999995,28.755545840000032,62.39474136499997,1.469795948925637,1.4181818181818315,2.0424347727405494,480.37496091415215,DJI_0056
00:01:27.248,872,2616,33,1.71855E+12,100,800,2.8,0,5055,224,10000,0,62.394743,28.75555,1.851499999999995,28.75554604500003,62.39474143999997,1.4697960423976208,1.4181818181818315,2.042434840005731,480.39368323351886,DJI_0056
00:01:27.281,872.3333333,2617,34,1.71855E+12,100,800,2.8,0,5055,224,10000,0,62.394743,28.755551,1.866999999999995,28.755546245000033,62.39474151499997,1.4052352970227602,1.6411764705882426,2.160589375057446,480.41408879983885,DJI_0056
00:01:27.315,872.6666667,2618,33,1.71855E+12,100,800,2.8,0,5055,224,10000,0,62.394743,28.755551,1.8824999999999952,28.755546445000032,62.39474158999997,1.4478181132546617,1.6909090909090985,2.226061734,480.43449436573223,DJI_0056
00:01:27.348,873,2619,33,1.71855E+12,100,800,2.8,0,5055,224,10000,0,62.394743,28.755551,1.8979999999999952,28.755546640000034,62.394741659999966,1.3880625650977612,1.6909090909090985,2.1876679908854566,480.45454798898203,DJI_0056
00:01:27.381,873.3333333,2620,34,1.71855E+12,100,800,2.8,0,5055,224,10000,0,62.394743,28.755552,1.9164999999999952,28.755546835000036,62.39474172499997,1.3119725293315938,1.9588235294117606,2.3575965594430883,480.47681417871013,DJI_0056
00:01:27.415,873.6666667,2621,33,1.71855E+12,100,800,2.8,0,5055,224,10000,0,62.394743,28.755552,1.9349999999999952,28.755547030000038,62.39474178999996,1.3517292095495084,2.018181818181814,2.4290388443145554,480.4990803681163,DJI_0056
00:01:27.448,874,2622,34,1.71855E+12,100,800,2.8,0,5055,224,10000,0,62.394743,28.755552,1.9534999999999951,28.75554722500004,62.39474185499996,1.311972525580117,1.9588235294117606,2.3575965573554387,480.5213465578247,DJI_0056
00:01:27.482,874.3333333,2623,33,1.71855E+12,100,800,2.8,0,5055,224,10000,0,62.394744,28.755553,1.9749999999999952,28.75554741500004,62.39474191999996,1.3289904289422838,2.3454545454545537,2.6958064813731757,480.5460581172373,DJI_0056
00:01:27.515,874.6666667,2624,33,1.71855E+12,100,800,2.8,0,5055,224,10000,0,62.394744,28.755553,1.9964999999999953,28.755547605000046,62.39474198499997,1.3289904558735819,2.3454545454545537,2.6958064946498843,480.5707696767716,DJI_0056
00:01:27.548,875,2625,34,1.71855E+12,100,800,2.8,0,5055,224,10000,0,62.394744,28.755553,2.0179999999999954,28.755547795000048,62.39474204999996,1.2899023824619857,2.276470588235302,2.6165180097567626,480.59548123575263,DJI_0056
00:01:27.582,875.3333333,2626,33,1.71855E+12,100,800,2.8,0,5055,224,10000,0,62.394744,28.755554,2.0424999999999955,28.755547980000053,62.394742114999964,1.3064617786514496,2.6727272727272933,2.9749476387757454,480.6227515891081,DJI_0056
00:01:27.615,875.6666667,2627,33,1.71855E+12,100,800,2.8,0,5055,224,10000,0,62.394744,28.755554,2.0669999999999957,28.755548165000054,62.394742179999966,1.3064617768517313,2.6727272727272933,2.9749476379853914,480.65002194245625,DJI_0056
00:01:27.648,876,2628,34,1.71855E+12,100,800,2.8,0,5055,224,10000,0,62.394744,28.755554,2.091499999999996,28.755548350000055,62.39474224499996,1.2680363104415207,2.5941176470588436,2.887449125331952,480.6772922953066,DJI_0056
00:01:27.682,876.3333333,2629,33,1.71855E+12,100,800,2.8,0,5055,224,10000,0,62.394744,28.755555,2.1189999999999958,28.75554852500006,62.39474230999996,1.262079983460205,2.9999999999999845,3.2546652492461985,480.7071267,DJI_0056
00:01:27.715,876.6666667,2630,33,1.71855E+12,100,800,2.8,0,5055,224,10000,0,62.394744,28.755555,2.1464999999999956,28.755548700000062,62.39474237499996,1.2620798572337029,2.9999999999999845,3.2546652002986347,480.73696115776073,DJI_0056
00:01:27.748,877,2631,34,1.71855E+12,100,800,2.8,0,5055,224,10000,0,62.394744,28.755555,2.173999999999996,28.755548875000063,62.394742439999966,1.2249600202805884,2.911764705882385,3.1589398148284102,480.76679558934524,DJI_0056
00:01:27.782,877.3333333,2632,33,1.71855E+12,100,800,2.8,0,5055,224,10000,0,62.394744,28.755556,2.204499999999996,28.755549040000066,62.394742499999964,1.1802585143016653,3.3272727272727245,3.5304042207988657,480.7991576280359,DJI_0056
00:01:27.815,877.6666667,2633,34,1.71855E+12,100,800,2.8,0,5055,224,10000,0,62.394744,28.755556,2.234999999999996,28.755549205000065,62.39474255999996,1.145545065078615,3.2294117647058793,3.4265688147397113,480.8315196668418,DJI_0056
00:01:27.849,878,2634,33,1.71855E+12,100,800,2.8,0,5055,224,10000,0,62.394744,28.755556,2.2654999999999963,28.75554937000006,62.39474261999996,1.1802584832163032,3.327272727272773,3.530404210406684,480.8638817054372,DJI_0056
00:01:27.882,878.3333333,2635,33,1.71855E+12,100,800,2.8,0,5055,224,10000,0,62.394745,28.755556,2.298999999999996,28.755549530000064,62.394742679999965,1.1582545065856635,3.6545454545454157,3.833700038000438,480.89902395578554,DJI_0056
00:01:27.915,878.6666667,2636,34,1.71855E+12,100,800,2.8,0,5055,224,10000,0,62.394745,28.755556,2.332499999999996,28.755549690000063,62.39474273999996,1.1241881288816056,3.5470588235294205,3.720944134,480.93416620593786,DJI_0056
00:01:27.949,879,2637,33,1.71855E+12,100,800,2.8,0,5055,224,10000,0,62.394745,28.755556,2.365999999999996,28.755549850000065,62.39474279999996,1.1582544065906046,3.6545454545454636,3.833700007789533,480.9693084560093,DJI_0056
00:01:27.982,879.3333333,2638,33,1.71855E+12,100,800,2.8,0,5055,224,10000,0,62.394745,28.755557,2.402499999999996,28.755550005000067,62.39474285499996,1.0985817151303148,3.9818181818181553,4.130588071676514,481.00717217999966,DJI_0056
00:01:28.015,879.6666667,2639,34,1.71855E+12,100,800,2.8,0,5055,224,10000,0,62.394745,28.755557,2.4389999999999956,28.755550160000066,62.39474290999996,1.0662703406438179,3.8647058823529155,4.009100147967111,481.04503590361935,DJI_0056
00:01:28.049,880,2640,33,1.71855E+12,100,800,2.8,0,5056,224,10000,0,62.394745,28.755557,2.475499999999996,28.755550315000068,62.394742964999956,1.0985815902361227,3.9818181818182032,4.130588038459385,481.0828996273052,DJI_0056
00:01:28.082,880.3333333,2641,33,1.71855E+12,100,800,2.8,0,5056,224,10000,0,62.394745,28.755558,2.514999999999996,28.75555046500007,62.39474301999996,1.0763788066224413,4.309090909090943,4.441492519205246,481.12361330873125,DJI_0056
00:01:28.115,880.6666667,2642,34,1.71855E+12,100,800,2.8,0,5056,224,10000,0,62.394745,28.755558,2.5544999999999964,28.75555061500007,62.39474307499995,1.0447206052482678,4.182352941176504,4.310860386001622,481.1643269901546,DJI_0056
00:01:28.149,881,2643,33,1.71855E+12,100,800,2.8,0,5056,224,10000,0,62.394745,28.755558,2.5939999999999963,28.75555076000007,62.39474312999995,1.054459382640112,4.309090909090895,4.4362314020402005,481.20499244467334,DJI_0056
00:01:28.182,881.3333333,2644,34,1.71855E+12,100,800,2.8,0,5056,224,10000,0,62.394745,28.755558,2.6364999999999967,28.75555090000007,62.39474318499995,1.0024634129582701,4.500000000000044,4.6103072451107145,481.2485342353216,DJI_0056
00:01:28.216,881.6666667,2645,33,1.71855E+12,100,800,2.8,0,5056,224,10000,0,62.394745,28.755558,2.6789999999999976,28.755551040000068,62.394743239999954,1.0328411183390727,4.636363636363732,4.750013530962605,481.2920760260221,DJI_0056
00:01:28.249,882,2646,33,1.71855E+12,100,800,2.8,0,5056,224,10000,0,62.394745,28.755558,2.7214999999999976,28.75555117500007,62.394743289999944,0.9725202717955256,4.636363636363635,4.737263286713993,481.3355009394836,DJI_0056
00:01:28.282,882.3333333,2647,34,1.71855E+12,100,800,2.8,0,5056,224,10000,0,62.394745,28.755559,2.7669999999999972,28.75555131000007,62.39474333999994,0.9439168270528857,4.817647058823492,4.909246597980614,481.3818660462423,DJI_0056
00:01:28.316,882.6666667,2648,33,1.71855E+12,100,800,2.8,0,5056,224,10000,0,62.394745,28.755559,2.8124999999999973,28.755551445000066,62.39474338999994,0.972520366,4.9636363636363745,5.0580116462139015,481.4282311529993,DJI_0056
00:01:28.349,883,2649,33,1.71855E+12,100,800,2.8,0,5056,224,10000,0,62.394745,28.755559,2.8579999999999965,28.755551575000062,62.39474343999995,0.9507044561815056,4.963636363636278,5.053862376,481.47455822477735,DJI_0056
00:01:28.382,883.3333333,2650,34,1.71855E+12,100,800,2.8,0,5056,224,10000,0,62.394746,28.755559,2.9064999999999968,28.75555170500006,62.39474348999995,0.9227424904603685,5.1352941176470805,5.217537673888107,481.52383496947516,DJI_0056
00:01:28.416,883.6666667,2651,33,1.71855E+12,100,800,2.8,0,5056,224,10000,0,62.394746,28.755559,2.9549999999999965,28.755551835000055,62.39474353999994,0.9507043556277269,5.290909090909065,5.375644871089768,481.5731117141268,DJI_0056
00:01:28.449,884,2652,33,1.71855E+12,100,800,2.8,0,5056,224,10000,0,62.394746,28.755559,3.0034999999999967,28.755551955000055,62.39474358999994,0.9081158358043363,5.290909090909114,5.368276574423426,481.62232091605904,DJI_0056
00:01:28.482,884.3333333,2653,34,1.71855E+12,100,800,2.8,0,5056,224,10000,0,62.394746,28.755559,3.0549999999999966,28.755552075000054,62.394743639999945,0.8814067462311419,5.452941176470575,5.523716622560399,481.6744893508277,DJI_0056
00:01:28.516,884.6666667,2654,33,1.71855E+12,100,800,2.8,0,5056,224,10000,0,62.394746,28.755559,3.106499999999997,28.755552195000053,62.39474368999994,0.908115937,5.618181818181854,5.691101958141781,481.7266578,DJI_0056
00:01:28.549,885,2655,34,1.71855E+12,100,800,2.8,0,5056,224,10000,0,62.394746,28.755559,3.157999999999997,28.755552310000052,62.39474373499995,0.8220925645422522,5.452941176470575,5.514562871,481.7787398,DJI_0056
00:01:28.583,885.3333333,2656,33,1.71855E+12,100,800,2.8,0,5056,224,10000,0,62.394746,28.755559,3.2129999999999974,28.75555242500005,62.39474377999994,0.8470044870433895,6.000000000000066,6.059489797092856,481.83428509125497,DJI_0056
00:01:28.616,885.6666667,2657,33,1.71855E+12,100,800,2.8,0,5056,224,10000,0,62.394746,28.755559,3.267999999999997,28.755552540000053,62.39474382499994,0.847004359,5.999999999999969,6.059489779232683,481.88983041423126,DJI_0056
00:01:28.649,886,2658,34,1.71855E+12,100,800,2.8,0,5056,224,10000,0,62.394746,28.755559,3.3229999999999977,28.755552655000052,62.394743869999935,0.8220925889240854,5.823529412,5.881269508741563,481.9453757373694,DJI_0056
00:01:28.683,886.3333333,2659,33,1.71855E+12,100,800,2.8,0,5056,224,10000,0,62.394746,28.755559,3.3809999999999976,28.755552770000044,62.394743914999935,0.8470044301184537,6.327272727272709,6.383713391900463,482.00389311012844,DJI_0056
00:01:28.716,886.6666667,2660,33,1.71855E+12,100,800,2.8,0,5056,224,10000,0,62.394746,28.755559,3.438999999999997,28.755552885000043,62.394743959999936,0.847004484,6.3272727272726605,6.3837133990592045,482.06241048295317,DJI_0056
00:01:28.749,887,2661,34,1.71855E+12,100,800,2.8,0,5056,224,10000,0,62.394746,28.755559,3.496999999999997,28.755552995000038,62.39474400499993,0.8014217300379254,6.141176470588264,6.193248358679305,482.12090227300735,DJI_0056
00:01:28.783,887.3333333,2662,33,1.71855E+12,100,800,2.8,0,5056,224,10000,0,62.394746,28.755559,3.5579999999999967,28.75555310500004,62.394744054999926,0.8670890781651446,6.654545455,6.710798661566604,482.1824179,DJI_0056
00:01:28.816,887.6666667,2663,33,1.71855E+12,100,800,2.8,0,5056,224,10000,0,62.394746,28.755559,3.618999999999997,28.755553215000035,62.39474410499994,0.8670891345110256,6.654545454545497,6.710798668847041,482.24393358186944,DJI_0056
00:01:28.849,888,2664,34,1.71855E+12,100,800,2.8,0,5056,224,10000,0,62.394746,28.755559,3.6799999999999966,28.75555331500004,62.39474414999993,0.7613364358859044,6.458823529411712,6.5035401553838215,482.30535590555917,DJI_0056
00:01:28.883,888.3333333,2665,33,1.71855E+12,100,800,2.8,0,5056,224,10000,0,62.394746,28.755559,3.743999999999997,28.755553415000037,62.39474419499994,0.7844072106878828,6.9818181818182365,7.025744074,482.3697585595727,DJI_0056
00:01:28.916,888.6666667,2666,34,1.71855E+12,100,800,2.8,0,5056,224,10000,0,62.394746,28.755559,3.807999999999997,28.755553515000035,62.39474423999994,0.7613363053158099,6.776470588235299,6.819104530875736,482.4341612134754,DJI_0056
00:01:28.950,889,2667,33,1.71855E+12,100,800,2.8,0,5056,224,10000,0,62.394746,28.755559,3.871999999999997,28.755553610000035,62.39474428499993,0.7644740865180916,6.981818181818188,7.023546522443251,482.4985437232645,DJI_0056
00:01:28.983,889.3333333,2668,33,1.71855E+12,100,800,2.8,0,5056,224,10000,0,62.394746,28.755559,3.9389999999999974,28.75555370500003,62.39474432999994,0.7644740609253379,7.309090909090927,7.348961185581492,482.5659092,DJI_0056
00:01:29.016,889.6666667,2669,34,1.71855E+12,100,800,2.8,0,5056,224,10000,0,62.394746,28.755559,4.005999999999998,28.75555380000003,62.39474437499994,0.7419896606649224,7.094117647058841,7.132815281979853,482.63327467846216,DJI_0056
00:01:29.050,890,2670,33,1.71855E+12,100,800,2.8,0,5056,224,10000,0,62.394746,28.755559,4.072999999999998,28.75555389000003,62.394744419999945,0.7450703540027477,7.309090909090927,7.346968065111582,482.7006218857257,DJI_0056
00:01:29.083,890.3333333,2671,33,1.71855E+12,100,800,2.8,0,5056,224,10000,0,62.394746,28.755559,4.142999999999998,28.755553980000023,62.394744464999945,0.7450702401680178,7.636363636363667,7.672625316641063,482.7709542844616,DJI_0056
00:01:29.116,890.6666667,2672,34,1.71855E+12,100,800,2.8,0,5056,224,10000,0,62.394746,28.755559,4.212999999999998,28.75555407000002,62.39474450999995,0.7231566290425848,7.411764705882383,7.446959887463608,482.8412866833988,DJI_0056
00:01:29.150,891,2673,33,1.71855E+12,100,800,2.8,0,5056,224,10000,0,62.394746,28.755559,4.282999999999999,28.755554155000016,62.39474455499996,0.7262385920625527,7.636363636363667,7.670819518107457,482.9116025289814,DJI_0056
00:01:29.183,891.3333333,2674,33,1.71855E+12,100,800,2.8,0,5056,224,10000,0,62.394746,28.755559,4.355999999999998,28.755554240000016,62.39474459999996,0.7262384062283066,7.9636363636363106,7.996682209198487,482.9849054492324,DJI_0056
00:01:29.216,891.6666667,2675,34,1.71855E+12,100,800,2.8,0,5056,224,10000,0,62.394746,28.755559,4.4289999999999985,28.755554325000013,62.39474464499997,0.7048786325539751,7.729411764705924,7.761485689931116,483.05820836963727,DJI_0056
00:01:29.250,892,2676,33,1.71855E+12,100,800,2.8,0,5056,224,10000,0,62.394746,28.755559,4.501999999999998,28.755554405000012,62.39474468499997,0.6622847761561382,7.9636363636363106,7.991127908934931,483.13146037546915,DJI_0056
00:01:29.283,892.3333333,2677,34,1.71855E+12,100,800,2.8,0,5056,224,10000,0,62.394746,28.755559,4.5779999999999985,28.75555449,62.394744724999974,0.6428057881392448,8.047058823529465,8.072691929623522,483.2077024659156,DJI_0056
00:01:29.317,892.6666667,2678,33,1.71855E+12,100,800,2.8,0,5056,224,10000,0,62.394746,28.755559,4.653999999999999,28.755554564999997,62.39474476499998,0.6622847996704516,8.290909090909146,8.317318961636282,483.2839445563973,DJI_0056
00:01:29.350,893,2679,33,1.71855E+12,100,800,2.8,0,5056,224,10000,0,62.394746,28.755559,4.729999999999999,28.755554639999996,62.39474480499998,0.6434905125440087,8.290909091,8.315843528677803,483.36017312207684,DJI_0056
00:01:29.383,893.3333333,2680,34,1.71855E+12,100,800,2.8,0,5056,224,10000,0,62.394746,28.755559,4.809499999999999,28.755554714999988,62.394744844999984,0.6245644338369815,8.417647058823565,8.440785670714257,483.4398916534114,DJI_0056
00:01:29.417,893.6666667,2681,33,1.71855E+12,100,800,2.8,0,5056,224,10000,0,62.394746,28.755559,4.8889999999999985,28.755554789999984,62.39474488499998,0.6434906519090894,8.672727272727215,8.696567056384996,483.5196101847616,DJI_0056
00:01:29.450,894,2682,33,1.71855E+12,100,800,2.8,0,5056,224,10000,0,62.394746,28.755559,4.968499999999999,28.75555485999998,62.39474492499998,0.6253979299870547,8.672727272727311,8.695247030299955,483.5993166158727,DJI_0056
00:01:29.483,894.3333333,2683,34,1.71855E+12,100,800,2.8,0,5056,224,10000,0,62.394746,28.755559,5.050999999999999,28.755554929999974,62.394744964999994,0.6070038729012311,8.735294117647108,8.756358662338885,483.6820155587948,DJI_0056
00:01:29.517,894.6666667,2684,33,1.71855E+12,100,800,2.8,0,5056,224,10000,0,62.394746,28.755559,5.133499999999999,28.75555499999997,62.39474501,0.625397929,8.999999999999954,9.021702864204887,483.76471450171664,DJI_0056
00:01:29.550,895,2685,34,1.71855E+12,100,800,2.8,0,5056,224,10000,0,62.394746,28.755559,5.216,28.755555064999964,62.394745040000004,0.544261295,8.735294117647202,8.752233068161233,483.8473744806937,DJI_0056
00:01:29.584,895.3333333,2686,33,1.71855E+12,100,800,2.8,0,5056,224,10000,0,62.394746,28.755559,5.3015,28.75555512999996,62.39474508,0.5607536869283883,9.327272727272694,9.344113721,483.9330288564673,DJI_0056
00:01:29.617,895.6666667,2687,33,1.71855E+12,100,800,2.8,0,5056,224,10000,0,62.394746,28.755559,5.387,28.755555194999953,62.39474511,0.560753944,9.327272727272694,9.344113736190923,484.01868323238233,DJI_0056
00:01:29.650,896,2688,34,1.71855E+12,100,800,2.8,0,5056,224,10000,0,62.394746,28.755559,5.472499999999999,28.755555254999948,62.39474514500001,0.5268550262435191,9.052941176470556,9.068258937817896,484.1043279001284,DJI_0056
00:01:29.684,896.3333333,2689,33,1.71855E+12,100,800,2.8,0,5056,224,10000,0,62.394746,28.755558,5.561,28.755555314999942,62.39474518000001,0.5428202088490895,9.654545454545529,9.669793261131321,484.1929676716888,DJI_0056
00:01:29.717,896.6666667,2690,33,1.71855E+12,100,800,2.8,0,5056,224,10000,0,62.394746,28.755558,5.649500000000001,28.75555537499994,62.394745215000015,0.5428204728177897,9.654545454545529,9.669793275949383,484.2816074,DJI_0056
00:01:29.750,897,2691,34,1.71855E+12,100,800,2.8,0,5056,224,10000,0,62.394746,28.755558,5.738,28.75555542999994,62.394745250000014,0.5103171790441717,9.370588235294097,9.384473746495312,484.3702385843241,DJI_0056
00:01:29.784,897.3333333,2692,33,1.71855E+12,100,800,2.8,0,5056,224,10000,0,62.394746,28.755559,5.829500000000001,28.755555484999935,62.39474528500002,0.525781461,9.981818182,9.995656074478504,484.4618654316735,DJI_0056
00:01:29.817,897.6666667,2693,33,1.71855E+12,100,800,2.8,0,5056,224,10000,0,62.394746,28.755559,5.921000000000001,28.755555539999932,62.39474532000002,0.5257813566299678,9.981818181818173,9.995656069005951,484.5534922789727,DJI_0056
00:01:29.850,898,2694,34,1.71855E+12,100,800,2.8,0,5056,224,10000,0,62.394746,28.755559,6.012500000000001,28.755555594999933,62.39474535000002,0.46397433016798534,9.688235294,9.69933891,484.64509714645715,DJI_0056
00:01:29.884,898.3333333,2695,33,1.71855E+12,100,800,2.8,0,5056,224,10000,0,62.394746,28.755558,6.107,28.755555649999927,62.394745380000025,0.4780340404086098,10.309090909090816,10.320168211598505,484.7396986883968,DJI_0056
00:01:29.917,898.6666667,2696,34,1.71855E+12,100,800,2.8,0,5056,224,10000,0,62.394746,28.755558,6.201500000000001,28.755555704999924,62.39474541000002,0.4639742154959641,10.005882352941272,10.01663385242501,484.8343002303364,DJI_0056
00:01:29.951,899,2697,33,1.71855E+12,100,800,2.8,0,5056,224,10000,0,62.394746,28.755558,6.296,28.75555575499992,62.394745440000015,0.46031734871547964,10.309090909090816,10.319362743572269,484.9288943888191,DJI_0056
00:01:29.984,899.3333333,2698,33,1.71855E+12,100,800,2.8,0,5056,224,10000,0,62.394746,28.755558,6.393500000000001,28.755555804999922,62.39474547000002,0.4603173485432736,10.636363636363749,10.646319714639935,485.0264857,DJI_0056
00:01:30.017,899.6666667,2699,34,1.71855E+12,100,725,2.8,0,5056,224,10000,0,62.394746,28.755558,6.491000000000001,28.755555854999916,62.39474550000002,0.4467787002759358,10.32352941176472,10.33319266841529,485.1240769169606,DJI_0056
00:01:30.051,900,2700,33,1.71855E+12,100,725,2.8,0,5056,224,10000,0,62.394746,28.755558,6.588500000000002,28.755555899999912,62.394745530000016,0.44367876257297656,10.636363636363653,10.645613286669647,485.2216617054217,DJI_0056
00:01:30.084,900.3333333,2701,33,1.71855E+12,100,725,2.8,0,5056,224,10000,0,62.394746,28.755558,6.689000000000002,28.755555949999916,62.394745555000014,0.41392800591229806,10.963636363636393,10.971447429948737,485.32223330686287,DJI_0056
00:01:30.117,900.6666667,2702,34,1.71855E+12,100,725,2.8,0,5056,224,10000,0,62.394746,28.755558,6.789500000000001,28.755555999999913,62.39474558000002,0.40175358179501236,10.641176470588167,10.648757796977279,485.42280490827875,DJI_0056
00:01:30.151,901,2703,33,1.71855E+12,100,725,2.8,0,5056,224,10000,0,62.394746,28.755558,6.8900000000000015,28.75555604499992,62.39474560500002,0.3953418434329835,10.963636363636393,10.970761937405223,485.5233702260383,DJI_0056
00:01:30.184,901.3333333,2704,33,1.71855E+12,100,725,2.8,0,5056,224,10000,0,62.394746,28.755558,6.993,28.755556089999924,62.39474563000002,0.39534182036987575,11.236363636363514,11.243316366781006,485.62643395940046,DJI_0056
00:01:30.217,901.6666667,2705,34,1.71855E+12,100,725,2.8,0,5056,224,10000,0,62.394746,28.755558,7.096,28.755556134999924,62.394745655000015,0.38371411963939916,10.90588235294115,10.912630591282923,485.72949769276255,DJI_0056
00:01:30.251,902,2706,33,1.71855E+12,100,725,2.8,0,5056,224,10000,0,62.394746,28.755558,7.199000000000001,28.755556174999924,62.39474567500001,0.33114226965359794,11.236363636363707,11.24124205643433,485.8325424116132,DJI_0056
00:01:30.284,902.3333333,2707,34,1.71855E+12,100,725,2.8,0,5056,224,10000,0,62.394746,28.755558,7.304500000000001,28.755556219999924,62.39474569000001,0.3027629004348151,11.170588235294133,11.17469046087503,485.9380811548548,DJI_0056
00:01:30.318,902.6666667,2708,33,1.71855E+12,100,725,2.8,0,5056,224,10000,0,62.394746,28.755558,7.41,28.75555626499993,62.394745705000005,0.3119374725158196,11.509090909090828,11.513317442877907,486.04361989808115,DJI_0056
00:01:30.351,903,2709,33,1.71855E+12,100,725,2.8,0,5057,224,10000,0,62.394746,28.755558,7.515499999999999,28.75555630499993,62.39474572000001,0.289563626,11.509090909090828,11.51273297906622,486.14915328372257,DJI_0056
00:01:30.384,903.3333333,2710,34,1.71855E+12,100,725,2.8,0,5057,224,10000,0,62.394746,28.755558,7.6235,28.755556349999935,62.394745730000004,0.2725790966733533,11.435294117647116,11.438542342494431,486.25718396140167,DJI_0056
00:01:30.418,903.6666667,2711,33,1.71855E+12,100,725,2.8,0,5060,224,10000,0,62.394746,28.755558,7.7315,28.755556394999935,62.39474574,0.28083900467201495,11.781818181818144,11.785164836181366,486.36521463906666,DJI_0056
00:01:30.451,904,2712,33,1.71855E+12,100,725,2.8,0,5060,224,10000,0,62.394746,28.755558,7.839499999999999,28.755556434999935,62.39474574999999,0.25575896755169797,11.781818181818144,11.78459385,486.4732400827342,DJI_0056
00:01:30.484,904.3333333,2713,34,1.71855E+12,100,725,2.8,0,5062,224,10000,0,62.394746,28.755557,7.949999999999999,28.755556484999932,62.39474575,0.27308603426194544,11.700000000000005,11.703186573840007,486.5837701781538,DJI_0056
00:01:30.518,904.6666667,2714,33,1.71855E+12,100,725,2.8,0,5062,224,10000,0,62.394746,28.755557,8.0605,28.755556534999933,62.39474575,0.28136144022434756,12.05454545454546,12.057828592899622,486.69430027358874,DJI_0056
00:01:30.551,905,2715,33,1.71855E+12,100,640,2.8,0,5064,224,10000,0,62.394746,28.755557,8.171,28.75555658499993,62.39474575,0.28783863842396523,12.05454545454546,12.05798147276203,486.80483177042237,DJI_0056
00:01:30.584,905.3333333,2716,34,1.71855E+12,100,640,2.8,0,5064,224,10000,0,62.394746,28.755557,8.283499999999998,28.75555663999993,62.39474573500001,0.3226914206345793,11.911764705882241,11.916134782774696,486.9173730433708,DJI_0056
00:01:30.618,905.6666667,2717,33,1.71855E+12,100,640,2.8,0,5069,224,10000,0,62.394746,28.755557,8.395999999999999,28.75555669499993,62.39474573,0.33247006149401254,12.272727272727352,12.277229779251327,487.02991431634723,DJI_0056
00:01:30.651,906,2718,34,1.71855E+12,100,640,2.8,0,5069,224,10000,0,62.394746,28.755557,8.5085,28.755556744999936,62.394745715000006,0.29743699150378156,11.911764705882428,11.915477630889209,487.1424493828612,DJI_0056
00:01:30.685,906.3333333,2719,33,1.71855E+12,100,640,2.8,0,5073,224,10000,0,62.394745,28.755557,8.622999999999998,28.755556804999937,62.394745695000005,0.4159166717430083,12.490909090908854,12.497831675742127,487.25701283988883,DJI_0056
00:01:30.718,906.6666667,2720,33,1.71855E+12,100,640,2.8,0,5073,224,10000,0,62.394745,28.755557,8.737499999999997,28.75555686499994,62.39474568,0.4159166719259744,12.490909090909048,12.497831675748408,487.37157629691654,DJI_0056
00:01:30.751,907,2721,34,1.71855E+12,100,640,2.8,0,5078,224,10000,0,62.394745,28.755557,8.851999999999997,28.75555691999994,62.394745654999994,0.3818484410939249,12.123529411764663,12.12954136106921,487.48613307643774,DJI_0056
00:01:30.785,907.3333333,2722,33,1.71855E+12,100,640,2.8,0,5078,224,10000,0,62.394745,28.755557,8.967999999999998,28.75555697999994,62.394745625000006,0.4967134168376072,12.654545454545612,12.664290145113837,487.60222240276795,DJI_0056
00:01:30.818,907.6666667,2723,33,1.71855E+12,100,640,2.8,0,5084,224,10000,0,62.394745,28.755557,9.083999999999998,28.755557039999943,62.3947456,0.49671364370274534,12.654545454545419,12.664290154011656,487.71831172917973,DJI_0056
00:01:30.851,908,2724,34,1.71855E+12,100,640,2.8,0,5084,224,10000,0,62.394745,28.755557,9.2,28.75555709499995,62.39474556000001,0.5103172179099734,12.282352941176622,12.292949907753039,487.83441181164187,DJI_0056
00:01:30.885,908.3333333,2725,33,1.71855E+12,100,640,2.8,0,5091,224,10000,0,62.394746,28.755557,9.317499999999999,28.75555716499995,62.394745515000004,0.6736464760641363,12.818181818181786,12.835871014414245,487.95207396260736,DJI_0056
00:01:30.918,908.6666667,2726,33,1.71855E+12,100,640,2.8,0,5091,224,10000,0,62.394746,28.755557,9.434999999999999,28.755557234999955,62.394745470000004,0.6736465392027959,12.818181818181786,12.835871017727861,488.0697361136032,DJI_0056
00:01:30.951,909,2727,34,1.71855E+12,100,640,2.8,0,5097,224,10000,0,62.394746,28.755557,9.5525,28.75555729999996,62.39474543,0.6382495855491858,12.441176470588392,12.457537256848802,488.1873906321401,DJI_0056
00:01:30.985,909.3333333,2728,33,1.71855E+12,100,640,2.8,0,5097,224,10000,0,62.394746,28.755557,9.671,28.755557374999963,62.39474537,0.7900839126612327,12.927272727272637,12.951394239784879,488.3061117460048,DJI_0056
00:01:31.018,909.6666667,2729,34,1.71855E+12,100,640,2.8,0,5104,224,10000,0,62.394746,28.755557,9.7895,28.755557449999966,62.39474532,0.7668461138086431,12.547058823529511,12.570470877551612,488.4248328598483,DJI_0056
00:01:31.052,910,2730,33,1.71855E+12,100,640,2.8,0,5104,224,10000,0,62.394746,28.755557,9.908000000000001,28.75555751999997,62.39474525999999,0.7754193352686868,12.92727272727283,12.950507917097326,488.5435458490884,DJI_0056
00:01:31.085,910.3333333,2731,33,1.71855E+12,100,640,2.8,0,5112,224,10000,0,62.394746,28.755556,10.0275,28.75555759999997,62.39474518999999,0.9619199017735247,13.036363636363484,13.071804265552945,488.6633707215226,DJI_0056
00:01:31.118,910.6666667,2732,34,1.71855E+12,100,640,2.8,0,5112,224,10000,0,62.394746,28.755556,10.146999999999998,28.755557679999974,62.39474511999999,0.9336282729529436,12.65294117647044,12.687339444000003,488.7831955940493,DJI_0056
00:01:31.152,911,2733,33,1.71855E+12,100,640,2.8,0,5119,224,10000,0,62.394746,28.755556,10.266499999999999,28.755557754999977,62.39474504999998,0.9490779549255697,13.036363636363678,13.07086553461671,488.90301186144995,DJI_0056
00:01:31.185,911.3333333,2734,33,1.71855E+12,100,500,2.8,0,5119,224,10000,0,62.394746,28.755556,10.386499999999998,28.755557839999984,62.394744969999984,1.0828790860132005,13.090909090909006,13.135620576941495,489.0234217167386,DJI_0056
00:01:31.218,911.6666667,2735,34,1.71855E+12,100,500,2.8,0,5126,224,10000,0,62.394746,28.755556,10.506499999999999,28.75555792499999,62.39474488999998,1.0510298055185305,12.70588235294128,12.749278803872516,489.1438315721085,DJI_0056
00:01:31.252,912,2736,33,1.71855E+12,100,500,2.8,0,5126,224,10000,0,62.394746,28.755556,10.626499999999997,28.75555800999999,62.394744804999974,1.1376706568530108,13.090909090908813,13.140250962211619,489.26428387259546,DJI_0056
00:01:31.285,912.3333333,2737,33,1.71855E+12,100,500,2.8,0,5133,224,10000,0,62.394746,28.755556,10.747499999999997,28.755558109999992,62.39474470499997,1.3384359474195755,13.200000000000047,13.267682947121783,489.38590429961073,DJI_0056
00:01:31.318,912.6666667,2738,34,1.71855E+12,100,500,2.8,0,5133,224,10000,0,62.394746,28.755556,10.868499999999997,28.755558209999993,62.39474460499998,1.2990701996335672,12.811764705882398,12.877456979639648,489.50752472664067,DJI_0056
00:01:31.352,913,2739,33,1.71855E+12,100,500,2.8,0,5142,224,10000,0,62.394746,28.755556,10.989499999999998,28.755558304999994,62.39474450499997,1.3268521955577697,13.200000000000047,13.26651939,489.62913448772383,DJI_0056
00:01:31.385,913.3333333,2740,34,1.71855E+12,100,500,2.8,0,5142,224,10000,0,62.394746,28.755556,11.110499999999996,28.75555842,62.39474438999998,1.4826563962531825,12.811764705882212,12.89727044254867,489.75094204190344,DJI_0056
00:01:31.419,913.6666667,2741,33,1.71855E+12,100,500,2.8,0,5151,224,10000,0,62.394746,28.755556,11.231499999999999,28.75555853,62.39474427499997,1.5275853644158794,13.200000000000243,13.288096818039218,489.8727495960688,DJI_0056
00:01:31.452,914,2742,33,1.71855E+12,100,500,2.8,0,5151,224,10000,0,62.394746,28.755556,11.352499999999997,28.755558630000007,62.39474415999999,1.5164021952099216,13.199999999999854,13.286815856992737,489.9945454080912,DJI_0056
00:01:31.485,914.3333333,2743,34,1.71855E+12,100,500,2.8,0,5162,224,10000,0,62.394746,28.755555,11.4735,28.755558750000006,62.394744029999984,1.6665654051009946,12.811764705882588,12.91970414244762,490.1165648361032,DJI_0056
00:01:31.519,914.6666667,2744,33,1.71855E+12,100,500,2.8,0,5162,224,10000,0,62.394746,28.755555,11.594499999999998,28.755558870000005,62.39474389999997,1.7170675302751308,13.199999999999854,13.311210347054145,490.2385842642845,DJI_0056
00:01:31.552,915,2745,33,1.71855E+12,100,500,2.8,0,5173,224,10000,0,62.394746,28.755555,11.715499999999999,28.755558990000008,62.394743769999984,1.7170671052801736,13.200000000000047,13.311210292232502,490.3606036919633,DJI_0056
00:01:31.585,915.3333333,2746,34,1.71855E+12,100,500,2.8,0,5173,224,10000,0,62.394746,28.755555,11.836500000000001,28.75555912500001,62.39474361999998,1.9156038690300468,12.811764705882588,12.954182840377918,490.48294875212247,DJI_0056
00:01:31.619,915.6666667,2747,33,1.71855E+12,100,500,2.8,0,5185,224,10000,0,62.394746,28.755555,11.9575,28.75555926000001,62.394743469999995,1.9736521598407564,13.199999999999854,13.346733789509711,490.60529381185967,DJI_0056
00:01:31.652,916,2748,33,1.71855E+12,100,500,2.8,0,5185,224,10000,0,62.394746,28.755555,12.078500000000002,28.755559390000013,62.39474331999999,1.9629944098520036,13.200000000000243,13.345161934315996,490.7276244629242,DJI_0056
00:01:31.685,916.3333333,2749,34,1.71855E+12,100,500,2.8,0,5197,224,10000,0,62.394746,28.755555,12.1995,28.755559540000018,62.39474314999998,2.164763633699816,12.811764705882212,12.993364324480334,490.8503395704332,DJI_0056
00:01:31.719,916.6666667,2750,33,1.71855E+12,100,500,2.8,0,5197,224,10000,0,62.394746,28.755555,12.320500000000003,28.755559690000023,62.394742980000004,2.2303623769499517,13.200000000000243,13.387102611563126,490.9730546777059,DJI_0056
00:01:31.752,917,2751,34,1.71855E+12,100,500,2.8,0,5211,224,10000,0,62.394746,28.755555,12.441500000000003,28.755559840000025,62.39474280499999,2.219426203395826,12.811764705882398,13.002583110721266,491.09585685152933,DJI_0056
00:01:31.786,917.3333333,2752,33,1.71855E+12,100,500,2.8,0,5211,224,10000,0,62.394746,28.755555,12.562500000000005,28.755560010000025,62.39474261,2.5539948418159266,13.200000000000243,13.444809022519761,491.21910093423577,DJI_0056
00:01:31.819,917.6666667,2753,33,1.71855E+12,100,500,2.8,0,5226,224,10000,0,62.394746,28.755555,12.683500000000004,28.75556018000003,62.39474241499999,2.5539951172420268,13.199999999999854,13.44480907483971,491.3423450174218,DJI_0056
00:01:31.852,918,2754,34,1.71855E+12,100,500,2.8,0,5226,224,10000,0,62.394746,28.755555,12.804500000000004,28.75556035000003,62.39474222,2.4788774900330304,12.811764705882398,13.049373490305438,491.4655891003858,DJI_0056
00:01:31.886,918.3333333,2755,33,1.71855E+12,100,500,2.8,0,5242,224,10000,0,62.394746,28.755555,12.925500000000005,28.755560540000033,62.39474200499999,2.8213794051757217,13.200000000000047,13.498154753445041,491.5893221856257,DJI_0056
00:01:31.919,918.6666667,2756,33,1.71855E+12,100,400,2.8,0,5242,224,10000,0,62.394746,28.755555,13.046500000000005,28.755560730000038,62.39474179,2.821379421648104,13.200000000000047,13.498154756888093,491.71305527089714,DJI_0056
00:01:31.952,919,2757,34,1.71855E+12,100,400,2.8,0,5259,224,10000,0,62.394746,28.755555,13.167500000000004,28.755560920000043,62.394741575000005,2.738397524839139,12.811764705882212,13.101150174047095,491.83678835587426,DJI_0056
00:01:31.986,919.3333333,2758,33,1.71855E+12,100,400,2.8,0,5259,224,10000,0,62.394746,28.755555,13.288000000000006,28.755561130000043,62.39474134,3.1450025230014353,13.14545454545472,13.516435035774101,491.96068901036887,DJI_0056
00:01:32.019,919.6666667,2759,33,1.71855E+12,100,400,2.8,0,5278,224,10000,0,62.394746,28.755555,13.408500000000009,28.75556134000004,62.39474109500001,3.145002226754799,13.145454545454914,13.51643496684366,492.0845896642316,DJI_0056
00:01:32.052,920,2760,34,1.71855E+12,100,400,2.8,0,5278,224,10000,0,62.394746,28.755555,13.529000000000007,28.75556155000004,62.394740855000016,3.052502164714308,12.758823529411558,13.118892762739224,492.2084903181019,DJI_0056
00:01:32.086,920.3333333,2761,33,1.71855E+12,100,400,2.8,0,5278,224,10000,0,62.394747,28.755555,13.64950000000001,28.755561785000037,62.39474059000001,3.479252470176496,13.145454545454914,13.59809446054301,492.33313951732356,DJI_0056
00:01:32.119,920.6666667,2762,34,1.71855E+12,100,400,2.8,0,5296,224,10000,0,62.394747,28.755555,13.770000000000008,28.755562020000035,62.39474032500002,3.3769215062812306,12.758823529411558,13.19815050354597,492.45778871652374,DJI_0056
00:01:32.153,921,2763,33,1.71855E+12,100,400,2.8,0,5296,224,10000,0,62.394747,28.755555,13.89050000000001,28.755562255000033,62.39474006000001,3.4792526083660484,13.14545454545472,13.59809449590045,492.58243791606947,DJI_0056
00:01:32.186,921.3333333,2764,33,1.71855E+12,100,400,2.8,0,5317,224,10000,0,62.394747,28.755555,14.011000000000013,28.75556251500003,62.39473977000002,3.8135653588651692,13.145454545454914,13.687448847501045,492.70790619717155,DJI_0056
00:01:32.219,921.6666667,2765,34,1.71855E+12,100,400,2.8,0,5317,224,10000,0,62.394747,28.755555,14.131500000000011,28.755562775000026,62.39473948000002,3.701401815592242,12.758823529411558,13.284876862625996,492.83337447865193,DJI_0056
00:01:32.253,922,2766,33,1.71855E+12,100,400,2.8,0,5335,224,10000,0,62.394747,28.755555,14.252000000000015,28.755563035000023,62.394739190000024,3.8135655124070533,13.145454545454914,13.687448890280532,492.9588427601462,DJI_0056
00:01:32.286,922.3333333,2767,33,1.71855E+12,100,400,2.8,0,5335,224,10000,0,62.394747,28.755555,14.372500000000016,28.755563325000022,62.39473887500002,4.158885853,13.14545454545472,13.787650515638813,493.08522955653956,DJI_0056
00:01:32.319,922.6666667,2768,34,1.71855E+12,100,400,2.8,0,5355,224,10000,0,62.394747,28.755555,14.493000000000016,28.755563615000018,62.394738560000036,4.036565521785762,12.758823529411746,13.382131334968298,493.2116163524809,DJI_0056
00:01:32.353,923,2769,33,1.71855E+12,100,400,2.8,0,5355,224,10000,0,62.394747,28.755555,14.613500000000018,28.755563905000017,62.39473824500003,4.1588859941050735,13.14545454545472,13.78765055832862,493.3380031492656,DJI_0056
00:01:32.386,923.3333333,2770,34,1.71855E+12,100,400,2.8,0,5374,224,10000,0,62.394747,28.755555,14.733500000000017,28.755564220000014,62.394737905000035,4.361191500871007,12.705882352941094,13.43351918426625,493.4648752748948,DJI_0056
00:01:32.420,923.6666667,2771,33,1.71855E+12,100,400,2.8,0,5374,224,10000,0,62.394747,28.755555,14.853500000000015,28.755564535000016,62.394737565000035,4.493349110951179,13.090909090908813,13.840595617939451,493.5917474013926,DJI_0056
00:01:32.453,924,2772,33,1.71855E+12,100,400,2.8,0,5394,224,10000,0,62.394747,28.755555,14.973500000000016,28.755564850000013,62.39473722500004,4.493348991039356,13.09090909,13.840595579010447,493.7186195275335,DJI_0056
00:01:32.486,924.3333333,2773,34,1.71855E+12,100,400,2.8,0,5394,224,10000,0,62.394747,28.755555,15.093500000000013,28.755565190000016,62.39473685500004,4.740003235518937,12.705882352940906,13.561234347931057,493.8466978519306,DJI_0056
00:01:32.520,924.6666667,2774,33,1.71855E+12,100,400,2.8,0,5414,224,10000,0,62.394747,28.755555,15.213500000000012,28.755565530000013,62.394736485000045,4.8836396784110505,13.090909090909006,13.97218084,493.97477617626754,DJI_0056
00:01:32.553,925,2775,33,1.71855E+12,100,400,2.8,0,5414,224,10000,0,62.394747,28.755555,15.333500000000013,28.75556587000001,62.39473611500004,4.883639843839292,13.09090909,13.972180894577043,494.1028545011345,DJI_0056
00:01:32.586,925.3333333,2776,34,1.71855E+12,100,350,2.8,0,5435,224,10000,0,62.394747,28.755555,15.45350000000001,28.755566245000004,62.39473571000005,5.194473670123228,12.705882352940906,13.726689443430217,494.2324954569891,DJI_0056
00:01:32.620,925.6666667,2777,33,1.71855E+12,100,350,2.8,0,5435,224,10000,0,62.394747,28.755555,15.57350000000001,28.75556662000001,62.39473530500004,5.351882130499864,13.090909090909006,14.14264979292098,494.3621364134242,DJI_0056
00:01:32.653,926,2778,33,1.71855E+12,100,350,2.8,0,5458,224,10000,0,62.394747,28.755555,15.693500000000007,28.75556699500001,62.394734900000046,5.351882127633453,13.090909090908813,14.142649791836089,494.4917773698494,DJI_0056
00:01:32.686,926.3333333,2779,34,1.71855E+12,100,350,2.8,0,5458,224,10000,0,62.394747,28.755555,15.813500000000008,28.755567405000008,62.394734465000056,5.594920152,12.70588235294128,13.883176073183595,494.6228963,DJI_0056
00:01:32.720,926.6666667,2780,33,1.71855E+12,100,350,2.8,0,5482,224,10000,0,62.394747,28.755555,15.933500000000008,28.755567815000003,62.394734030000045,5.7644634696150385,13.090909090909006,14.303878492177228,494.7540151411633,DJI_0056
00:01:32.753,927,2781,34,1.71855E+12,100,350,2.8,0,5482,224,10000,0,62.394747,28.755555,16.053500000000007,28.75556823,62.394733595000055,5.5949203158901115,12.705882352941094,13.883176139051892,494.885134,DJI_0056
00:01:32.787,927.3333333,2782,33,1.71855E+12,100,350,2.8,0,5482,224,10000,0,62.394747,28.755555,16.173500000000004,28.755568659999998,62.394733135000045,6.098994978823797,13.090909090908813,14.441940332869294,495.0175184799723,DJI_0056
00:01:32.820,927.6666667,2783,33,1.71855E+12,100,350,2.8,0,5507,224,10000,0,62.394747,28.755555,16.293500000000005,28.755569094999995,62.39473267500005,6.098994838033114,13.09090909,14.441940273412143,495.1499029324786,DJI_0056
00:01:32.853,928,2784,34,1.71855E+12,100,350,2.8,0,5507,224,10000,0,62.394747,28.755555,16.413500000000003,28.755569529999992,62.39473221500004,5.9196128028453865,12.705882352940906,14.017177394268296,495.28228738564667,DJI_0056
00:01:32.887,928.3333333,2785,33,1.71855E+12,100,350,2.8,0,5534,224,10000,0,62.394747,28.755555,16.533500000000004,28.75557,62.39473172500005,6.5118197966317855,13.09090909,14.621070340103515,495.4163138637643,DJI_0056
00:01:32.920,928.6666667,2786,33,1.71855E+12,100,350,2.8,0,5534,224,10000,0,62.394747,28.755555,16.6535,28.75557047,62.39473123500004,6.511820209,13.090909090908813,14.621070523611902,495.5503403435641,DJI_0056
00:01:32.953,929,2787,34,1.71855E+12,100,350,2.8,0,5565,224,10000,0,62.394747,28.755555,16.773500000000002,28.75557094,62.39473074500004,6.320295827876532,12.70588235294128,14.191038923160566,495.6843668222828,DJI_0056
00:01:32.987,929.3333333,2788,33,1.71855E+12,100,350,2.8,0,5565,224,10000,0,62.394747,28.755555,16.893,28.755571444999998,62.39473021500005,7.035722183693572,13.036363636363484,14.813782889782678,495.82015983210584,DJI_0056
00:01:33.020,929.6666667,2789,33,1.71855E+12,100,350,2.8,0,5596,224,10000,0,62.394747,28.755555,17.0125,28.755571949999993,62.394729685000065,7.035722203998172,13.036363636363484,14.813782899426233,495.95595284201727,DJI_0056
00:01:33.053,930,2790,34,1.71855E+12,100,350,2.8,0,5596,224,10000,0,62.394747,28.755555,17.1315,28.755572459999993,62.39472915500006,6.839865152160632,12.599999999999977,14.33679724693562,496.0913559271272,DJI_0056
00:01:33.087,930.3333333,2791,33,1.71855E+12,100,350,2.8,0,5628,224,10000,0,62.394747,28.755555,17.2505,28.755573004999995,62.39472859000005,7.515540284327586,12.981818181818157,15.000364964597871,496.22885927263604,DJI_0056
00:01:33.120,930.6666667,2792,34,1.71855E+12,100,320,2.8,0,5628,224,10000,0,62.394747,28.755555,17.3695,28.755573549999994,62.394728025000056,7.294494853675965,12.599999999999977,14.559177695539834,496.36636261753836,DJI_0056
00:01:33.154,931,2793,33,1.71855E+12,100,320,2.8,0,5659,224,10000,0,62.394747,28.755555,17.487999999999996,28.755574089999996,62.39472746000005,7.50410286,12.927272727272443,14.947439242146809,496.50338081059135,DJI_0056
00:01:33.187,931.3333333,2794,33,1.71855E+12,100,320,2.8,0,5659,224,10000,0,62.394747,28.755555,17.606999999999996,28.755574664999994,62.394726860000056,7.972491527250176,12.981818181818157,15.23444204616173,496.64302986268115,DJI_0056
00:01:33.220,931.6666667,2795,34,1.71855E+12,100,320,2.8,0,5694,224,10000,0,62.394747,28.755555,17.725999999999996,28.755575239999995,62.39472626000004,7.738006919002243,12.599999999999977,14.786370449793484,496.78267891692917,DJI_0056
00:01:33.254,932,2796,33,1.71855E+12,100,320,2.8,0,5694,224,10000,0,62.394747,28.755555,17.843999999999994,28.755575819999994,62.394725660000034,7.983952266173021,12.872727272727115,15.147626917327402,496.9215321636713,DJI_0056
00:01:33.287,932.3333333,2797,33,1.71855E+12,100,320,2.8,0,5725,224,10000,0,62.394747,28.755555,17.961999999999993,28.755576434999995,62.39472502500004,8.452368696666015,12.872727272727115,15.39966376329016,497.06269574816815,DJI_0056
00:01:33.320,932.6666667,2798,34,1.71855E+12,100,320,2.8,0,5725,224,10000,0,62.394747,28.755555,18.079999999999995,28.755577049999992,62.39472439000006,8.203769481242894,12.494117647059047,14.9467324,497.20385933195945,DJI_0056
00:01:33.354,933,2799,33,1.71855E+12,100,320,2.8,0,5757,224,10000,0,62.394747,28.755555,18.196499999999993,28.75557766499999,62.39472375500005,8.452369024,12.709090909090746,15.263142987377085,497.34377147601043,DJI_0056
00:01:33.387,933.3333333,2800,33,1.71855E+12,100,320,2.8,0,5757,224,10000,0,62.394746,28.755556,18.31299999999999,28.755578314999994,62.39472308500006,8.920788997046895,12.709090909090746,15.527442418678163,497.4861063648483,DJI_0056
00:01:33.420,933.6666667,2801,34,1.71855E+12,100,320,2.8,0,5790,224,10000,0,62.394746,28.755556,18.42949999999999,28.755578964999994,62.394722415000054,8.658412976660829,12.33529412,15.070753008501692,497.62844125437306,DJI_0056
00:01:33.454,934,2802,33,1.71855E+12,100,320,2.8,0,5790,224,10000,0,62.394746,28.755556,18.54449999999999,28.75557961499999,62.39472174500004,8.920789316597947,12.545454545454374,15.393794586884349,497.76955103808615,DJI_0056
00:01:33.487,934.3333333,2803,34,1.71855E+12,100,320,2.8,0,5826,224,10000,0,62.394746,28.755556,18.65999999999999,28.75558029999999,62.39472104000005,9.113059207139694,12.22941176470597,15.251437972321243,497.9135923967136,DJI_0056
00:01:33.521,934.6666667,2804,33,1.71855E+12,100,320,2.8,0,5826,224,10000,0,62.394746,28.755556,18.775499999999994,28.755580984999987,62.39472033500006,9.389212806049379,12.600000000000477,15.713602932405214,498.0576337569273,DJI_0056
00:01:33.554,935,2805,33,1.71855E+12,100,320,2.8,0,5860,224,10000,0,62.394746,28.755556,18.889499999999995,28.755581669999987,62.39471963000005,9.389212857982812,12.43636363636372,15.58269741053774,498.20047514985725,DJI_0056
00:01:33.587,935.3333333,2806,34,1.71855E+12,100,320,2.8,0,5860,224,10000,0,62.394745,28.755557,19.002999999999993,28.755582389999987,62.39471889000004,9.567708544,12.017647058823357,15.36114864240328,498.3455526648133,DJI_0056
00:01:33.621,935.6666667,2807,33,1.71855E+12,100,320,2.8,0,5894,224,10000,0,62.394745,28.755557,19.11649999999999,28.755583109999986,62.39471815000005,9.857639006259408,12.381818181818005,15.82663793,498.4906302,DJI_0056
00:01:33.654,936,2808,33,1.71855E+12,100,320,2.8,0,5894,224,10000,0,62.394745,28.755557,19.22799999999999,28.75558382999998,62.39471741000005,9.857639173522896,12.163636363636307,15.656535365851177,498.63414842005363,DJI_0056
00:01:33.687,936.3333333,2809,34,1.71855E+12,100,320,2.8,0,5925,224,10000,0,62.394744,28.755558,19.33949999999999,28.755584579999976,62.39471664000004,9.957409780889737,11.805882352941122,15.444379808721527,498.780012,DJI_0056
00:01:33.721,936.6666667,2810,33,1.71855E+12,100,320,2.8,0,5925,224,10000,0,62.394744,28.755558,19.45099999999999,28.755585329999978,62.39471587000005,10.259149263654317,12.163636363636307,15.912391184253686,498.92587559299164,DJI_0056
00:01:33.754,937,2811,33,1.71855E+12,100,320,2.8,0,5953,224,10000,0,62.394744,28.755558,19.560499999999987,28.755586079999976,62.39471510000005,10.259149449095231,11.945454545454224,15.746238652973094,499.0702161139772,DJI_0056
00:01:33.787,937.3333333,2812,34,1.71855E+12,100,320,2.8,0,5953,224,10000,0,62.394742,28.75556,19.669999999999987,28.755586864999973,62.39471429500005,10.41206297956659,11.594117647058887,15.583151783394252,499.21739032526483,DJI_0056
00:01:33.821,937.6666667,2813,33,1.71855E+12,100,320,2.8,0,5979,224,10000,0,62.394742,28.75556,19.779499999999988,28.75558764999997,62.39471349000005,10.727579947635956,11.945454545454611,16.055368442687424,499.3645645359895,DJI_0056
00:01:33.854,938,2814,34,1.71855E+12,100,320,2.8,0,5979,224,10000,0,62.394742,28.75556,19.886499999999984,28.75558843999997,62.39471268500004,10.423338016749904,11.329411764705434,15.394854541231291,499.5099603844344,DJI_0056
00:01:33.888,938.3333333,2815,33,1.71855E+12,100,320,2.8,0,6004,224,10000,0,62.394741,28.755561,19.993499999999987,28.75558925499997,62.39471185000003,11.129093619762362,11.672727272727586,16.127903979777212,499.65779950424906,DJI_0056
00:01:33.921,938.6666667,2816,33,1.71855E+12,100,320,2.8,0,6004,224,10000,0,62.394741,28.755561,20.100499999999982,28.75559006999997,62.39471101500003,11.129093546416492,11.672727272726812,16.127903929164184,499.80563862359975,DJI_0056
00:01:33.954,939,2817,34,1.71855E+12,100,320,2.8,0,6030,224,10000,0,62.394741,28.755561,20.204999999999984,28.755590884999965,62.39471018000003,10.801767180133776,11.06470588235311,15.46304919725714,499.9516785,DJI_0056
00:01:33.988,939.3333333,2818,33,1.71855E+12,100,320,2.8,0,6030,224,10000,0,62.394739,28.755563,20.309499999999982,28.755591734999967,62.39470931000002,11.597527495465837,11.399999999999787,16.262307462598326,500.10074968442547,DJI_0056
00:01:34.021,939.6666667,2819,33,1.71855E+12,100,320,2.8,0,6056,224,10000,0,62.394739,28.755563,20.41399999999998,28.755592584999963,62.39470844,11.59752767873324,11.399999999999787,16.262307593296185,500.24982083736404,DJI_0056
00:01:34.054,940,2820,34,1.71855E+12,100,320,2.8,0,6056,224,10000,0,62.394739,28.755563,20.515499999999985,28.755593434999966,62.394707575000005,11.202761833041881,10.747058823529944,15.524211607816762,500.39643839143787,DJI_0056
00:01:34.088,940.3333333,2821,33,1.71855E+12,100,320,2.8,0,6081,224,10000,0,62.394737,28.755564,20.61699999999998,28.755594309999964,62.394706680000006,11.932124122077822,11.07272727272666,16.278233175650733,500.54565552888135,DJI_0056
00:01:34.121,940.6666667,2822,33,1.71855E+12,100,320,2.8,0,6081,224,10000,0,62.394737,28.755564,20.71849999999998,28.755595184999965,62.39470578500001,11.93212404204435,11.072727272727434,16.278233116985845,500.69487266578705,DJI_0056
00:01:34.154,941,2823,34,1.71855E+12,100,320,2.8,0,6105,224,10000,0,62.394737,28.755564,20.81699999999998,28.755596059999963,62.39470489000002,11.581179139598794,10.42941176470565,15.585132018088872,500.8420655792912,DJI_0056
00:01:34.188,941.3333333,2824,33,1.71855E+12,100,320,2.8,0,6105,224,10000,0,62.394735,28.755567,20.91549999999998,28.755596964999963,62.394703965000026,12.333640799631645,10.745454545454695,16.35797936062921,500.9920137234303,DJI_0056
00:01:34.221,941.6666667,2825,34,1.71855E+12,100,320,2.8,0,6124,224,10000,0,62.394735,28.755567,21.013999999999978,28.75559786999996,62.394703040000024,11.97088682936157,10.42941176470565,15.87686244946283,501.1419618687864,DJI_0056
00:01:34.255,942,2826,33,1.71855E+12,100,320,2.8,0,6124,224,10000,0,62.394735,28.755567,21.109499999999976,28.755598774999964,62.39470211000002,12.388968315020715,10.418181818181568,16.187187782541976,501.29034442345966,DJI_0056
00:01:34.288,942.3333333,2827,33,1.71855E+12,100,320,2.8,0,6141,224,10000,0,62.394733,28.755569,21.204999999999973,28.75559970999996,62.39470115000002,12.790478560954707,10.418181818181568,16.496510364768998,501.4415624351367,DJI_0056
00:01:34.321,942.6666667,2828,34,1.71855E+12,100,320,2.8,0,6141,224,10000,0,62.394733,28.755569,21.300499999999975,28.755600644999962,62.39470019000002,12.414288096647173,10.111764705882486,16.011318946722856,501.5927804474113,DJI_0056
00:01:34.355,943,2829,33,1.71855E+12,100,320,2.8,0,6156,224,10000,0,62.394733,28.755569,21.392999999999976,28.75560157999996,62.39469923000002,12.790478714381381,10.090909090909216,16.291801374434854,501.7421219600103,DJI_0056
00:01:34.388,943.3333333,2830,33,1.71855E+12,100,320,2.8,0,6156,224,10000,0,62.39473,28.755571,21.485499999999973,28.755602544999967,62.39469824500003,13.136677231015828,10.090909090908827,16.56498520835066,501.89396765775354,DJI_0056
00:01:34.421,943.6666667,2831,34,1.71855E+12,100,320,2.8,0,6169,224,10000,0,62.39473,28.755571,21.57799999999997,28.75560350999997,62.39469726000002,12.75030444290846,9.794117647058568,16.077779817850328,502.04581335603325,DJI_0056
00:01:34.455,944,2832,33,1.71855E+12,100,320,2.8,0,6169,224,10000,0,62.39473,28.755571,21.667499999999972,28.755604479999974,62.39469627500002,13.148333092001815,9.763636363636476,16.377034473296884,502.19593617203844,DJI_0056
00:01:34.488,944.3333333,2833,33,1.71855E+12,100,320,2.8,0,6180,224,10000,0,62.394728,28.755573,21.75699999999997,28.755605474999975,62.39469526000003,13.538196393018023,9.763636363636088,16.691655298898404,502.34894301227837,DJI_0056
00:01:34.521,944.6666667,2834,34,1.71855E+12,100,320,2.8,0,6180,224,10000,0,62.394728,28.755573,21.84649999999997,28.755606469999975,62.394694245000025,13.14001452410197,9.476470588235403,16.200724567231596,502.50194985541333,DJI_0056
00:01:34.555,945,2835,33,1.71855E+12,100,320,2.8,0,6193,224,10000,0,62.394728,28.755573,21.93299999999997,28.75560746499998,62.39469323000003,13.538196720193179,9.436363636363735,16.50235525954817,502.6532214452925,DJI_0056
00:01:34.588,945.3333333,2836,34,1.71855E+12,100,320,2.8,0,6193,224,10000,0,62.394725,28.755576,22.019499999999965,28.755608489999982,62.39469218500003,13.529724901640122,9.158823529411109,16.33822219083078,502.8075268770948,DJI_0056
00:01:34.622,945.6666667,2837,33,1.71855E+12,100,320,2.8,0,6203,224,10000,0,62.394725,28.755576,22.105999999999966,28.75560951499999,62.394691140000035,13.939716678193195,9.436363636363735,16.83331992644307,502.96183230975385,DJI_0056
00:01:34.655,946,2838,33,1.71855E+12,100,320,2.8,0,6203,224,10000,0,62.394725,28.755576,22.189499999999967,28.755610539999992,62.394690095000044,13.93971674662628,9.109090909090996,16.65206414130865,503.1144762310492,DJI_0056
00:01:34.688,946.3333333,2839,34,1.71855E+12,100,320,2.8,0,6214,224,10000,0,62.394722,28.755579,22.272999999999964,28.75561159499999,62.39468902000003,13.91943641774017,8.841176470587943,16.48990938639716,503.27021426414296,DJI_0056
00:01:34.722,946.6666667,2840,33,1.71855E+12,100,320,2.8,0,6214,224,10000,0,62.394722,28.755579,22.356499999999965,28.755612649999993,62.39468794500003,14.341237468849878,9.109090909090996,16.98960356594667,503.4259522968308,DJI_0056
00:01:34.755,947,2841,33,1.71855E+12,100,320,2.8,0,6223,224,10000,0,62.394722,28.755579,22.436999999999962,28.755613704999995,62.39468687000002,14.341237557030205,8.781818181817869,16.81640345750781,503.58010266185795,DJI_0056
00:01:34.788,947.3333333,2842,34,1.71855E+12,100,320,2.8,0,6223,224,10000,0,62.394719,28.755582,22.516999999999967,28.755614789999996,62.394685765000034,14.309147963340182,8.470588235,16.62836674146548,503.73714834774955,DJI_0056
00:01:34.822,947.6666667,2843,33,1.71855E+12,100,320,2.8,0,6223,224,10000,0,62.394719,28.755582,22.596999999999966,28.755615874999993,62.39468466000003,14.742758867370105,8.727272727272542,17.132256952241143,503.89419403647844,DJI_0056
00:01:34.855,948,2844,33,1.71855E+12,100,320,2.8,0,6229,224,10000,0,62.394719,28.755582,22.673999999999968,28.755616964999994,62.394683555000036,14.754433218828263,8.4,16.978024019563236,504.0498259233244,DJI_0056
00:01:34.888,948.3333333,2845,34,1.71855E+12,100,320,2.8,0,6229,224,10000,0,62.394715,28.755585,22.750999999999973,28.755618084999995,62.39468242000004,14.710195719004762,8.152941176471147,16.81845141261302,504.20866685333243,DJI_0056
00:01:34.922,948.6666667,2846,33,1.71855E+12,100,320,2.8,0,6235,224,10000,0,62.394715,28.755585,22.827999999999975,28.75561921,62.39468128500003,15.155959199307858,8.4,17.328101432386866,504.3675077831293,DJI_0056
00:01:34.955,949,2847,34,1.71855E+12,100,320,2.8,0,6235,224,10000,0,62.394715,28.755585,22.901999999999976,28.75562033,62.39468015000003,14.710195911738841,7.835294117647231,16.66678426307173,504.52491630116947,DJI_0056
00:01:34.989,949.3333333,2848,33,1.71855E+12,100,320,2.8,0,6239,224,10000,0,62.394711,28.755589,22.975999999999978,28.755621474999998,62.39467898500003,15.55748546498261,8.072727273,17.527243925186376,504.68558270381703,DJI_0056
00:01:35.022,949.6666667,2849,33,1.71855E+12,100,320,2.8,0,6239,224,10000,0,62.394711,28.755589,23.049999999999976,28.755622624999997,62.39467782000003,15.557485414266644,8.072727272727063,17.527243880169827,504.8462491060519,DJI_0056
00:01:35.055,950,2850,34,1.71855E+12,100,320,2.8,0,6242,224,10000,0,62.394711,28.755589,23.12099999999998,28.755623774999993,62.39467665500002,15.099912673718682,7.517647058824065,16.86779120261382,505.0055560229655,DJI_0056
00:01:35.089,950.3333333,2851,33,1.71855E+12,100,320,2.8,0,6242,224,10000,0,62.394707,28.755593,23.19199999999998,28.755624954999988,62.39467546000002,15.959011780086412,7.745454545454323,17.739281922125144,505.16816610725164,DJI_0056
00:01:35.122,950.6666667,2852,33,1.71855E+12,100,320,2.8,0,6243,224,10000,0,62.394707,28.755593,23.262999999999984,28.75562613499999,62.39467426500003,15.959012045666974,7.745454545455098,17.73928216105304,505.33077619372796,DJI_0056
00:01:35.155,951,2853,34,1.71855E+12,100,320,2.8,0,6243,224,10000,0,62.394707,28.755593,23.330999999999985,28.755627314999987,62.39467307000004,15.489629323495663,7.200000000000148,17.08123580363256,505.49209897631783,DJI_0056
00:01:35.189,951.3333333,2854,33,1.71855E+12,100,320,2.8,0,6241,224,10000,0,62.394703,28.755597,23.398999999999987,28.755628524999985,62.39467184500004,16.36053853831101,7.418181818181971,17.963759148662767,505.65676676851393,DJI_0056
00:01:35.222,951.6666667,2855,33,1.71855E+12,100,320,2.8,0,6241,224,10000,0,62.394703,28.755597,23.466999999999988,28.755629734999985,62.39467062000005,16.36053866907401,7.418181818181971,17.963759267755496,505.8214345618017,DJI_0056
00:01:35.255,952,2856,34,1.71855E+12,100,320,2.8,0,6236,224,10000,0,62.394703,28.755597,23.53149999999999,28.75563094499999,62.39466939500006,15.879346604085708,6.829411764706141,17.285673652611717,505.9846881462986,DJI_0056
00:01:35.289,952.3333333,2857,33,1.71855E+12,100,320,2.8,0,6236,224,10000,0,62.394698,28.755601,23.595999999999993,28.755632184999985,62.39466814000006,16.76206567887389,7.0363636363639035,18.17903350142758,506.15132928672836,DJI_0056
00:01:35.322,952.6666667,2858,34,1.71855E+12,100,320,2.8,0,6229,224,10000,0,62.394698,28.755601,23.660499999999992,28.75563342499999,62.39466688500006,16.26906387970237,6.829411764705766,17.644356167730745,506.3179704283125,DJI_0056
00:01:35.356,953,2859,33,1.71855E+12,100,320,2.8,0,6229,224,10000,0,62.394698,28.755601,23.721999999999998,28.755634664999988,62.39466563000007,16.76206593712687,6.709090909091551,18.05488175832353,506.48347351109715,DJI_0056
00:01:35.389,953.3333333,2860,33,1.71855E+12,100,320,2.8,0,6219,224,10000,0,62.394693,28.755606,23.7835,28.75563592999999,62.39466435000008,17.096671765163862,6.709090909091164,18.365949098051015,506.65182804449597,DJI_0056
00:01:35.422,953.6666667,2861,34,1.71855E+12,100,320,2.8,0,6219,224,10000,0,62.394693,28.755606,23.845,28.755637194999984,62.39466307000008,16.593828600855364,6.511764705882224,17.82577423898718,506.8201825789753,DJI_0056
00:01:35.456,954,2862,33,1.71855E+12,100,320,2.8,0,6208,224,10000,0,62.394693,28.755606,23.903499999999998,28.755638459999986,62.39466178500008,17.15189698748199,6.381818181818036,18.30068778967001,506.9879388837139,DJI_0056
00:01:35.489,954.3333333,2863,33,1.71855E+12,100,320,2.8,0,6208,224,10000,0,62.394688,28.755611,23.962000000000003,28.755639749999983,62.394660475000094,17.48650015476165,6.3818181818188116,18.614652587901617,507.15857319910305,DJI_0056
00:01:35.522,954.6666667,2864,34,1.71855E+12,100,320,2.8,0,6198,224,10000,0,62.394688,28.755611,24.020500000000006,28.75564103999998,62.39465917,16.972191727412802,6.194117647059058,18.06716318235013,507.32920751804744,DJI_0056
00:01:35.556,955,2865,33,1.71855E+12,100,320,2.8,0,6198,224,10000,0,62.394688,28.755611,24.076000000000008,28.755642329999972,62.394657855000105,17.48650054398411,6.054545454545684,18.505005321153426,507.4988367334914,DJI_0056
00:01:35.589,955.3333333,2866,34,1.71855E+12,100,320,2.8,0,6187,224,10000,0,62.394683,28.755617,24.13150000000001,28.755643649999975,62.39465651500011,17.361906604784924,5.876470588235517,18.329449187787162,507.6719481980427,DJI_0056
00:01:35.623,955.6666667,2867,33,1.71855E+12,100,320,2.8,0,6187,224,10000,0,62.394683,28.755617,24.18700000000001,28.755644969999977,62.39465517500011,17.888025250386534,6.054545454545297,18.884887291684354,507.84505966488314,DJI_0056
00:01:35.656,956,2868,33,1.71855E+12,100,320,2.8,0,6174,224,10000,0,62.394683,28.755617,24.23950000000001,28.755646289999977,62.39465384,17.888025388340935,5.727272727272944,18.782521268096417,508.01723277650734,DJI_0056
00:01:35.689,956.3333333,2869,34,1.71855E+12,100,320,2.8,0,6174,224,10000,0,62.394678,28.755622,24.292000000000012,28.75564762999998,62.39465247000011,17.67534450343869,5.558823529411975,18.528851080042294,508.1922274811522,DJI_0056
00:01:35.723,956.6666667,2870,33,1.71855E+12,100,320,2.8,0,6157,224,10000,0,62.394678,28.755622,24.34450000000001,28.755648969999974,62.394651105000115,18.210961271603406,5.727272727272557,19.090331671513702,508.36722218814106,DJI_0056
00:01:35.756,957,2871,33,1.71855E+12,100,320,2.8,0,6157,224,10000,0,62.394678,28.755622,24.394000000000016,28.75565030999998,62.39464974000011,18.210961443497506,5.400000000000593,18.994712861650715,508.54134038937286,DJI_0056
00:01:35.789,957.3333333,2872,34,1.71855E+12,100,320,2.8,0,6157,224,10000,0,62.394672,28.755627,24.443000000000012,28.755651674999978,62.394648350000125,18.000104814596376,5.1882352941172165,18.732900437561163,508.7182622268387,DJI_0056
00:01:35.823,957.6666667,2873,33,1.71855E+12,100,320,2.8,0,6138,224,10000,0,62.394672,28.755627,24.49200000000001,28.75565303999998,62.39464696000014,18.545562669024733,5.345454545,19.300564214764393,508.89518406547404,DJI_0056
00:01:35.856,958,2874,33,1.71855E+12,100,320,2.8,0,6138,224,10000,0,62.394672,28.755627,24.538000000000007,28.755654404999984,62.39464557000014,18.54556298689925,5.018181818181362,19.21249737179874,509.07129862471555,DJI_0056
00:01:35.889,958.3333333,2875,34,1.71855E+12,100,320,2.8,0,6116,224,10000,0,62.394665,28.755634,24.584000000000007,28.75565578999998,62.39464416000013,18.259913660618587,4.8705882352940515,18.89833528782443,509.2497829024339,DJI_0056
00:01:35.923,958.6666667,2876,33,1.71855E+12,100,320,2.8,0,6116,224,10000,0,62.394665,28.755634,24.630000000000006,28.75565717499999,62.39464275000012,18.81324427798086,5.018181818,19.471012018467597,509.4282671792698,DJI_0056
00:01:35.956,959,2877,34,1.71855E+12,100,320,2.8,0,6095,224,10000,0,62.394665,28.755634,24.673000000000002,28.755658559999986,62.39464134000011,18.25991395558013,4.552941176470133,18.81897263459372,509.60600192081876,DJI_0056
00:01:35.990,959.3333333,2878,33,1.71855E+12,100,320,2.8,0,6095,224,10000,0,62.394659,28.755641,24.715999999999998,28.755659964999996,62.39463991000011,19.080926021892683,4.690909090908622,19.64908053706612,509.78611849240855,DJI_0056
00:01:36.023,959.6666667,2879,33,1.71855E+12,100,320,2.8,0,6074,224,10000,0,62.394659,28.755641,24.758999999999997,28.75566137,62.394638480000104,19.080926178255936,4.6909090909090105,19.64908068890821,509.9662350653902,DJI_0056
00:01:36.056,960,2880,34,1.71855E+12,100,320,2.8,0,6074,224,10000,0,62.394659,28.755641,24.798499999999994,28.75566278,62.39463705000009,18.519722755370385,4.182352941176127,18.986105631759987,510.1455482852457,DJI_0056
00:01:36.090,960.3333333,2881,33,1.71855E+12,100,320,2.8,0,6055,224,10000,0,62.394654,28.755646,24.837999999999994,28.75566419500001,62.39463560000009,19.33696415151303,4.309090909090943,19.811270707849868,510.3271516000677,DJI_0056
00:01:36.123,960.6666667,2882,33,1.71855E+12,100,320,2.8,0,6055,224,10000,0,62.394654,28.755646,24.87749999999999,28.755665615000012,62.394634150000094,19.33696417063264,4.309090909090556,19.811270726511648,510.5087549150607,DJI_0056
00:01:36.156,961,2883,34,1.71855E+12,100,320,2.8,0,6036,224,10000,0,62.394654,28.755646,24.913999999999987,28.755667035000016,62.394632700000095,18.76823008542889,3.864705882352586,19.162004386198454,510.68972940093033,DJI_0056
00:01:36.190,961.3333333,2884,33,1.71855E+12,100,320,2.8,0,6036,224,10000,0,62.394648,28.755653,24.950499999999984,28.755668470000014,62.394631230000094,19.59303072165323,3.981818181817816,19.99354217973149,510.87300353757786,DJI_0056
00:01:36.223,961.6666667,2885,33,1.71855E+12,100,320,2.8,0,6016,224,10000,0,62.394648,28.755653,24.986999999999984,28.755669905000012,62.39462976000011,19.59303085543962,3.9818181818182032,19.993542310837938,511.0562776754272,DJI_0056
00:01:36.256,962,2886,34,1.71855E+12,100,320,2.8,0,6016,224,10000,0,62.394648,28.755653,25.020499999999984,28.755671340000013,62.39462829000011,19.016765443490478,3.5470588235294205,19.344740738255233,511.23897800462186,DJI_0056
00:01:36.290,962.3333333,2887,33,1.71855E+12,100,320,2.8,0,5998,224,10000,0,62.39464,28.75566,25.054499999999983,28.755672785000016,62.39462680500011,19.782206638181094,3.7090909090907918,20.126923630987328,511.42347480457255,DJI_0056
00:01:36.323,962.6666667,2888,34,1.71855E+12,100,320,2.8,0,5998,224,10000,0,62.39464,28.75566,25.08849999999999,28.755674230000015,62.39462532000012,19.200377069549734,3.600000000000638,19.534955326616334,511.6079716048795,DJI_0056
00:01:36.357,963,2889,33,1.71855E+12,100,320,2.8,0,5980,224,10000,0,62.39464,28.75566,25.119499999999988,28.755675675000017,62.39462383500011,19.78220696951281,3.381818181818052,20.069190486900965,511.79193918434277,DJI_0056
00:01:36.390,963.3333333,2890,33,1.71855E+12,100,320,2.8,0,5980,224,10000,0,62.394633,28.755667,25.150499999999987,28.755677135000013,62.39462234,19.92762739163658,3.381818181818052,20.212546293695404,511.9772208587016,DJI_0056
00:01:36.423,963.6666667,2891,34,1.71855E+12,100,320,2.8,0,5961,224,10000,0,62.394633,28.755667,25.181499999999993,28.755678595000013,62.39462084500009,19.341520989988332,3.282352941177096,19.618059920303363,512.1625025357267,DJI_0056
00:01:36.457,964,2892,33,1.71855E+12,100,320,2.8,0,5961,224,10000,0,62.394633,28.755667,25.209499999999995,28.755680055000017,62.394619350000085,19.927627729675695,3.054545455,20.160371893058556,512.3473059447464,DJI_0056
00:01:36.490,964.3333333,2893,33,1.71855E+12,100,320,2.8,0,5944,224,10000,0,62.394626,28.755674,25.237499999999997,28.755681520000017,62.39461784500008,20.049880998788108,3.054545455,20.281222251123086,512.5332171,DJI_0056
00:01:36.523,964.6666667,2894,34,1.71855E+12,100,320,2.8,0,5944,224,10000,0,62.394626,28.755674,25.265499999999992,28.75568298500001,62.39461634000008,19.460178753165316,2.9647058823524266,19.68471584946051,512.7191284,DJI_0056
00:01:36.557,965,2895,33,1.71855E+12,100,320,2.8,0,5926,224,10000,0,62.394626,28.755674,25.290499999999994,28.75568445000001,62.39461483500008,20.04988118378204,2.7272727272729598,20.234518823354904,512.9046114431741,DJI_0056
00:01:36.590,965.3333333,2896,33,1.71855E+12,100,350,2.8,0,5926,224,10000,0,62.394619,28.755681,25.315499999999993,28.755685925000012,62.39461332000007,20.18371838315535,2.727272727272572,20.367142762288676,513.0913102518284,DJI_0056
00:01:36.623,965.6666667,2897,34,1.71855E+12,100,350,2.8,0,5908,224,10000,0,62.394619,28.755681,25.3405,28.755687400000014,62.39461180500007,19.590079652303718,2.6470588235300134,19.76810919635038,513.2780090609051,DJI_0056
00:01:36.657,966,2898,33,1.71855E+12,100,350,2.8,0,5908,224,10000,0,62.394619,28.755681,25.362499999999997,28.755688875000015,62.39461029000007,20.183718572805837,2.3999999999998325,20.32590700131796,513.4643298750839,DJI_0056
00:01:36.690,966.3333333,2899,34,1.71855E+12,100,350,2.8,0,5889,224,10000,0,62.394612,28.755688,25.384499999999992,28.755690355000016,62.394608765000065,19.70876441854636,2.329411764705344,19.84594553240804,513.6517638051122,DJI_0056
00:01:36.724,966.6666667,2900,33,1.71855E+12,100,350,2.8,0,5889,224,10000,0,62.394612,28.755688,25.406499999999998,28.755691835000015,62.394607240000056,20.30599997468457,2.4000000000006074,20.447338090125395,513.8391977,DJI_0056
00:01:36.757,967,2901,33,1.71855E+12,100,350,2.8,0,5868,224,10000,0,62.394612,28.755688,25.425499999999996,28.755693310000016,62.39460572000005,20.239082376020814,2.072727272727093,20.344941724430253,514.0256930367456,DJI_0056
00:01:36.790,967.3333333,2902,34,1.71855E+12,100,350,2.8,0,5868,224,10000,0,62.394605,28.755695,25.443999999999996,28.75569479000001,62.394604195000056,19.708764881501626,1.9588235294117136,19.805867887413793,514.2127484556822,DJI_0056
00:01:36.824,967.6666667,2903,33,1.71855E+12,100,350,2.8,0,5849,224,10000,0,62.394605,28.755695,25.46249999999999,28.755696270000012,62.39460267000005,20.306000384169618,2.018181818181378,20.406045904416043,514.3998038764727,DJI_0056
00:01:36.857,968,2904,33,1.71855E+12,100,350,2.8,0,5849,224,10000,0,62.394605,28.755695,25.478499999999993,28.755697750000014,62.39460114500005,20.30600041713018,1.745454545454741,20.380879875774244,514.5866286086673,DJI_0056
00:01:36.890,968.3333333,2905,34,1.71855E+12,100,350,2.8,0,5849,224,10000,0,62.394598,28.755702,25.493999999999986,28.755699230000015,62.394599615000054,19.762529109760603,1.6411764705874197,19.83055765786089,514.7739172087693,DJI_0056
00:01:36.924,968.6666667,2906,33,1.71855E+12,100,350,2.8,0,5832,224,10000,0,62.394598,28.755702,25.509499999999985,28.755700710000013,62.394598085000055,20.36139368,1.690909090909026,20.431483694949744,514.9612058093063,DJI_0056
00:01:36.957,969,2907,33,1.71855E+12,100,350,2.8,0,5832,224,10000,0,62.394598,28.755702,25.522499999999983,28.755702185000015,62.39459656000006,20.294477276204052,1.4181818181816135,20.34396833422092,515.1476921857034,DJI_0056
00:01:36.990,969.3333333,2908,34,1.71855E+12,100,350,2.8,0,5816,224,10000,0,62.394592,28.755708,25.53499999999998,28.75570366500001,62.394595030000055,19.762529752580217,1.3235294117642544,19.80679964874243,515.3347564046081,DJI_0056
00:01:37.024,969.6666667,2909,33,1.71855E+12,100,350,2.8,0,5816,224,10000,0,62.394592,28.755708,25.547499999999978,28.75570514500001,62.394593500000056,20.361394197174352,1.363636363636286,20.407005605550182,515.5218206,DJI_0056
00:01:37.057,970,2910,34,1.71855E+12,100,350,2.8,0,5800,224,10000,0,62.394592,28.755708,25.557499999999973,28.75570662000001,62.39459197500005,19.697581526793716,1.0588235294111779,19.726018991958814,515.7081219131386,DJI_0056
00:01:37.091,970.3333333,2911,33,1.71855E+12,100,350,2.8,0,5800,224,10000,0,62.394585,28.755715,25.56699999999997,28.75570809500001,62.39459044500005,20.349902399936216,1.0363636363635464,20.376274862538207,515.8949044327119,DJI_0056
00:01:37.124,970.6666667,2912,33,1.71855E+12,100,350,2.8,0,5786,224,10000,0,62.394585,28.755715,25.576499999999974,28.755709570000004,62.39458891500004,20.349902558221824,1.036363636363934,20.37627502061897,516.0816869537342,DJI_0056
00:01:37.157,971,2913,34,1.71855E+12,100,350,2.8,0,5786,224,10000,0,62.394585,28.755715,25.58349999999997,28.755711035000004,62.394587395000045,19.62148157255332,0.7411764705876365,19.635475081153555,516.2671331072785,DJI_0056
00:01:37.191,971.3333333,2914,33,1.71855E+12,100,400,2.8,0,5774,224,10000,0,62.394579,28.75572,25.589499999999973,28.755712499999994,62.39458587500005,20.21607190893357,0.654545455,20.226665399398875,516.4525442067729,DJI_0056
00:01:37.224,971.6666667,2915,33,1.71855E+12,100,400,2.8,0,5774,224,10000,0,62.394579,28.75572,25.59549999999997,28.75571396499999,62.39458435500005,20.216072108684248,0.6545454545450918,20.22666559904491,516.6379553080975,DJI_0056
00:01:37.257,972,2916,34,1.71855E+12,100,400,2.8,0,5764,224,10000,0,62.394579,28.75572,25.59949999999997,28.75571542499999,62.39458284000005,19.556534667465076,0.4235294117648473,19.561120248145127,516.8226992215522,DJI_0056
00:01:37.291,972.3333333,2917,33,1.71855E+12,100,400,2.8,0,5764,224,10000,0,62.394572,28.755727,25.602999999999966,28.755716889999995,62.394581325000054,20.160646022602673,0.3818181818176795,20.16426128507195,517.0075383,DJI_0056
00:01:37.324,972.6666667,2918,33,1.71855E+12,100,400,2.8,0,5756,224,10000,0,62.394572,28.755727,25.60649999999997,28.755718354999996,62.39457981000006,20.16064617842817,0.38181818181845467,20.164261440869527,517.1923773,DJI_0056
00:01:37.357,973,2919,34,1.71855E+12,100,400,2.8,0,5756,224,10000,0,62.394572,28.755727,25.607999999999965,28.755719809999995,62.39457830500006,19.437789552923114,0.15882352941139455,19.438438404800465,517.3759625981409,DJI_0056
00:01:37.391,973.3333333,2920,33,1.71855E+12,100,400,2.8,0,5747,224,10000,0,62.394566,28.755732,25.60799999999997,28.75572125999999,62.39457680000005,20.015327004337163,3.8756876496005466e-13,20.015327004337163,517.5594364,DJI_0056
00:01:37.424,973.6666667,2921,34,1.71855E+12,100,400,2.8,0,5747,224,10000,0,62.394566,28.755732,25.607999999999976,28.75572270999999,62.39457529500003,19.426641229243003,7.523393672754003e-13,19.426641229243003,517.7429102628457,DJI_0056
00:01:37.458,974,2922,33,1.71855E+12,100,400,2.8,0,5740,224,10000,0,62.394566,28.755732,25.60649999999998,28.755724154999992,62.394573800000025,19.892981269537017,-0.163636364,19.893654280942314,517.9252688,DJI_0056
00:01:37.491,974.3333333,2923,33,1.71855E+12,100,400,2.8,0,5740,224,10000,0,62.39456,28.755738,25.603499999999976,28.75572559999999,62.39457230000002,19.94841228204693,-0.327272727,19.95109671202407,518.1081538136145,DJI_0056
00:01:37.524,974.6666667,2924,34,1.71855E+12,100,400,2.8,0,5732,224,10000,0,62.39456,28.755738,25.600499999999975,28.75572704499999,62.39457080000002,19.361694434815924,-0.317647059,19.364299910948528,518.2910389,DJI_0056
00:01:37.558,975,2925,33,1.71855E+12,100,400,2.8,0,5732,224,10000,0,62.39456,28.755738,25.595999999999975,28.755728474999987,62.394569310000016,19.80313231,-0.490909091,19.80921606525654,518.4726233489272,DJI_0056
00:01:37.591,975.3333333,2926,33,1.71855E+12,100,400,2.8,0,5725,224,10000,0,62.394554,28.755744,25.589499999999976,28.755729899999988,62.39456782000002,19.791716031289408,-0.709090909,19.804414492242714,518.6541638151061,DJI_0056
00:01:37.624,975.6666667,2927,34,1.71855E+12,100,400,2.8,0,5725,224,10000,0,62.394554,28.755744,25.582999999999974,28.755731324999985,62.39456633000002,19.209606864923014,-0.688235294,19.221931841648146,518.8357042824995,DJI_0056
00:01:37.658,976,2928,33,1.71855E+12,100,400,2.8,0,5716,224,10000,0,62.394554,28.755744,25.57549999999997,28.755732739999985,62.394564850000016,19.657891588506168,-0.818181818,19.674911008517057,519.0160576334109,DJI_0056
00:01:37.691,976.3333333,2929,33,1.71855E+12,100,400,2.8,0,5716,224,10000,0,62.394549,28.75575,25.565499999999965,28.75573415499998,62.394563370000014,19.65789162107436,-1.090909091,19.68813819614579,519.1965322335423,DJI_0056
00:01:37.724,976.6666667,2930,34,1.71855E+12,100,400,2.8,0,5709,224,10000,0,62.394549,28.75575,25.555499999999967,28.755735569999977,62.39456189000001,19.079718615769206,-1.058823529,19.10907558526486,519.3770068,DJI_0056
00:01:37.758,977,2931,33,1.71855E+12,100,400,2.8,0,5709,224,10000,0,62.394549,28.75575,25.54449999999996,28.755736974999976,62.39456042500001,19.468564802827785,-1.2,19.50551243833154,519.5558073669768,DJI_0056
00:01:37.791,977.3333333,2932,34,1.71855E+12,100,400,2.8,0,5709,224,10000,0,62.394543,28.755755,25.53149999999996,28.75573837999998,62.39455896500001,18.84211993740302,-1.376470588,18.89233058719219,519.7342349336336,DJI_0056
00:01:37.825,977.6666667,2933,33,1.71855E+12,100,400,2.8,0,5702,224,10000,0,62.394543,28.755755,25.518499999999957,28.75573978499998,62.39455751,19.413093425751807,-1.418181818,19.464825609966045,519.9126625,DJI_0056
00:01:37.858,978,2934,33,1.71855E+12,100,400,2.8,0,5702,224,10000,0,62.394543,28.755755,25.50499999999996,28.755741179999987,62.394556054999995,19.27926399344535,-1.472727273,19.33543239,520.0899039653096,DJI_0056
00:01:37.891,978.3333333,2935,34,1.71855E+12,100,400,2.8,0,5696,224,10000,0,62.394537,28.755761,25.488999999999955,28.755742574999985,62.39455459999999,18.766069494247375,-1.694117647,18.84238304633997,520.2678598051917,DJI_0056
00:01:37.925,978.6666667,2936,33,1.71855E+12,100,400,2.8,0,5696,224,10000,0,62.394537,28.755761,25.472999999999956,28.755743969999983,62.39455315,19.33473830945749,-1.745454545,19.413364393258846,520.4458156454633,DJI_0056
00:01:37.958,979,2937,33,1.71855E+12,100,400,2.8,0,5689,224,10000,0,62.394537,28.755761,25.455999999999953,28.755745349999984,62.39455171,19.133998382754445,-1.854545455,19.22366335936588,520.6220325595908,DJI_0056
00:01:37.991,979.3333333,2938,34,1.71855E+12,100,400,2.8,0,5689,224,10000,0,62.394531,28.755767,25.435999999999954,28.755746729999977,62.39455026999999,18.51738761268531,-2.117647059,18.638081260263224,520.7980588826044,DJI_0056
00:01:38.025,979.6666667,2939,33,1.71855E+12,100,400,2.8,0,5682,224,10000,0,62.394531,28.755767,25.41599999999995,28.755748109999978,62.39454883499998,19.078520595490303,-2.181818182,19.20287162616731,520.9740852058443,DJI_0056
00:01:38.058,980,2940,34,1.71855E+12,100,400,2.8,0,5682,224,10000,0,62.394531,28.755767,25.395999999999948,28.75574947499998,62.39454741499997,18.322548447987803,-2.117647059,18.44451709030642,521.1482834228083,DJI_0056
00:01:38.092,980.3333333,2941,33,1.71855E+12,100,400,2.8,0,5675,224,10000,0,62.394525,28.755773,25.372999999999948,28.755750839999976,62.39454599499996,18.877777322403073,-2.509090909,19.043792002233126,521.3228515161621,DJI_0056
00:01:38.125,980.6666667,2942,33,1.71855E+12,100,400,2.8,0,5675,224,10000,0,62.394525,28.755773,25.34999999999995,28.755752204999986,62.394544574999955,18.87777749966513,-2.509090909,19.043792177949843,521.4974196111267,DJI_0056
00:01:38.158,981,2943,34,1.71855E+12,100,400,2.8,0,5669,224,10000,0,62.394525,28.755773,25.326999999999952,28.755753554999988,62.39454316999995,18.12770987445705,-2.435294118,18.29055829470314,521.6701637727989,DJI_0056
00:01:38.192,981.3333333,2944,33,1.71855E+12,100,400,2.8,0,5669,224,10000,0,62.394519,28.755779,25.300999999999952,28.75575490499999,62.39454175999997,18.732520473971363,-2.836363636,18.94603604940733,521.8438357699184,DJI_0056
00:01:38.225,981.6666667,2945,33,1.71855E+12,100,400,2.8,0,5664,224,10000,0,62.394519,28.755779,25.274999999999956,28.755756254999987,62.39454034999997,18.732520774700557,-2.836363636,18.946036346747345,522.0175077697636,DJI_0056
00:01:38.258,982,2946,34,1.71855E+12,100,400,2.8,0,5664,224,10000,0,62.394519,28.755779,25.248999999999956,28.755757589999984,62.394538959999984,17.93287156773929,-2.752941176,18.142948155857674,522.1888578,DJI_0056
00:01:38.292,982.3333333,2947,33,1.71855E+12,100,400,2.8,0,5661,224,10000,0,62.394513,28.755785,25.219999999999963,28.75575891999998,62.39453756999998,18.464869955319273,-3.163636364,18.733926911039493,522.3605854990312,DJI_0056
00:01:38.325,982.6666667,2948,33,1.71855E+12,100,400,2.8,0,5661,224,10000,0,62.394513,28.755785,25.190999999999967,28.755760249999977,62.39453617999999,18.46487011,-3.163636364,18.733927064058996,522.5323131637851,DJI_0056
00:01:38.358,983,2949,34,1.71855E+12,100,400,2.8,0,5658,224,10000,0,62.394513,28.755785,25.16199999999997,28.755761559999975,62.39453480999999,17.662007725993334,-3.070588235,17.926935851499344,522.7016231134937,DJI_0056
00:01:38.392,983.3333333,2950,33,1.71855E+12,100,400,2.8,0,5658,224,10000,0,62.394507,28.755791,25.129999999999974,28.75576286999997,62.39453344,18.197220203379665,-3.490909091,18.529038545247783,522.8714726334919,DJI_0056
00:01:38.425,983.6666667,2951,33,1.71855E+12,100,400,2.8,0,5655,224,10000,0,62.394507,28.755791,25.097999999999974,28.755764179999975,62.39453207,18.19722038343638,-3.490909091,18.529038722080113,523.0413222,DJI_0056
00:01:38.458,984,2952,34,1.71855E+12,100,400,2.8,0,5655,224,10000,0,62.394507,28.755791,25.065999999999978,28.755765469999975,62.394530720000006,17.402230957477425,-3.388235294,17.729009580506396,523.2087628011491,DJI_0056
00:01:38.492,984.3333333,2953,33,1.71855E+12,100,400,2.8,0,5652,224,10000,0,62.394501,28.755797,25.03049999999998,28.755766759999975,62.39452937,17.98510912282863,-3.872727273,18.397341294028827,523.3774050963443,DJI_0056
00:01:38.525,984.6666667,2954,34,1.71855E+12,100,400,2.8,0,5652,224,10000,0,62.394501,28.755797,24.994999999999976,28.75576804999998,62.394528009999995,17.456135207364632,-3.758823529,17.856242905579453,523.5460473904526,DJI_0056
00:01:38.559,985,2955,33,1.71855E+12,100,400,2.8,0,5649,224,10000,0,62.394501,28.755797,24.95949999999998,28.75576931999998,62.394526674999994,17.71746795952937,-3.872727273,18.13578472043246,523.7122920837232,DJI_0056
00:01:38.592,985.3333333,2956,33,1.71855E+12,100,400,2.8,0,5649,224,10000,0,62.394495,28.755803,24.92099999999998,28.75577058499998,62.39452534,17.761750583406947,-4.2,18.251569351350483,523.8795981361106,DJI_0056
00:01:38.625,985.6666667,2957,34,1.71855E+12,100,400,2.8,0,5645,224,10000,0,62.394495,28.755803,24.882499999999983,28.755771849999977,62.394524,17.239346415713243,-4.076470588,17.714758742294844,524.0469042,DJI_0056
00:01:38.659,986,2958,33,1.71855E+12,100,400,2.8,0,5645,224,10000,0,62.394495,28.755803,24.844499999999986,28.755773094999977,62.39452268,17.438505611617938,-4.145454545,17.92446014123876,524.2112117421937,DJI_0056
00:01:38.692,986.3333333,2959,33,1.71855E+12,100,400,2.8,0,5645,224,10000,0,62.39449,28.755808,24.802999999999987,28.755774339999974,62.39452135500001,17.549781478285833,-4.527272727,18.12432145716609,524.3773514,DJI_0056
00:01:38.725,986.6666667,2960,34,1.71855E+12,100,400,2.8,0,5642,224,10000,0,62.39449,28.755808,24.761499999999987,28.75577558499997,62.39452003000001,17.033611417370526,-4.394117647,17.591253162130563,524.5434909687489,DJI_0056
00:01:38.759,987,2961,33,1.71855E+12,100,400,2.8,0,5642,224,10000,0,62.39449,28.755808,24.719999999999985,28.755776804999964,62.39451873000001,17.215264836428954,-4.527272727,17.800605094644883,524.7066631821165,DJI_0056
00:01:38.792,987.3333333,2962,34,1.71855E+12,100,400,2.8,0,5638,224,10000,0,62.394485,28.755813,24.67549999999998,28.755778019999962,62.394517425000004,16.752158312787415,-4.711764706,17.402170404300072,524.8710170137126,DJI_0056
00:01:38.826,987.6666667,2963,33,1.71855E+12,100,400,2.8,0,5638,224,10000,0,62.394485,28.755813,24.630999999999982,28.75577923499996,62.39451612,17.259799449892558,-4.854545455,17.92950887840364,525.0353708,DJI_0056
00:01:38.859,988,2964,33,1.71855E+12,100,400,2.8,0,5635,224,10000,0,62.394485,28.755813,24.58649999999998,28.75578042499996,62.39451484,16.925311222572187,-4.854545455,17.60774748658042,525.1967751970583,DJI_0056
00:01:38.892,988.3333333,2965,34,1.71855E+12,100,400,2.8,0,5635,224,10000,0,62.394479,28.755819,24.538999999999977,28.755781609999957,62.39451356,16.470899341720056,-5.029411765,17.221658103215248,525.3594241902554,DJI_0056
00:01:38.926,988.6666667,2966,33,1.71855E+12,100,400,2.8,0,5633,224,10000,0,62.394479,28.755819,24.491499999999984,28.75578279499996,62.39451227000001,16.970017615974317,-5.181818182,17.74352663806977,525.5220731844377,DJI_0056
00:01:38.959,989,2967,33,1.71855E+12,100,400,2.8,0,5633,224,10000,0,62.394479,28.755819,24.44399999999999,28.75578394999996,62.39451101,16.624542647321242,-5.181818182,17.41340454655607,525.6816960594477,DJI_0056
00:01:38.992,989.3333333,2968,34,1.71855E+12,100,400,2.8,0,5630,224,10000,0,62.394474,28.755823,24.393499999999985,28.75578510499996,62.39450974499999,16.189845345999036,-5.347058824,17.049989160983476,525.8427237,DJI_0056
00:01:39.026,989.6666667,2969,33,1.71855E+12,100,400,2.8,0,5630,224,10000,0,62.394474,28.755823,24.34299999999999,28.755786259999958,62.39450847999999,16.680446670814042,-5.509090909,17.566655452376086,526.0037514098372,DJI_0056
00:01:39.059,990,2970,33,1.71855E+12,100,400,2.8,0,5626,224,10000,0,62.394474,28.755823,24.29299999999999,28.75578738999996,62.394507239999996,16.346030785653532,-5.454545455,17.232086018855533,526.1617121983434,DJI_0056
00:01:39.092,990.3333333,2971,34,1.71855E+12,100,400,2.8,0,5626,224,10000,0,62.394469,28.755828,24.23999999999999,28.755788514999967,62.39450598999999,15.963383346897311,-5.611764706,16.92103752711937,526.3215219972107,DJI_0056
00:01:39.126,990.6666667,2972,33,1.71855E+12,100,400,2.8,0,5622,224,10000,0,62.394469,28.755828,24.186999999999994,28.75578963999997,62.39450473999998,16.447122609273002,-5.781818182,17.433796592023754,526.4813317993043,DJI_0056
00:01:39.159,991,2973,34,1.71855E+12,100,400,2.8,0,5622,224,10000,0,62.394469,28.755828,24.133999999999997,28.755790739999973,62.39450351999998,15.58447021,-5.611764706,16.564045849287762,526.63777,DJI_0056
00:01:39.193,991.3333333,2974,33,1.71855E+12,100,400,2.8,0,5616,224,10000,0,62.394465,28.755832,24.0785,28.75579183999998,62.39450228999999,16.168847277257743,-6.054545455,17.265258264400224,526.7960348775267,DJI_0056
00:01:39.226,991.6666667,2975,33,1.71855E+12,100,400,2.8,0,5616,224,10000,0,62.394465,28.755832,24.023000000000003,28.75579293999998,62.394501059999996,16.16884751727329,-6.054545455,17.265258489173718,526.9542997470109,DJI_0056
00:01:39.259,992,2976,34,1.71855E+12,100,400,2.8,0,5612,224,10000,0,62.394465,28.755832,23.967500000000005,28.755794004999984,62.39449986500001,15.239012498924017,-5.876470588,16.332801612606303,527.1085539844632,DJI_0056
00:01:39.293,992.3333333,2977,33,1.71855E+12,100,400,2.8,0,5612,224,10000,0,62.394461,28.755836,23.910000000000004,28.755795064999987,62.39449866500001,15.746260511377654,-6.272727273,16.949685174957942,527.2639261,DJI_0056
00:01:39.326,992.6666667,2978,33,1.71855E+12,100,400,2.8,0,5607,224,10000,0,62.394461,28.755836,23.852500000000006,28.755796124999993,62.394497465000015,15.746260601880552,-6.272727273,16.94968525903501,527.4192982134415,DJI_0056
00:01:39.359,993,2979,34,1.71855E+12,100,400,2.8,0,5607,224,10000,0,62.394461,28.755836,23.795000000000005,28.755797149999992,62.39449629500002,14.883532572232339,-6.088235294,16.080614130848424,527.5711706802329,DJI_0056
00:01:39.393,993.3333333,2980,33,1.71855E+12,100,400,2.8,0,5603,224,10000,0,62.394457,28.755839,23.735500000000002,28.755798169999995,62.39449511500002,15.436653430232013,-6.490909091,16.745810519396933,527.7246739433273,DJI_0056
00:01:39.426,993.6666667,2981,33,1.71855E+12,100,400,2.8,0,5603,224,10000,0,62.394457,28.755839,23.67600000000001,28.755799189999994,62.39449393500002,15.436653514289457,-6.490909091,16.745810596882468,527.8781772,DJI_0056
00:01:39.459,994,2982,34,1.71855E+12,100,400,2.8,0,5599,224,10000,0,62.394457,28.755839,23.616500000000006,28.755800184999995,62.39449278000002,14.658331528640103,-6.3,15.954832597164065,528.0288617372163,DJI_0056
00:01:39.493,994.3333333,2983,33,1.71855E+12,100,400,2.8,0,5599,224,10000,0,62.394453,28.755842,23.555000000000003,28.755801179999995,62.394491620000025,15.15893273136882,-6.709090909,16.57724773237749,528.1808198414298,DJI_0056
00:01:39.526,994.6666667,2984,34,1.71855E+12,100,400,2.8,0,5596,224,10000,0,62.394453,28.755842,23.493499999999997,28.755802174999996,62.39449046000002,14.713081846398774,-6.511764706,16.089681693669778,528.3327779463144,DJI_0056
00:01:39.560,995,2985,33,1.71855E+12,100,400,2.8,0,5596,224,10000,0,62.394453,28.755842,23.431999999999995,28.755803134999987,62.394489330000034,14.747709022156208,-6.709090909,16.202062283198313,528.4812968505771,DJI_0056
00:01:39.593,995.3333333,2986,33,1.71855E+12,100,400,2.8,0,5592,224,10000,0,62.39445,28.755844,23.368999999999996,28.755804094999984,62.39448819000004,14.860774597054087,-6.872727273,16.37305719130473,528.6313832,DJI_0056
00:01:39.626,995.6666667,2987,34,1.71855E+12,100,400,2.8,0,5592,224,10000,0,62.39445,28.755844,23.305999999999994,28.75580505499998,62.394487050000045,14.423692924088424,-6.670588235,15.891496624712417,528.7814695651753,DJI_0056
00:01:39.660,996,2988,33,1.71855E+12,100,400,2.8,0,5590,224,10000,0,62.39445,28.755844,23.243499999999997,28.755805979999977,62.39448595000005,14.336653906895346,-6.818181818,15.87536609190092,528.9269938,DJI_0056
00:01:39.693,996.3333333,2989,33,1.71855E+12,100,400,2.8,0,5590,224,10000,0,62.394448,28.755847,23.179499999999997,28.755806899999975,62.39448485000006,14.326462460368575,-6.981818182,15.937167620136176,529.0730844575355,DJI_0056
00:01:39.726,996.6666667,2990,34,1.71855E+12,100,400,2.8,0,5589,224,10000,0,62.394448,28.755847,23.1155,28.755807819999973,62.39448375000007,13.905095971528743,-6.776470588,15.468427444657644,529.2191751611795,DJI_0056
00:01:39.760,997,2991,33,1.71855E+12,100,400,2.8,0,5589,224,10000,0,62.394448,28.755847,23.0515,28.75580870499997,62.394482685000064,13.859007089868161,-6.981818182,15.518307338140426,529.3614263,DJI_0056
00:01:39.793,997.3333333,2992,33,1.71855E+12,100,400,2.8,0,5588,224,10000,0,62.394446,28.755848,22.9865,28.755809589999966,62.39448161500007,13.91568790412327,-7.090909091,15.618174079593999,529.5045929075087,DJI_0056
00:01:39.826,997.6666667,2993,34,1.71855E+12,100,400,2.8,0,5588,224,10000,0,62.394446,28.755848,22.921500000000005,28.755810474999965,62.39448054500006,13.506403180002545,-6.882352941,15.158816209311821,529.6477595050411,DJI_0056
00:01:39.860,998,2994,33,1.71855E+12,100,400,2.8,0,5589,224,10000,0,62.394446,28.755848,22.85600000000001,28.755811324999964,62.39447951000007,13.448352780279706,-7.145454545,15.228779109436466,529.7873566468776,DJI_0056
00:01:39.893,998.3333333,2995,34,1.71855E+12,100,400,2.8,0,5589,224,10000,0,62.394444,28.75585,22.789500000000007,28.755812169999963,62.39447847500006,13.043125218586502,-7.041176471,14.822323757012414,529.9273452601383,DJI_0056
00:01:39.927,998.6666667,2996,33,1.71855E+12,100,400,2.8,0,5591,224,10000,0,62.394444,28.75585,22.723000000000006,28.75581301499996,62.39447744000007,13.438371181117873,-7.254545455,15.271484857523435,530.0673338713323,DJI_0056
00:01:39.960,999,2997,33,1.71855E+12,100,400,2.8,0,5591,224,10000,0,62.394444,28.75585,22.656500000000005,28.755813824999958,62.39447644000006,12.971184408236287,-7.254545455,14.86203400293985,530.2035691830259,DJI_0056
00:01:39.993,999.3333333,2998,34,1.71855E+12,100,400,2.8,0,5592,224,10000,0,62.394442,28.755851,22.589500000000008,28.755814629999954,62.39447543000005,12.690610185425767,-7.094117647,14.538847687101565,530.3408805,DJI_0056
00:01:40.027,999.6666667,2999,33,1.71855E+12,100,400,2.8,0,5592,224,10000,0,62.394442,28.755851,22.522500000000008,28.75581543499995,62.394474420000044,13.075174170944022,-7.309090909,14.979418864491285,530.4781918618842,DJI_0056
00:01:40.060,1000,3000,33,1.71855E+12,100,400,2.8,0,5595,224,10000,0,62.394442,28.755851,22.455500000000008,28.755816204999945,62.39447344500004,12.608279942835406,-7.309090909,14.573658876008496,530.6117837349143,DJI_0056
00:01:40.093,1000.333333,3001,34,1.71855E+12,100,400,2.8,0,5595,224,10000,0,62.394441,28.755852,22.387500000000003,28.755816974999945,62.394472470000046,12.237448109904037,-7.2,14.198420202353551,530.7458799257143,DJI_0056
00:01:40.127,1000.666667,3002,33,1.71855E+12,100,400,2.8,0,5598,224,10000,0,62.394441,28.755852,22.3195,28.75581774499994,62.394471495000055,12.608279894666177,-7.418181818,14.628675380561596,530.8799761167028,DJI_0056
00:01:40.160,1001,3003,33,1.71855E+12,100,400,2.8,0,5598,224,10000,0,62.394441,28.755852,22.251000000000005,28.755818479999938,62.394470555000055,12.141505923826607,-7.472727273,14.25685165072826,531.0106639235012,DJI_0056
00:01:40.193,1001.333333,3004,34,1.71855E+12,100,400,2.8,0,5600,224,10000,0,62.39444,28.755852,22.182000000000002,28.75581921999994,62.394469610000044,11.849116103961537,-7.305882353,13.92039760208673,531.1421343452987,DJI_0056
00:01:40.227,1001.666667,3005,33,1.71855E+12,100,400,2.8,0,5600,224,10000,0,62.39444,28.755852,22.112999999999996,28.75581995999994,62.39446866500004,12.208180260915547,-7.527272727,14.342227860195287,531.2736047673504,DJI_0056
00:01:40.260,1002,3006,34,1.71855E+12,100,400,2.8,0,5603,224,10000,0,62.39444,28.755852,22.0445,28.755820664999938,62.39446775500003,11.396181630649808,-7.252941176,13.508445930901809,531.4011845344756,DJI_0056
00:01:40.294,1002.333333,3007,33,1.71855E+12,100,400,2.8,0,5603,224,10000,0,62.394439,28.755853,21.975000000000005,28.75582136499994,62.39446684500003,11.73204364259207,-7.581818182,13.968708421819981,531.5292310283423,DJI_0056
00:01:40.327,1002.666667,3008,33,1.71855E+12,100,400,2.8,0,5604,224,10000,0,62.394439,28.755853,21.90550000000001,28.755822064999933,62.394465935000035,11.732043682762924,-7.581818182,13.968708455558692,531.6572775225183,DJI_0056
00:01:40.360,1003,3009,34,1.71855E+12,100,400,2.8,0,5604,224,10000,0,62.394439,28.755853,21.83600000000001,28.755822734999935,62.39446505500004,10.99895044438322,-7.358823529,13.233638751871093,531.7822618885082,DJI_0056
00:01:40.394,1003.333333,3010,33,1.71855E+12,100,400,2.8,0,5605,224,10000,0,62.394438,28.755853,21.765500000000007,28.755823404999934,62.39446417500003,11.332252301237423,-7.690909091,13.695620645430186,531.9078051,DJI_0056
00:01:40.427,1003.666667,3011,33,1.71855E+12,100,400,2.8,0,5605,224,10000,0,62.394438,28.755853,21.695000000000007,28.75582407499993,62.39446329500002,11.332252180475358,-7.690909091,13.695620545507062,532.0333482660918,DJI_0056
00:01:40.460,1004,3012,34,1.71855E+12,100,400,2.8,0,5606,224,10000,0,62.394438,28.755853,21.62450000000001,28.755824709999924,62.39446245000002,10.546402885529307,-7.464705882,12.920853212305065,532.1553785464303,DJI_0056
00:01:40.494,1004.333333,3013,33,1.71855E+12,100,400,2.8,0,5606,224,10000,0,62.394438,28.755853,21.553000000000008,28.75582534499992,62.39446160500002,10.865990750766438,-7.8,13.37571512091007,532.2779892683719,DJI_0056
00:01:40.527,1004.666667,3014,33,1.71855E+12,100,400,2.8,0,5606,224,10000,0,62.394438,28.755853,21.48150000000001,28.755825979999923,62.39446076,10.865991075718437,-7.8,13.375715384890155,532.4005999927334,DJI_0056
00:01:40.560,1005,3015,34,1.71855E+12,100,400,2.8,0,5606,224,10000,0,62.394438,28.755853,21.410000000000004,28.75582658999992,62.39445994499999,10.16757165621567,-7.570588235,12.676486879757572,532.5203224,DJI_0056
00:01:40.594,1005.333333,3016,33,1.71855E+12,100,400,2.8,0,5606,224,10000,0,62.394438,28.755854,21.337500000000006,28.75582719999992,62.39445912499998,10.533066207542632,-7.909090909,13.171909608736978,532.6410648735667,DJI_0056
00:01:40.627,1005.666667,3017,34,1.71855E+12,100,400,2.8,0,5606,224,10000,0,62.394438,28.755854,21.265,28.755827809999925,62.394458304999986,10.223270030564212,-7.676470588,12.784500412995504,532.7618073774672,DJI_0056
00:01:40.661,1006,3018,33,1.71855E+12,100,400,2.8,0,5604,224,10000,0,62.394438,28.755854,21.1925,28.755828384999926,62.39445751999999,10.067159017703645,-7.909090909,12.802398591513974,532.8791626978895,DJI_0056
00:01:40.694,1006.333333,3019,33,1.71855E+12,100,400,2.8,0,5604,224,10000,0,62.394438,28.755853,21.118999999999996,28.755828954999924,62.394456734999984,10.05815113260517,-8.018181818,12.86303400740871,532.9970738429573,DJI_0056
00:01:40.727,1006.666667,3020,34,1.71855E+12,100,400,2.8,0,5602,224,10000,0,62.394438,28.755853,21.045499999999997,28.755829524999925,62.39445594999998,9.762323337333413,-7.782352941,12.484709617915886,533.1149849893487,DJI_0056
00:01:40.761,1007,3021,33,1.71855E+12,100,400,2.8,0,5602,224,10000,0,62.394438,28.755853,20.971999999999994,28.75583006999993,62.394455194999985,9.668006106854316,-8.018181818,12.560317740869404,533.2301212353067,DJI_0056
00:01:40.794,1007.333333,3022,33,1.71855E+12,100,400,2.8,0,5601,224,10000,0,62.394437,28.755853,20.8975,28.755830614999933,62.39445443499998,9.725609023,-8.127272727,12.674384909919404,533.3463030969809,DJI_0056
00:01:40.827,1007.666667,3023,34,1.71855E+12,100,400,2.8,0,5601,224,10000,0,62.394437,28.755853,20.823,28.755831159999936,62.39445367499998,9.43956158,-7.888235294,12.301608792233196,533.4624849577965,DJI_0056
00:01:40.861,1008,3024,33,1.71855E+12,100,400,2.8,0,5598,224,10000,0,62.394437,28.755853,20.748500000000003,28.755831674999936,62.39445294499997,9.326753800931975,-8.127272727,12.37096998810783,533.5758855160208,DJI_0056
00:01:40.894,1008.333333,3025,33,1.71855E+12,100,400,2.8,0,5598,224,10000,0,62.394437,28.755852,20.672500000000003,28.755832189999936,62.39445220999997,9.384486561377653,-8.290909091,12.52229058816308,533.6906731797457,DJI_0056
00:01:40.927,1008.666667,3026,34,1.71855E+12,100,400,2.8,0,5596,224,10000,0,62.394437,28.755852,20.596500000000006,28.75583270499994,62.39445147499997,9.108472414682957,-8.047058824,12.153988046660972,533.8054608446308,DJI_0056
00:01:40.961,1009,3027,33,1.71855E+12,100,400,2.8,0,5596,224,10000,0,62.394437,28.755852,20.520500000000002,28.75583318999994,62.39445076999998,8.985970362470894,-8.290909091,12.226480969965628,533.9175369201888,DJI_0056
00:01:40.994,1009.333333,3028,34,1.71855E+12,100,400,2.8,0,5596,224,10000,0,62.394437,28.755852,20.443500000000007,28.75583367499994,62.39445006499997,8.721677124895406,-8.152941176,11.93893218415718,534.0302935019281,DJI_0056
00:01:41.028,1009.666667,3029,33,1.71855E+12,100,400,2.8,0,5596,224,10000,0,62.394437,28.755852,20.366500000000006,28.755834159999935,62.39444935999998,8.985970390609767,-8.4,12.30071802216922,534.1430501,DJI_0056
00:01:41.061,1010,3030,33,1.71855E+12,100,400,2.8,0,5594,224,10000,0,62.394437,28.755852,20.289500000000007,28.755834614999934,62.394448679999975,8.645712301145048,-8.4,12.054390950776712,534.2535486675134,DJI_0056
00:01:41.094,1010.333333,3031,34,1.71855E+12,100,400,2.8,0,5594,224,10000,0,62.394438,28.755852,20.211500000000008,28.755835069999936,62.39444798999999,8.504078354,-8.258823529,11.854430173459853,534.3655071747072,DJI_0056
00:01:41.128,1010.666667,3032,33,1.71855E+12,100,400,2.8,0,5592,224,10000,0,62.394438,28.755852,20.133500000000012,28.755835524999934,62.394447299999996,8.761778,-8.509090909,12.213655547078824,534.4774656838888,DJI_0056
00:01:41.161,1011,3033,33,1.71855E+12,100,400,2.8,0,5592,224,10000,0,62.394438,28.755852,20.05550000000001,28.755835954999935,62.394446639999984,8.372298594856193,-8.509090909,11.937336883099599,534.5868912719839,DJI_0056
00:01:41.194,1011.333333,3034,34,1.71855E+12,100,400,2.8,0,5591,224,10000,0,62.394437,28.755852,19.97650000000001,28.755836384999935,62.39444597999998,8.126054543530847,-8.364705882,11.661949534392152,534.6970319064753,DJI_0056
00:01:41.228,1011.666667,3035,33,1.71855E+12,100,400,2.8,0,5591,224,10000,0,62.394437,28.755852,19.89750000000001,28.755836814999935,62.394445319999974,8.372298636013317,-8.618181818,12.015341955259727,534.8071725410653,DJI_0056
00:01:41.261,1012,3036,33,1.71855E+12,100,400,2.8,0,5589,224,10000,0,62.394437,28.755852,19.81850000000001,28.75583721499994,62.394444689999965,7.974935495,-8.618181818,11.741918668104415,534.9148067955228,DJI_0056
00:01:41.294,1012.333333,3037,34,1.71855E+12,100,400,2.8,0,5589,224,10000,0,62.394438,28.755852,19.73800000000001,28.755837609999936,62.39444404999997,7.845971189535754,-8.523529412,11.584896095358141,535.0242197030901,DJI_0056
00:01:41.328,1012.666667,3038,33,1.71855E+12,100,400,2.8,0,5587,224,10000,0,62.394438,28.755852,19.65750000000001,28.755838004999937,62.39444340999996,8.083728202389924,-8.781818182,11.935953762838894,535.1336326125828,DJI_0056
00:01:41.361,1013,3039,34,1.71855E+12,100,400,2.8,0,5587,224,10000,0,62.394438,28.755852,19.57700000000001,28.755838369999932,62.39444279999997,7.461187437411734,-8.523529412,11.327836139766939,535.2406177316806,DJI_0056
00:01:41.395,1013.333333,3040,33,1.71855E+12,100,400,2.8,0,5585,224,10000,0,62.394438,28.755852,19.495500000000007,28.755838734999934,62.394442184999974,7.745813515784842,-8.890909091,11.791772194378957,535.3487089767957,DJI_0056
00:01:41.428,1013.666667,3041,33,1.71855E+12,100,400,2.8,0,5585,224,10000,0,62.394438,28.755852,19.41400000000001,28.755839099999935,62.39444156999997,7.745813526964829,-8.890909091,11.79177220172261,535.4568002219781,DJI_0056
00:01:41.461,1014,3042,34,1.71855E+12,100,400,2.8,0,5583,224,10000,0,62.394438,28.755852,19.33300000000001,28.755839434999935,62.39444098499997,7.133890923190009,-8.576470588,11.155637474157942,535.5621590203452,DJI_0056
00:01:41.495,1014.333333,3043,33,1.71855E+12,100,400,2.8,0,5583,224,10000,0,62.394437,28.755852,19.250500000000006,28.755839764999937,62.39444039499997,7.4016650438781975,-9,11.65266688,535.6689751,DJI_0056
00:01:41.528,1014.666667,3044,33,1.71855E+12,100,400,2.8,0,5581,224,10000,0,62.394437,28.755852,19.168000000000006,28.75584009499994,62.39443980499996,7.401665221,-9,11.652666992470435,535.7757912475117,DJI_0056
00:01:41.561,1015,3045,34,1.71855E+12,100,400,2.8,0,5581,224,10000,0,62.394437,28.755852,19.085500000000003,28.755840394999947,62.39443924499996,6.800925941448922,-8.735294118,11.070589730582466,535.8803468171894,DJI_0056
00:01:41.595,1015.333333,3046,33,1.71855E+12,100,400,2.8,0,5579,224,10000,0,62.394437,28.755851,19.001500000000007,28.755840694999947,62.39443867999996,7.065960677891836,-9.163636364,11.571518124535972,535.9864190666643,DJI_0056
00:01:41.628,1015.666667,3047,34,1.71855E+12,100,350,2.8,0,5579,224,10000,0,62.394437,28.755851,18.917500000000008,28.75584099499995,62.39443811499996,6.858138466307024,-8.894117647,11.231179454659362,536.0924913170694,DJI_0056
00:01:41.662,1016,3048,33,1.71855E+12,100,350,2.8,0,5576,224,10000,0,62.394437,28.755851,18.833500000000008,28.755841264999948,62.39443757999996,6.672302354253161,-9.163636364,11.33542456688457,536.1963993755992,DJI_0056
00:01:41.695,1016.333333,3049,33,1.71855E+12,100,350,2.8,0,5576,224,10000,0,62.394437,28.755851,18.748000000000008,28.755841529999945,62.39443703499995,6.78436797,-9.327272727,11.533675272154825,536.3021247322606,DJI_0056
00:01:41.728,1016.666667,3050,34,1.71855E+12,100,350,2.8,0,5574,224,10000,0,62.394437,28.755851,18.66250000000001,28.75584179499994,62.394436489999954,6.584827448961571,-9.052941176,11.194449360162107,536.4078500873288,DJI_0056
00:01:41.762,1017,3051,33,1.71855E+12,100,350,2.8,0,5574,224,10000,0,62.394437,28.755851,18.57700000000001,28.75584202999994,62.39443597499996,6.392412124466223,-9.327272727,11.307561598238049,536.5115027353127,DJI_0056
00:01:41.795,1017.333333,3052,33,1.71855E+12,100,350,2.8,0,5572,224,10000,0,62.394436,28.755851,18.49000000000001,28.755842259999937,62.39443544999997,6.505616941030392,-9.490909091,11.506537583275083,536.6169793,DJI_0056
00:01:41.828,1017.666667,3053,34,1.71855E+12,100,350,2.8,0,5572,224,10000,0,62.394436,28.755851,18.40300000000001,28.75584248999993,62.394434924999956,6.314275557674139,-9.211764706,11.168110172038075,536.7224559258952,DJI_0056
00:01:41.862,1018,3054,33,1.71855E+12,100,350,2.8,0,5569,224,10000,0,62.394436,28.755851,18.31600000000001,28.75584268999993,62.39443442999996,6.11570189,-9.490909091,11.290667162931515,536.8259537082221,DJI_0056
00:01:41.895,1018.333333,3055,33,1.71855E+12,100,350,2.8,0,5569,224,10000,0,62.394435,28.75585,18.22750000000001,28.755842884999932,62.39443392999995,6.170329173774974,-9.654545455,11.457888550977552,536.9309843532727,DJI_0056
00:01:41.928,1018.666667,3056,34,1.71855E+12,100,350,2.8,0,5566,224,10000,0,62.394435,28.75585,18.13900000000001,28.75584307999994,62.39443342999994,5.988848759555428,-9.370588235,11.120891751125928,537.036015,DJI_0056
00:01:41.962,1019,3057,33,1.71855E+12,100,350,2.8,0,5566,224,10000,0,62.394435,28.75585,18.05050000000001,28.755843244999948,62.39443295999994,5.782683662619781,-9.654545455,11.253873923045948,537.1391755085502,DJI_0056
00:01:41.995,1019.333333,3058,34,1.71855E+12,100,350,2.8,0,5562,224,10000,0,62.394433,28.75585,17.96050000000001,28.75584340999995,62.394432479999935,5.72897445,-9.529411765,11.118940454422468,537.2441877239531,DJI_0056
00:01:42.029,1019.666667,3059,33,1.71855E+12,100,350,2.8,0,5562,224,10000,0,62.394433,28.75585,17.87050000000001,28.755843574999954,62.39443199999993,5.902579591663375,-9.818181818,11.455877969444188,537.3491999,DJI_0056
00:01:42.062,1020,3060,33,1.71855E+12,100,350,2.8,0,5559,224,10000,0,62.394433,28.75585,17.780500000000007,28.75584371499996,62.39443154499993,5.581375525684391,-9.818181818,11.293734854935812,537.4527258,DJI_0056
00:01:42.095,1020.333333,3061,34,1.71855E+12,100,350,2.8,0,5559,224,10000,0,62.394432,28.755849,17.68900000000001,28.75584384999996,62.39443108499993,5.471820701956247,-9.688235294,11.126667286682762,537.5578110325508,DJI_0056
00:01:42.129,1020.666667,3062,33,1.71855E+12,100,350,2.8,0,5556,224,10000,0,62.394432,28.755849,17.597500000000014,28.755843984999967,62.39443062499994,5.637633466542789,-9.981818182,11.463839030532109,537.6628962,DJI_0056
00:01:42.162,1021,3063,33,1.71855E+12,100,350,2.8,0,5556,224,10000,0,62.394432,28.755849,17.506000000000014,28.755844094999965,62.39443018999994,5.318758581154426,-9.981818182,11.310432664557077,537.7665751897558,DJI_0056
00:01:42.195,1021.333333,3064,34,1.71855E+12,100,350,2.8,0,5555,224,10000,0,62.394431,28.755848,17.413000000000014,28.755844204999967,62.39442974499993,5.279409159571558,-9.847058824,11.173035780315772,537.8720983054588,DJI_0056
00:01:42.229,1021.666667,3065,33,1.71855E+12,100,350,2.8,0,5555,224,10000,0,62.394431,28.755848,17.320000000000014,28.75584431499997,62.394429299999935,5.439391107,-10.14545455,11.511612552034615,537.9776214205192,DJI_0056
00:01:42.262,1022,3066,33,1.71855E+12,100,350,2.8,0,5554,224,10000,0,62.394431,28.755848,17.227000000000015,28.755844394999972,62.39442888499993,5.059803785,-10.14545455,11.337189346262022,538.0815456561933,DJI_0056
00:01:42.295,1022.333333,3067,34,1.71855E+12,100,350,2.8,0,5554,224,10000,0,62.39443,28.755848,17.13250000000001,28.755844469999975,62.39442845999994,5.026097471039287,-10.00588235,11.197291522921727,538.1872978539097,DJI_0056
00:01:42.329,1022.666667,3068,33,1.71855E+12,100,350,2.8,0,5554,224,10000,0,62.39443,28.755848,17.03800000000001,28.755844544999974,62.394428034999954,5.178403606564647,-10.30909091,11.536603455280183,538.2930500522498,DJI_0056
00:01:42.362,1023,3069,34,1.71855E+12,100,350,2.8,0,5554,224,10000,0,62.39443,28.755848,16.943500000000007,28.755844599999975,62.394427634999964,4.724267985690172,-10.00588235,11.065097815271418,538.3975537538385,DJI_0056
00:01:42.396,1023.333333,3070,33,1.71855E+12,100,350,2.8,0,5556,224,10000,0,62.394428,28.755847,16.848000000000006,28.75584464499998,62.394427224999966,4.985452669799997,-10.41818182,11.549599591306748,538.5034250834254,DJI_0056
00:01:42.429,1023.666667,3071,33,1.71855E+12,100,350,2.8,0,5556,224,10000,0,62.394428,28.755847,16.75250000000001,28.755844689999982,62.39442681499997,4.985452361379036,-10.41818182,11.549599458174676,538.6092964,DJI_0056
00:01:42.462,1024,3072,34,1.71855E+12,100,350,2.8,0,5557,224,10000,0,62.394428,28.755847,16.657500000000013,28.755844709999984,62.394426429999974,4.539220852416022,-10.05882353,11.035599518958913,538.7135215183599,DJI_0056
00:01:42.496,1024.333333,3073,33,1.71855E+12,100,350,2.8,0,5557,224,10000,0,62.394426,28.755847,16.56100000000001,28.75584472499999,62.39442603999998,4.736890424456507,-10.52727273,11.543898906681989,538.8193405916712,DJI_0056
00:01:42.529,1024.666667,3074,33,1.71855E+12,100,350,2.8,0,5559,224,10000,0,62.394426,28.755847,16.464500000000008,28.755844739999997,62.394425649999974,4.736890425113953,-10.52727273,11.543898906951762,538.9251596649849,DJI_0056
00:01:42.562,1025,3075,34,1.71855E+12,100,350,2.8,0,5559,224,10000,0,62.394426,28.755847,16.368000000000006,28.75584474,62.39442527999998,4.3611901954052135,-10.21764706,11.109468544407921,539.0300824234598,DJI_0056
00:01:42.596,1025.333333,3076,33,1.71855E+12,100,350,2.8,0,5561,224,10000,0,62.394425,28.755846,16.270000000000007,28.755844725000003,62.394424899999976,4.615042006183443,-10.69090909,11.644490109443092,539.1368235827964,DJI_0056
00:01:42.629,1025.666667,3077,33,1.71855E+12,100,350,2.8,0,5561,224,10000,0,62.394425,28.755846,16.172000000000004,28.755844715000002,62.39442451999997,4.615042160678577,-10.69090909,11.644490170674255,539.2435647426943,DJI_0056
00:01:42.662,1026,3078,34,1.71855E+12,100,350,2.8,0,5563,224,10000,0,62.394425,28.755846,16.074,28.755844685000003,62.39442415999997,4.246399345720079,-10.37647059,11.211737121064228,539.3494533710599,DJI_0056
00:01:42.696,1026.333333,3079,33,1.71855E+12,100,350,2.8,0,5563,224,10000,0,62.394423,28.755845,15.975000000000005,28.755844650000004,62.39442378999998,4.497573921312262,-10.8,11.699067107152617,539.4566948195421,DJI_0056
00:01:42.729,1026.666667,3080,34,1.71855E+12,100,350,2.8,0,5564,224,10000,0,62.394423,28.755845,15.876000000000007,28.75584462,62.39442341999998,4.365292335494694,-10.48235294,11.354976898158633,539.5639362680247,DJI_0056
00:01:42.763,1027,3081,33,1.71855E+12,100,350,2.8,0,5564,224,10000,0,62.394423,28.755845,15.777000000000005,28.755844565000004,62.394423069999995,4.2596830928887295,-10.8,11.609689920572674,539.6703584,DJI_0056
00:01:42.796,1027.333333,3082,33,1.71855E+12,100,350,2.8,0,5566,224,10000,0,62.394422,28.755845,15.677000000000007,28.755844510000003,62.39442272,4.322195816407251,-10.90909091,11.734122938599766,539.7779212192338,DJI_0056
00:01:42.829,1027.666667,3083,34,1.71855E+12,100,350,2.8,0,5566,224,10000,0,62.394422,28.755845,15.577000000000005,28.755844455000005,62.39442236000001,4.195072263216148,-10.58823529,11.389001621617554,539.8854840123269,DJI_0056
00:01:42.863,1028,3084,33,1.71855E+12,100,350,2.8,0,5570,224,10000,0,62.394422,28.755845,15.477000000000007,28.755844385000003,62.394422025000004,4.087247313337913,-10.90909091,11.649628966760822,539.9922722778555,DJI_0056
00:01:42.896,1028.333333,3085,33,1.71855E+12,100,350,2.8,0,5570,224,10000,0,62.39442,28.755845,15.375500000000006,28.75584431,62.394421679999994,4.210864772854845,-11.07272727,11.846377986180917,540.1008640760622,DJI_0056
00:01:42.929,1028.666667,3086,34,1.71855E+12,100,350,2.8,0,5574,224,10000,0,62.39442,28.755845,15.274000000000003,28.755844235000005,62.39442133499999,4.0870158024556815,-10.74705882,11.497955101927092,540.2094559,DJI_0056
00:01:42.963,1029,3087,33,1.71855E+12,100,350,2.8,0,5574,224,10000,0,62.39442,28.755845,15.172,28.75584415000001,62.394421004999984,4.0359459289262345,-11.12727273,11.836598239710966,540.3179580247778,DJI_0056
00:01:42.996,1029.333333,3088,33,1.71855E+12,100,350,2.8,0,5578,224,10000,0,62.39442,28.755844,15.069,28.755844060000005,62.39442066999999,4.099624741459582,-11.23636364,11.960885869758226,540.4275994785839,DJI_0056
00:01:43.029,1029.666667,3089,34,1.71855E+12,100,350,2.8,0,5578,224,10000,0,62.39442,28.755844,14.966000000000001,28.75584397,62.39442033499999,3.979047552444457,-10.90588235,11.609095112057934,540.5372409,DJI_0056
00:01:43.063,1030,3090,33,1.71855E+12,100,350,2.8,0,5582,224,10000,0,62.39442,28.755844,14.862999999999998,28.755843865000003,62.39442001,3.9907654567647164,-11.23636364,11.924012608996591,540.6465443813358,DJI_0056
00:01:43.096,1030.333333,3091,34,1.71855E+12,100,350,2.8,0,5582,224,10000,0,62.394419,28.755844,14.758499999999994,28.75584376,62.39441967999999,3.935760215,-11.06470588,11.743846249567511,540.7574585,DJI_0056
00:01:43.130,1030.666667,3092,33,1.71855E+12,100,350,2.8,0,5586,224,10000,0,62.394419,28.755844,14.653999999999995,28.75584365,62.39441935,4.055025524482249,-11.4,12.099720327520059,540.8683725878063,DJI_0056
00:01:43.163,1031,3093,33,1.71855E+12,100,350,2.8,0,5586,224,10000,0,62.394419,28.755844,14.549499999999991,28.755843530000003,62.39441903,3.9395770208291956,-11.4,12.061520099185419,540.9789365220489,DJI_0056
00:01:43.196,1031.333333,3094,34,1.71855E+12,100,350,2.8,0,5591,224,10000,0,62.394419,28.755843,14.443999999999992,28.75584341,62.39441871,3.8863647750002364,-11.17058824,11.82733582371162,541.0906391381617,DJI_0056
00:01:43.230,1031.666667,3095,33,1.71855E+12,100,350,2.8,0,5591,224,10000,0,62.394419,28.755843,14.33849999999999,28.75584329,62.39441838,4.004133241422472,-11.50909091,12.185739885981093,541.2023417537832,DJI_0056
00:01:43.263,1032,3096,33,1.71855E+12,100,350,2.8,0,5594,224,10000,0,62.394419,28.755843,14.23299999999999,28.755843160000005,62.394418064999996,3.8946639256553004,-11.50909091,12.150209078345851,541.3137186703348,DJI_0056
00:01:43.296,1032.333333,3097,34,1.71855E+12,100,350,2.8,0,5594,224,10000,0,62.394417,28.755842,14.12649999999999,28.755843025000008,62.39441774499999,3.8431619373217636,-11.27647059,11.913382500525014,541.4262339495064,DJI_0056
00:01:43.330,1032.666667,3098,33,1.71855E+12,100,350,2.8,0,5597,224,10000,0,62.394417,28.755842,14.01999999999999,28.755842890000007,62.39441742499999,3.959620936641293,-11.61818182,12.274393945210306,541.5387492273375,DJI_0056
00:01:43.363,1033,3099,33,1.71855E+12,100,350,2.8,0,5597,224,10000,0,62.394417,28.755842,13.913499999999988,28.755842750000014,62.394417114999996,3.846172895719402,-11.61818182,12.238267634927048,541.6509333473243,DJI_0056
00:01:43.396,1033.333333,3100,34,1.71855E+12,100,350,2.8,0,5598,224,10000,0,62.394417,28.755842,13.805999999999989,28.755842605000012,62.3944168,3.796356477599366,-11.38235294,11.998761643708034,541.7642549850705,DJI_0056
00:01:43.430,1033.666667,3101,33,1.71855E+12,100,350,2.8,0,5598,224,10000,0,62.394417,28.755842,13.698499999999985,28.755842460000007,62.39441649,3.911397577303425,-11.72727273,12.362360479600113,541.8775766228001,DJI_0056
00:01:43.463,1034,3102,34,1.71855E+12,100,320,2.8,0,5600,224,10000,0,62.394417,28.755842,13.591499999999986,28.755842310000006,62.39441618,3.7446193056369927,-11.32941176,11.932214575610166,541.9902697604587,DJI_0056
00:01:43.497,1034.333333,3103,33,1.71855E+12,100,320,2.8,0,5600,224,10000,0,62.394416,28.755843,13.483999999999988,28.755842155000003,62.39441587,3.8643459927927277,-11.72727273,12.34755423441595,542.1034556742742,DJI_0056
00:01:43.530,1034.666667,3104,33,1.71855E+12,100,320,2.8,0,5602,224,10000,0,62.394416,28.755843,13.37649999999999,28.755842,62.39441556,3.8643459867502057,-11.72727273,12.347554232524852,542.2166415880723,DJI_0056
00:01:43.563,1035,3105,34,1.71855E+12,100,320,2.8,0,5602,224,10000,0,62.394416,28.755843,13.269499999999992,28.755841844999996,62.39441525,3.6932997442727276,-11.32941176,11.916208874272685,542.3291835607738,DJI_0056
00:01:43.597,1035.333333,3106,33,1.71855E+12,100,320,2.8,0,5604,224,10000,0,62.394416,28.755842,13.161999999999988,28.755841694999994,62.394414940000004,3.8580924747865737,-11.72727273,12.345598534046394,542.4423515473359,DJI_0056
00:01:43.630,1035.666667,3107,33,1.71855E+12,100,320,2.8,0,5604,224,10000,0,62.394416,28.755842,13.054499999999988,28.755841544999996,62.39441463000002,3.858092468865798,-11.72727273,12.345598532195737,542.5555195,DJI_0056
00:01:43.663,1036,3108,34,1.71855E+12,100,320,2.8,0,5605,224,10000,0,62.394416,28.755842,12.94749999999999,28.755841389999997,62.39441432500003,3.693299596338779,-11.32941176,11.916208828422343,542.6680615061495,DJI_0056
00:01:43.697,1036.333333,3109,33,1.71855E+12,100,320,2.8,0,5605,224,10000,0,62.394416,28.755842,12.83999999999999,28.75584124,62.39441402000003,3.8052179101393953,-11.72727273,12.329177140567012,542.7810789632713,DJI_0056
00:01:43.730,1036.666667,3110,34,1.71855E+12,100,320,2.8,0,5607,224,10000,0,62.394416,28.755842,12.732499999999986,28.75584108,62.394413715000034,3.6932996002896843,-11.38235294,11.966554241510668,542.8940964199967,DJI_0056
00:01:43.764,1037,3111,33,1.71855E+12,100,320,2.8,0,5607,224,10000,0,62.394416,28.755842,12.625499999999988,28.755840924999998,62.394413415000045,3.746140613408294,-11.67272727,12.259124417302074,543.0064717271553,DJI_0056
00:01:43.797,1037.333333,3112,33,1.71855E+12,100,320,2.8,0,5608,224,10000,0,62.394416,28.755842,12.517999999999988,28.75584077,62.39441311000005,3.811765583209168,-11.72727273,12.33119955564634,543.1195077,DJI_0056
00:01:43.830,1037.666667,3113,34,1.71855E+12,100,320,2.8,0,5608,224,10000,0,62.394416,28.755842,12.410499999999987,28.755840604999992,62.394412805000044,3.699654986780298,-11.38235294,11.968517264002298,543.2325437194643,DJI_0056
00:01:43.864,1038,3114,33,1.71855E+12,100,320,2.8,0,5607,224,10000,0,62.394416,28.755842,12.303999999999988,28.75584044499999,62.39441250000005,3.8117656044496617,-11.61818182,12.227497936356105,543.3446291172143,DJI_0056
00:01:43.897,1038.333333,3115,33,1.71855E+12,100,320,2.8,0,5607,224,10000,0,62.394415,28.755842,12.197499999999982,28.755840279999987,62.39441219500006,3.818509506642744,-11.61818182,12.229601940074188,543.4567338016649,DJI_0056
00:01:43.930,1038.666667,3116,34,1.71855E+12,100,320,2.8,0,5606,224,10000,0,62.394415,28.755842,12.090999999999978,28.755840114999987,62.394411890000065,3.7062005427421507,-11.27647059,11.869907808840283,543.5688384865261,DJI_0056
00:01:43.964,1039,3117,33,1.71855E+12,100,320,2.8,0,5606,224,10000,0,62.394415,28.755842,11.98499999999998,28.755839944999988,62.39441158500007,3.825448481553556,-11.56363636,12.179972989930183,543.6804882389339,DJI_0056
00:01:43.997,1039.333333,3118,33,1.71855E+12,100,320,2.8,0,5605,224,10000,0,62.394415,28.755841,11.87899999999998,28.75583977499999,62.39441128000007,3.825448633577989,-11.56363636,12.179973037677737,543.7921379917792,DJI_0056
00:01:44.030,1039.666667,3119,34,1.71855E+12,100,320,2.8,0,5605,224,10000,0,62.394415,28.755841,11.772999999999982,28.75583960499999,62.39441097500006,3.712935440836485,-11.22352941,11.82173853731178,543.9037877446316,DJI_0056
00:01:44.064,1040,3120,33,1.71855E+12,100,320,2.8,0,5604,224,10000,0,62.394415,28.755841,11.668499999999977,28.755839439999995,62.39441067000006,3.8185095094305845,-11.4,12.022521152970562,544.0139941885338,DJI_0056
00:01:44.097,1040.333333,3121,33,1.71855E+12,100,320,2.8,0,5604,224,10000,0,62.394414,28.755841,11.563999999999979,28.75583928,62.394410360000066,3.877435055949287,-11.4,12.041366310062141,544.1243733797094,DJI_0056
00:01:44.130,1040.666667,3122,34,1.71855E+12,100,320,2.8,0,5604,224,10000,0,62.394414,28.755841,11.45949999999998,28.75583911,62.39441005000007,3.763392859,-11.06470588,11.687208480811282,544.2347525709171,DJI_0056
00:01:44.164,1041,3123,33,1.71855E+12,100,320,2.8,0,5604,224,10000,0,62.394414,28.755841,11.356499999999981,28.755838945000004,62.394409745000075,3.8185095164010785,-11.23636364,11.867471621851053,544.3435377274507,DJI_0056
00:01:44.197,1041.333333,3124,34,1.71855E+12,100,320,2.8,0,5605,224,10000,0,62.394413,28.755841,11.253499999999981,28.755838780000005,62.39440944500007,3.6490636966413756,-10.90588235,11.50017111865468,544.4521504546824,DJI_0056
00:01:44.231,1041.666667,3125,33,1.71855E+12,100,320,2.8,0,5605,224,10000,0,62.394413,28.755841,11.150499999999983,28.755838615000012,62.39440914500008,3.7596412193215794,-11.23636364,11.848661100167055,544.5607631814339,DJI_0056
00:01:44.264,1042,3126,33,1.71855E+12,100,320,2.8,0,5605,224,10000,0,62.394413,28.755841,11.049499999999988,28.755838455000013,62.39440884500008,3.7527915422666203,-11.01818182,11.63974978,544.6674608877495,DJI_0056
00:01:44.297,1042.333333,3127,34,1.71855E+12,100,320,2.8,0,5605,224,10000,0,62.394413,28.755841,10.948499999999989,28.755838295000018,62.39440854000008,3.699654999751528,-10.69411765,11.315988660577537,544.7743341139883,DJI_0056
00:01:44.331,1042.666667,3128,33,1.71855E+12,100,320,2.8,0,5605,224,10000,0,62.394413,28.755841,10.84749999999999,28.75583813500002,62.39440823500007,3.811765918066049,-11.01818182,11.658897460422239,544.8812073407088,DJI_0056
00:01:44.364,1043,3129,33,1.71855E+12,100,320,2.8,0,5605,224,10000,0,62.394413,28.755841,10.748999999999985,28.755837975000023,62.39440793000007,3.8117656199789787,-10.74545455,11.401506502655472,544.9857211503164,DJI_0056
00:01:44.397,1043.333333,3130,34,1.71855E+12,100,320,2.8,0,5604,224,10000,0,62.394411,28.755841,10.650499999999983,28.755837815000017,62.39440763000007,3.6424154745118504,-10.42941176,11.047163447996587,545.0900554717697,DJI_0056
00:01:44.431,1043.666667,3131,33,1.71855E+12,100,320,2.8,0,5604,224,10000,0,62.394411,28.755841,10.551999999999985,28.75583765500002,62.39440733000008,3.752791544601621,-10.74545455,11.381925925152476,545.1943897927503,DJI_0056
00:01:44.464,1044,3132,33,1.71855E+12,100,320,2.8,0,5604,224,10000,0,62.394411,28.755841,10.45549999999999,28.75583749500002,62.394407025000085,3.811765634858281,-10.52727273,11.196116662908441,545.2970208621603,DJI_0056
00:01:44.497,1044.333333,3133,34,1.71855E+12,100,320,2.8,0,5604,224,10000,0,62.394411,28.755841,10.358999999999996,28.75583733500002,62.39440672000008,3.6996550204972247,-10.21764706,10.866819161528435,545.3996519320191,DJI_0056
00:01:44.531,1044.666667,3134,33,1.71855E+12,100,320,2.8,0,5604,224,10000,0,62.394411,28.755841,10.262500000000003,28.75583717500002,62.394406415000084,3.8117657808591283,-10.52727273,11.196116712614872,545.5022830018847,DJI_0056
00:01:44.564,1045,3135,34,1.71855E+12,100,320,2.8,0,5604,224,10000,0,62.394411,28.755841,10.168500000000003,28.75583701500002,62.39440611500007,3.6424154851136863,-9.952941176,10.59850124444388,545.6023799580822,DJI_0056
00:01:44.598,1045.333333,3136,33,1.71855E+12,100,320,2.8,0,5603,224,10000,0,62.394409,28.75584,10.074500000000004,28.755836855000027,62.39440581500007,3.7527916969220967,-10.25454545,10.919667943661334,545.7024769142324,DJI_0056
00:01:44.631,1045.666667,3137,33,1.71855E+12,100,320,2.8,0,5603,224,10000,0,62.394409,28.75584,9.980500000000005,28.75583669500003,62.394405515000074,3.7527915576877158,-10.25454545,10.919667895810282,545.8025739,DJI_0056
00:01:44.664,1046,3138,34,1.71855E+12,100,320,2.8,0,5602,224,10000,0,62.394409,28.75584,9.889500000000004,28.755836535000036,62.394405210000066,3.6996550226940355,-9.635294118,10.321159819541183,545.9000514904619,DJI_0056
00:01:44.698,1046.333333,3139,33,1.71855E+12,100,320,2.8,0,5602,224,10000,0,62.394408,28.75584,9.798000000000005,28.755836375000037,62.39440490500007,3.8117656414516987,-9.981818182,10.684860856381034,545.9979960483121,DJI_0056
00:01:44.731,1046.666667,3140,33,1.71855E+12,100,320,2.8,0,5600,224,10000,0,62.394408,28.75584,9.706500000000005,28.755836215000034,62.39440460000007,3.8117658021979928,-9.981818182,10.684860913726578,546.0959406066879,DJI_0056
00:01:44.764,1047,3141,34,1.71855E+12,100,320,2.8,0,5600,224,10000,0,62.394408,28.75584,9.618000000000006,28.755836055000035,62.394404295000086,3.6996548914940375,-9.370588235,10.07449106,546.1910885778447,DJI_0056
00:01:44.798,1047.333333,3142,33,1.71855E+12,100,320,2.8,0,5598,224,10000,0,62.394407,28.755839,9.528500000000005,28.755835895000036,62.394403990000086,3.811765656401987,-9.763636364,10.481323984146762,546.2871673810326,DJI_0056
00:01:44.831,1047.666667,3143,34,1.71855E+12,100,320,2.8,0,5598,224,10000,0,62.394407,28.755839,9.439000000000005,28.755835735000037,62.394403685000086,3.699655033,-9.476470588,10.17304979710483,546.3832462,DJI_0056
00:01:44.865,1048,3144,33,1.71855E+12,100,320,2.8,0,5595,224,10000,0,62.394407,28.755839,9.352500000000006,28.75583557500004,62.394403385000096,3.7527915730449513,-9.436363636,10.155215569765193,546.4763356607282,DJI_0056
00:01:44.898,1048.333333,3145,33,1.71855E+12,100,320,2.8,0,5595,224,10000,0,62.394406,28.755839,9.265500000000005,28.755835415000043,62.39440308500011,3.752791433810574,-9.490909091,10.205919797724555,546.5698899255407,DJI_0056
00:01:44.931,1048.666667,3146,34,1.71855E+12,100,320,2.8,0,5592,224,10000,0,62.394406,28.755839,9.178500000000005,28.755835255000047,62.39440278500011,3.6424154917457052,-9.211764706,9.905745787725849,546.6634441913136,DJI_0056
00:01:44.965,1049,3147,33,1.71855E+12,100,320,2.8,0,5592,224,10000,0,62.394406,28.755839,9.094500000000005,28.755835100000056,62.39440248500011,3.746140829,-9.163636364,9.899788004,546.7541922480144,DJI_0056
00:01:44.998,1049.333333,3148,33,1.71855E+12,100,320,2.8,0,5590,224,10000,0,62.394404,28.755838,9.009500000000003,28.75583494000005,62.39440218500011,3.752791590285021,-9.272727273,10.00334523019672,546.8458895792912,DJI_0056
00:01:45.031,1049.666667,3149,34,1.71855E+12,100,320,2.8,0,5590,224,10000,0,62.394404,28.755838,8.924500000000004,28.75583478000005,62.394401885000114,3.6424153608052032,-9,9.709129191674602,546.9375869,DJI_0056
00:01:45.065,1050,3150,33,1.71855E+12,100,320,2.8,0,5589,224,10000,0,62.394404,28.755838,8.842500000000003,28.75583462000005,62.394401585000125,3.7527914446255304,-8.945454545,9.700752581714957,547.0265104758784,DJI_0056
00:01:45.098,1050.333333,3151,33,1.71855E+12,100,320,2.8,0,5589,224,10000,0,62.394402,28.755837,8.759500000000005,28.755834460000052,62.39440128500013,3.7527917295832567,-9.054545455,9.801440667,547.1163570153284,DJI_0056
00:01:45.131,1050.666667,3152,34,1.71855E+12,100,320,2.8,0,5587,224,10000,0,62.394402,28.755837,8.676500000000006,28.75583430000005,62.39440098500013,3.6424153837743556,-8.788235294,9.513162955228308,547.2062035543499,DJI_0056
00:01:45.165,1051,3153,33,1.71855E+12,100,320,2.8,0,5587,224,10000,0,62.394402,28.755837,8.597000000000005,28.755834140000047,62.39440069000014,3.693874077602883,-8.672727273,9.426606178699538,547.2926141,DJI_0056
00:01:45.198,1051.333333,3154,34,1.71855E+12,100,320,2.8,0,5585,224,10000,0,62.394401,28.755836,8.516000000000005,28.755833980000048,62.39440039500015,3.5852305875139283,-8.576470588,9.295683197942452,547.3804066745241,DJI_0056
00:01:45.232,1051.666667,3155,33,1.71855E+12,100,320,2.8,0,5585,224,10000,0,62.394401,28.755836,8.435000000000006,28.755833820000042,62.394400100000155,3.6938740906497025,-8.836363636,9.577370626201214,547.4681992385977,DJI_0056
00:01:45.265,1052,3156,33,1.71855E+12,100,320,2.8,0,5583,224,10000,0,62.394401,28.755836,8.357000000000005,28.755833665000036,62.39439981000016,3.6281490979736475,-8.509090909,9.250302372155343,547.5529936770091,DJI_0056
00:01:45.298,1052.333333,3157,34,1.71855E+12,100,320,2.8,0,5583,224,10000,0,62.394399,28.755836,8.278000000000006,28.755833510000034,62.39439952000015,3.521438986,-8.364705882,9.075727906468577,547.6387088850147,DJI_0056
00:01:45.332,1052.666667,3158,33,1.71855E+12,100,320,2.8,0,5582,224,10000,0,62.394399,28.755836,8.199000000000007,28.755833355000032,62.394399230000154,3.6281489520661254,-8.618181818,9.350749845,547.7244241,DJI_0056
00:01:45.365,1053,3159,33,1.71855E+12,100,320,2.8,0,5582,224,10000,0,62.394399,28.755836,8.123500000000005,28.755833200000033,62.39439895000015,3.510392664309511,-8.236363636,8.953242016613551,547.8064954770823,DJI_0056
00:01:45.398,1053.333333,3160,34,1.71855E+12,100,320,2.8,0,5582,224,10000,0,62.394398,28.755835,8.047000000000006,28.755833045000035,62.39439867500015,3.350092203325256,-8.1,8.765450232063356,547.8892802848296,DJI_0056
00:01:45.432,1053.666667,3161,33,1.71855E+12,100,320,2.8,0,5582,224,10000,0,62.394398,28.755835,7.9705000000000075,28.755832890000036,62.394398400000156,3.4516100104658474,-8.345454545,9.031069883164074,547.9720651,DJI_0056
00:01:45.465,1054,3162,33,1.71855E+12,100,320,2.8,0,5581,224,10000,0,62.394398,28.755835,7.897000000000008,28.755832740000038,62.394398130000155,3.3857717178014948,-8.018181818,8.703717010248246,548.0518491646859,DJI_0056
00:01:45.498,1054.333333,3163,34,1.71855E+12,100,320,2.8,0,5581,224,10000,0,62.394396,28.755835,7.822500000000008,28.755832590000036,62.39439786000016,3.2861902071919866,-7.888235294,8.545367290714227,548.1325554113205,DJI_0056
00:01:45.532,1054.666667,3164,33,1.71855E+12,100,320,2.8,0,5580,224,10000,0,62.394396,28.755835,7.748000000000008,28.755832440000034,62.39439759000016,3.3857717305184765,-8.127272727,8.804317815,548.2132616579617,DJI_0056
00:01:45.565,1055,3165,34,1.71855E+12,100,320,2.8,0,5580,224,10000,0,62.394396,28.755835,7.676500000000008,28.755832295000033,62.39439732500017,3.2223303941730874,-7.570588235,8.227831998624298,548.2909689601709,DJI_0056
00:01:45.599,1055.333333,3166,33,1.71855E+12,100,320,2.8,0,5579,224,10000,0,62.394394,28.755834,7.604500000000009,28.75583214500003,62.39439706000017,3.3270035759643477,-7.854545455,8.530113545082433,548.3691616676674,DJI_0056
00:01:45.632,1055.666667,3167,33,1.71855E+12,100,320,2.8,0,5579,224,10000,0,62.394394,28.755834,7.5325000000000095,28.75583199500003,62.394396795000176,3.327003727301333,-7.854545455,8.530113604,548.4473543757051,DJI_0056
00:01:45.665,1056,3168,34,1.71855E+12,100,320,2.8,0,5578,224,10000,0,62.394394,28.755834,7.4635,28.75583184500003,62.394396535000176,3.1721803860667386,-7.305882353,7.9648380621807835,548.5225778462924,DJI_0056
00:01:45.699,1056.333333,3169,33,1.71855E+12,100,320,2.8,0,5578,224,10000,0,62.394392,28.755832,7.3935,28.755831695000033,62.39439627500019,3.2683069170678443,-7.636363636,8.306375845754236,548.5987196248785,DJI_0056
00:01:45.732,1056.666667,3170,33,1.71855E+12,100,320,2.8,0,5578,224,10000,0,62.394392,28.755832,7.323500000000012,28.75583154500004,62.394396015000204,3.2683069189596696,-7.636363636,8.306375846498522,548.6748614034715,DJI_0056
00:01:45.765,1057,3171,34,1.71855E+12,100,320,2.8,0,5578,224,10000,0,62.394392,28.755832,7.2565000000000115,28.755831400000037,62.39439576500021,3.051261001962966,-7.094117647,7.7224801,548.7477959377477,DJI_0056
00:01:45.799,1057.333333,3172,33,1.71855E+12,100,320,2.8,0,5578,224,10000,0,62.394391,28.755831,7.1895,28.755831255000036,62.39439551500021,3.1437236075382478,-7.309090909,7.956494707969733,548.8207304725707,DJI_0056
00:01:45.832,1057.666667,3173,33,1.71855E+12,100,320,2.8,0,5578,224,10000,0,62.394391,28.755831,7.122500000000011,28.75583111000003,62.39439526500022,3.143723767799447,-7.309090909,7.956494771291022,548.8936650079743,DJI_0056
00:01:45.865,1058,3174,34,1.71855E+12,100,320,2.8,0,5577,224,10000,0,62.394391,28.755831,7.058000000000012,28.755830965000026,62.39439502500022,2.9375920915742246,-6.829411765,7.434400604512844,548.9638787914613,DJI_0056
00:01:45.899,1058.333333,3175,33,1.71855E+12,100,320,2.8,0,5577,224,10000,0,62.394389,28.75583,6.993000000000011,28.755830820000025,62.39439478500022,3.0266103330602045,-7.090909091,7.709822426,549.0345521637016,DJI_0056
00:01:45.932,1058.666667,3176,34,1.71855E+12,100,320,2.8,0,5576,224,10000,0,62.394389,28.75583,6.928,28.75583067500002,62.394394545000225,2.937592094994837,-6.882352941,7.4830628303855935,549.1052255348775,DJI_0056
00:01:45.966,1059,3177,33,1.71855E+12,100,320,2.8,0,5576,224,10000,0,62.394389,28.75583,6.865000000000008,28.755830535000015,62.39439431000022,2.9605726907799195,-6.872727273,7.483272734752046,549.1738222016127,DJI_0056
00:01:45.999,1059.333333,3178,33,1.71855E+12,100,320,2.8,0,5576,224,10000,0,62.394387,28.755829,6.801500000000008,28.755830395000007,62.39439407500022,2.9605727019497037,-6.927272727,7.533398845245538,549.2428784,DJI_0056
00:01:46.032,1059.666667,3179,34,1.71855E+12,100,320,2.8,0,5576,224,10000,0,62.394387,28.755829,6.7380000000000075,28.755830255000006,62.39439384000022,2.873497017350761,-6.723529412,7.311828284334176,549.3119345137128,DJI_0056
00:01:46.066,1060,3180,33,1.71855E+12,100,320,2.8,0,5576,224,10000,0,62.394387,28.755829,6.676500000000008,28.75583012,62.394393615000226,2.8360292887325733,-6.709090909,7.2838837822273605,549.3787034483832,DJI_0056
00:01:46.099,1060.333333,3181,33,1.71855E+12,100,320,2.8,0,5576,224,10000,0,62.394386,28.755828,6.615000000000009,28.755829984999995,62.39439339500021,2.7775764931613742,-6.709090909,7.261324397229967,549.4452655886912,DJI_0056
00:01:46.132,1060.666667,3182,34,1.71855E+12,100,320,2.8,0,5577,224,10000,0,62.394386,28.755828,6.5535000000000085,28.75582984999999,62.394393175000204,2.69588278,-6.511764706,7.047755922826761,549.5118277279623,DJI_0056
00:01:46.166,1061,3183,33,1.71855E+12,100,320,2.8,0,5577,224,10000,0,62.394386,28.755828,6.494000000000009,28.755829714999987,62.39439296,2.7192224525087982,-6.490909091,7.037476221819445,549.5763379266623,DJI_0056
00:01:46.199,1061.333333,3184,33,1.71855E+12,100,320,2.8,0,5578,224,10000,0,62.394384,28.755827,6.434000000000009,28.755829579999986,62.39439274000019,2.7775763393065014,-6.545454545,7.110408253207851,549.6415166689834,DJI_0056
00:01:46.232,1061.666667,3185,34,1.71855E+12,100,320,2.8,0,5578,224,10000,0,62.394384,28.755827,6.374,28.755829444999982,62.39439252,2.6958826400731675,-6.352941176,6.901278490304652,549.7066954102808,DJI_0056
00:01:46.266,1062,3186,33,1.71855E+12,100,320,2.8,0,5578,224,10000,0,62.394384,28.755827,6.315500000000012,28.75582930999998,62.39439231000019,2.6609747220870514,-6.381818182,6.914361125756272,549.7700770539335,DJI_0056
00:01:46.299,1062.333333,3187,34,1.71855E+12,100,320,2.8,0,5578,224,10000,0,62.394383,28.755826,6.257000000000012,28.755829174999977,62.394392100000196,2.582710483641054,-6.194117647,6.710997457004014,549.8334587,DJI_0056
00:01:46.333,1062.666667,3188,33,1.71855E+12,100,320,2.8,0,5579,224,10000,0,62.394383,28.755826,6.198500000000012,28.755829039999977,62.394391890000186,2.6609747251274047,-6.381818182,6.914361126926522,549.8968403402465,DJI_0056
00:01:46.366,1063,3189,33,1.71855E+12,100,320,2.8,0,5579,224,10000,0,62.394383,28.755826,6.141500000000012,28.755828909999973,62.39439168000019,2.6530787689400013,-6.218181818,6.760518625,549.9588117609751,DJI_0056
00:01:46.399,1063.333333,3190,34,1.71855E+12,100,320,2.8,0,5580,224,10000,0,62.394382,28.755825,6.084000000000011,28.75582877999997,62.39439147,2.5750471763748233,-6.088235294,6.610406716465866,550.0212434,DJI_0056
00:01:46.433,1063.666667,3191,33,1.71855E+12,100,320,2.8,0,5580,224,10000,0,62.394382,28.755825,6.026500000000011,28.755828649999962,62.394391260000205,2.6530787717677056,-6.272727273,6.810722018055142,550.0836749984628,DJI_0056
00:01:46.466,1064,3192,33,1.71855E+12,100,320,2.8,0,5580,224,10000,0,62.394382,28.755825,5.97,28.75582851999996,62.39439105500021,2.594766988,-6.163636364,6.687542818303082,550.1449774742972,DJI_0056
00:01:46.499,1064.333333,3193,34,1.71855E+12,100,320,2.8,0,5580,224,10000,0,62.394381,28.755824,5.913000000000011,28.75582838499996,62.39439085000022,2.5262854410657254,-6.035294118,6.542697701731694,550.2067696,DJI_0056
00:01:46.533,1064.666667,3194,33,1.71855E+12,100,320,2.8,0,5581,224,10000,0,62.394381,28.755824,5.856000000000011,28.755828249999958,62.394390645000215,2.602839546857571,-6.218181818,6.740961269036634,550.2685617642242,DJI_0056
00:01:46.566,1065,3195,33,1.71855E+12,100,320,2.8,0,5581,224,10000,0,62.394381,28.755824,5.800000000000011,28.755828119999954,62.39439044000021,2.594767289,-6.109090909,6.637304348867778,550.3294037207554,DJI_0056
00:01:46.599,1065.333333,3196,34,1.71855E+12,100,320,2.8,0,5582,224,10000,0,62.39438,28.755823,5.743500000000012,28.755827989999958,62.39439023500021,2.5184502980478154,-5.982352941,6.490850376995267,550.3907061965382,DJI_0056
00:01:46.633,1065.666667,3197,33,1.71855E+12,100,320,2.8,0,5582,224,10000,0,62.39438,28.755823,5.687000000000012,28.755827859999954,62.39439003000021,2.5947671435720445,-6.163636364,6.6875428785542175,550.4520087,DJI_0056
00:01:46.666,1066,3198,34,1.71855E+12,100,320,2.8,0,5582,224,10000,0,62.39438,28.755823,5.631000000000011,28.755827734999958,62.39438983500022,2.3976749344709067,-5.929411765,6.395839973515893,550.5124138282304,DJI_0056
00:01:46.700,1066.333333,3199,33,1.71855E+12,100,320,2.8,0,5582,224,10000,0,62.394379,28.755822,5.574500000000012,28.755827609999955,62.39438964000022,2.470331920458161,-6.163636364,6.6402524816736825,550.5732828093123,DJI_0056
00:01:46.733,1066.666667,3200,33,1.71855E+12,100,320,2.8,0,5582,224,10000,0,62.394379,28.755822,5.518000000000012,28.755827484999955,62.394389445000215,2.470332069864035,-6.163636364,6.640252537256315,550.6341517909038,DJI_0056
00:01:46.766,1067,3201,34,1.71855E+12,100,320,2.8,0,5582,224,10000,0,62.394379,28.755822,5.462500000000011,28.75582735999996,62.39438925000022,2.3976749382667095,-5.876470588,6.346790660167408,550.6940937026943,DJI_0056
00:01:46.800,1067.333333,3202,33,1.71855E+12,100,320,2.8,0,5581,224,10000,0,62.394379,28.755821,5.406000000000011,28.755827234999956,62.39438905500022,2.470332072471254,-6.163636364,6.640252538226262,550.7549626842947,DJI_0056
00:01:46.833,1067.666667,3203,33,1.71855E+12,100,320,2.8,0,5581,224,10000,0,62.394379,28.755821,5.349500000000009,28.755827109999956,62.39438886000022,2.4703319154799517,-6.163636364,6.640252479822031,550.8158316653597,DJI_0056
00:01:46.866,1068,3204,34,1.71855E+12,100,320,2.8,0,5580,224,10000,0,62.394379,28.755821,5.2935,28.755826979999952,62.39438867000022,2.349349654795605,-5.929411765,6.377881127452886,550.8760672093413,DJI_0056
00:01:46.900,1068.333333,3205,33,1.71855E+12,100,320,2.8,0,5580,224,10000,0,62.394378,28.755822,5.236500000000009,28.755826844999948,62.39438848000022,2.429193975,-6.218181818,6.675834666275468,550.9372623604488,DJI_0056
00:01:46.933,1068.666667,3206,33,1.71855E+12,100,320,2.8,0,5578,224,10000,0,62.394378,28.755822,5.179500000000005,28.755826709999948,62.394388290000215,2.4291936716712708,-6.218181818,6.675834555953288,550.9984575,DJI_0056
00:01:46.966,1069,3207,34,1.71855E+12,100,320,2.8,0,5578,224,10000,0,62.394378,28.755822,5.123500000000008,28.755826579999948,62.394388100000214,2.3493499342609705,-5.929411765,6.377881230396288,551.0586930554988,DJI_0056
00:01:47.000,1069.333333,3208,33,1.71855E+12,100,320,2.8,0,5577,224,10000,0,62.394378,28.755822,5.066500000000008,28.755826444999947,62.39438791000021,2.429193832627569,-6.218181818,6.675834614521399,551.1198882061319,DJI_0056
00:01:47.033,1069.666667,3209,34,1.71855E+12,100,320,2.8,0,5577,224,10000,0,62.394378,28.755822,5.009500000000008,28.755826309999946,62.39438772000021,2.3577469457944353,-6.035294118,6.479486534,551.1810833567328,DJI_0056
00:01:47.067,1070,3210,33,1.71855E+12,100,320,2.8,0,5575,224,10000,0,62.394378,28.755822,4.953500000000009,28.755826174999953,62.394387530000216,2.429193813251874,-6.109090909,6.574342120537784,551.2413481595044,DJI_0056
00:01:47.100,1070.333333,3211,33,1.71855E+12,100,320,2.8,0,5575,224,10000,0,62.394377,28.755821,4.897000000000008,28.755826039999956,62.39438733500021,2.486940411974107,-6.163636364,6.646449114816972,551.3022739430569,DJI_0056
00:01:47.133,1070.666667,3212,34,1.71855E+12,100,250,2.8,0,5574,224,10000,0,62.394377,28.755821,4.8405000000000085,28.75582590499996,62.394387140000205,2.4137951072055266,-5.982352941,6.450965317870794,551.3631997266145,DJI_0056
00:01:47.167,1071,3213,33,1.71855E+12,100,250,2.8,0,5574,224,10000,0,62.394377,28.755821,4.785000000000007,28.75582576999996,62.39438694500021,2.4869404149948573,-6.054545455,6.545410093255687,551.4231993191361,DJI_0056
00:01:47.200,1071.333333,3214,33,1.71855E+12,100,250,2.8,0,5572,224,10000,0,62.394377,28.75582,4.7285000000000075,28.75582562999996,62.39438675,2.4956792101409953,-6.163636364,6.649723899762318,551.4841551215505,DJI_0056
00:01:47.233,1071.666667,3215,34,1.71855E+12,100,250,2.8,0,5572,224,10000,0,62.394377,28.75582,4.672000000000008,28.75582548999996,62.39438656,2.4222767506831033,-5.982352941,6.454143736368316,551.5451109235051,DJI_0056
00:01:47.267,1072,3216,33,1.71855E+12,100,250,2.8,0,5570,224,10000,0,62.394377,28.75582,4.616500000000007,28.755825349999963,62.39438637,2.438139461904459,-6.054545455,6.527024183872251,551.6049419785239,DJI_0056
00:01:47.300,1072.333333,3217,33,1.71855E+12,100,250,2.8,0,5570,224,10000,0,62.394377,28.75582,4.560500000000007,28.75582520499996,62.39438618,2.447375896302504,-6.109090909,6.581082016913308,551.6652686,DJI_0056
00:01:47.333,1072.666667,3218,34,1.71855E+12,100,250,2.8,0,5569,224,10000,0,62.394377,28.75582,4.504500000000006,28.75582505999996,62.39438598500019,2.3753944069256816,-5.929411765,6.387520838626478,551.7255951493771,DJI_0056
00:01:47.367,1073,3219,33,1.71855E+12,100,250,2.8,0,5569,224,10000,0,62.394377,28.75582,4.449500000000006,28.75582491999996,62.39438579500019,2.4381394783140227,-6,6.476459226746831,551.7849627,DJI_0056
00:01:47.400,1073.333333,3220,34,1.71855E+12,100,250,2.8,0,5568,224,10000,0,62.394376,28.75582,4.394500000000005,28.75582477499996,62.39438560500019,2.375394245733592,-5.823529412,6.289355502144364,551.8443621609204,DJI_0056
00:01:47.434,1073.666667,3221,33,1.71855E+12,100,250,2.8,0,5568,224,10000,0,62.394376,28.75582,4.339500000000005,28.75582462999996,62.39438541500019,2.4473759151376413,-6,6.479942042178819,551.9037616296404,DJI_0056
00:01:47.467,1074,3222,33,1.71855E+12,100,250,2.8,0,5567,224,10000,0,62.394376,28.75582,4.285500000000005,28.755824484999962,62.39438523000019,2.390216018,-5.890909091,6.357353421843164,551.9620373693406,DJI_0056
00:01:47.500,1074.333333,3223,34,1.71855E+12,100,250,2.8,0,5567,224,10000,0,62.394377,28.75582,4.230500000000004,28.75582433999996,62.39438504500018,2.3199155485847465,-5.823529412,6.268612523,552.0212409320568,DJI_0056
00:01:47.534,1074.666667,3224,33,1.71855E+12,100,250,2.8,0,5565,224,10000,0,62.394377,28.75582,4.175500000000004,28.755824194999967,62.39438486000018,2.3902160092541678,-6,6.458570474253149,552.0804444947374,DJI_0056
00:01:47.567,1075,3225,33,1.71855E+12,100,250,2.8,0,5565,224,10000,0,62.394377,28.75582,4.122000000000003,28.755824049999973,62.39438468000017,2.333235834209795,-5.836363636,6.2854697480704775,552.1380613007614,DJI_0056
00:01:47.600,1075.333333,3226,34,1.71855E+12,100,250,2.8,0,5564,224,10000,0,62.394376,28.75582,4.068000000000003,28.755823899999978,62.39438450000017,2.274305541428898,-5.717647059,6.153369287231823,552.1961764551407,DJI_0056
00:01:47.634,1075.666667,3227,33,1.71855E+12,100,250,2.8,0,5564,224,10000,0,62.394376,28.75582,4.014000000000004,28.75582374999998,62.39438432000017,2.3432238929959612,-5.890909091,6.339835023883645,552.2542916095264,DJI_0056
00:01:47.667,1076,3228,33,1.71855E+12,100,250,2.8,0,5564,224,10000,0,62.394376,28.75582,3.9610000000000047,28.75582359999998,62.39438414000016,2.3432238948227546,-5.781818182,6.238599178411002,552.3114787686618,DJI_0056
00:01:47.700,1076.333333,3229,34,1.71855E+12,100,250,2.8,0,5564,224,10000,0,62.394377,28.75582,3.907500000000005,28.755823444999983,62.39438396000017,2.2842849161272234,-5.664705882,6.107933391222432,552.3691648062455,DJI_0056
00:01:47.734,1076.666667,3230,33,1.71855E+12,100,250,2.8,0,5563,224,10000,0,62.394377,28.75582,3.854000000000005,28.755823289999984,62.39438378000016,2.3535058165994194,-5.836363636,6.293022336257452,552.4268508443279,DJI_0056
00:01:47.767,1077,3231,34,1.71855E+12,100,250,2.8,0,5563,224,10000,0,62.394377,28.75582,3.8015000000000048,28.755823134999982,62.39438361000017,2.1752492913956236,-5.558823529,5.969273700447927,552.4832273181654,DJI_0056
00:01:47.801,1077.333333,3232,33,1.71855E+12,100,250,2.8,0,5561,224,10000,0,62.394377,28.75582,3.748000000000005,28.755822979999984,62.39438344000016,2.2411662092186426,-5.836363636,6.251877035995734,552.5405361909953,DJI_0056
00:01:47.834,1077.666667,3233,33,1.71855E+12,100,250,2.8,0,5561,224,10000,0,62.394377,28.75582,3.694500000000005,28.75582282499998,62.39438327000016,2.241166096690111,-5.836363636,6.251876995656671,552.5978450634556,DJI_0056
00:01:47.867,1078,3234,34,1.71855E+12,100,250,2.8,0,5559,224,10000,0,62.394377,28.75582,3.6420000000000043,28.755822669999983,62.39438310000016,2.1752494351354357,-5.558823529,5.969273752827867,552.6542215377879,DJI_0056
00:01:47.901,1078.333333,3235,33,1.71855E+12,100,250,2.8,0,5559,224,10000,0,62.394377,28.75582,3.589000000000003,28.755822509999984,62.394382930000155,2.252265685907526,-5.781818182,6.205007832994364,552.7111008,DJI_0056
00:01:47.934,1078.666667,3236,33,1.71855E+12,100,250,2.8,0,5556,224,10000,0,62.394377,28.75582,3.536000000000002,28.75582234999999,62.394382760000155,2.2522655320242344,-5.781818182,6.205007777138504,552.7679800142141,DJI_0056
00:01:47.967,1079,3237,34,1.71855E+12,100,250,2.8,0,5556,224,10000,0,62.394377,28.75582,3.4845000000000015,28.755822194999993,62.39438260000016,2.067183633,-5.452941176,5.831622042537001,552.8230564446159,DJI_0056
00:01:48.001,1079.333333,3238,33,1.71855E+12,100,250,2.8,0,5554,224,10000,0,62.394377,28.75582,3.4325000000000006,28.755822039999995,62.39438244000014,2.1298255486233524,-5.672727273,6.059372209916941,552.8786006898735,DJI_0056
00:01:48.034,1079.666667,3239,34,1.71855E+12,100,250,2.8,0,5554,224,10000,0,62.394377,28.75582,3.3805000000000005,28.75582189,62.39438228000014,2.0671836368025303,-5.505882353,5.881155386,552.9341449351843,DJI_0056
00:01:48.068,1080,3240,33,1.71855E+12,100,250,2.8,0,5553,224,10000,0,62.394377,28.75582,3.3295,28.75582173,62.394382125000135,2.074580262250768,-5.563636364,5.937839072532874,552.9885751266826,DJI_0056
00:01:48.101,1080.333333,3241,33,1.71855E+12,100,250,2.8,0,5553,224,10000,0,62.394377,28.75582,3.277999999999999,28.755821575000006,62.39438197000014,2.0745801390185825,-5.618181818,5.988977349711724,553.0434740857216,DJI_0056
00:01:48.134,1080.666667,3242,34,1.71855E+12,100,250,2.8,0,5551,224,10000,0,62.394377,28.75582,3.226499999999999,28.755821420000007,62.39438181500013,2.013563199396779,-5.452941176,5.812830999780899,553.0983730451641,DJI_0056
00:01:48.168,1081,3243,33,1.71855E+12,100,250,2.8,0,5551,224,10000,0,62.394377,28.75582,3.1764999999999985,28.75582127000001,62.39438166500014,2.0076582210854457,-5.454545455,5.812293665,553.1516524037601,DJI_0056
00:01:48.201,1081.333333,3244,33,1.71855E+12,100,250,2.8,0,5550,224,10000,0,62.394377,28.75582,3.1259999999999986,28.755821115000014,62.394381515000134,2.0196491960507297,-5.509090909,5.8676286112650695,553.2054389993633,DJI_0056
00:01:48.234,1081.666667,3245,34,1.71855E+12,100,240,2.8,0,5550,224,10000,0,62.394377,28.75582,3.075499999999999,28.755820960000015,62.394381365000136,1.9602479011916738,-5.347058824,5.695051351516471,553.2592256,DJI_0056
00:01:48.268,1082,3246,33,1.71855E+12,100,240,2.8,0,5550,224,10000,0,62.394377,28.75582,3.0264999999999986,28.755820805000017,62.394381220000135,1.9650590004598583,-5.345454545,5.695203347801499,553.3114316261491,DJI_0056
00:01:48.301,1082.333333,3247,33,1.71855E+12,100,240,2.8,0,5550,224,10000,0,62.394377,28.755819,2.9769999999999994,28.755820650000018,62.39438107500014,1.9650588638893633,-5.4,5.746429877632653,553.3641072333608,DJI_0056
00:01:48.334,1082.666667,3248,34,1.71855E+12,100,240,2.8,0,5550,224,10000,0,62.394377,28.755819,2.9274999999999993,28.75582049500002,62.39438093000013,1.907263270093305,-5.241176471,5.577417321421705,553.4167828413964,DJI_0056
00:01:48.368,1083,3249,33,1.71855E+12,100,240,2.8,0,5550,224,10000,0,62.394377,28.755819,2.879499999999999,28.75582034500002,62.394380795000146,1.843972391527622,-5.236363636,5.551552783946853,553.4676720752493,DJI_0056
00:01:48.401,1083.333333,3250,34,1.71855E+12,100,240,2.8,0,5550,224,10000,0,62.394377,28.755819,2.831499999999999,28.755820195000023,62.39438065500015,1.8423322254508117,-5.082352941,5.405968872,553.5187284479316,DJI_0056
00:01:48.435,1083.666667,3251,33,1.71855E+12,100,240,2.8,0,5550,224,10000,0,62.394377,28.755819,2.783499999999998,28.75582004500002,62.39438051500016,1.8981603539976346,-5.236363636,5.56978607,553.5697848202368,DJI_0056
00:01:48.468,1084,3252,33,1.71855E+12,100,240,2.8,0,5551,224,10000,0,62.394377,28.755819,2.7369999999999983,28.755819900000024,62.39438038500016,1.7771103765026717,-5.072727273,5.375005420810666,553.6190557032609,DJI_0056
00:01:48.501,1084.333333,3253,34,1.71855E+12,100,240,2.8,0,5551,224,10000,0,62.394377,28.755819,2.6904999999999966,28.75581975500002,62.39438026000016,1.6727069326617008,-4.923529412,5.199912533022884,553.668166,DJI_0056
00:01:48.535,1084.666667,3254,33,1.71855E+12,100,240,2.8,0,5552,224,10000,0,62.394377,28.755819,2.6439999999999957,28.75581961000002,62.39438013500016,1.7233950061941388,-5.072727273,5.357485635150778,553.7172762732838,DJI_0056
00:01:48.568,1085,3255,33,1.71855E+12,100,240,2.8,0,5552,224,10000,0,62.394377,28.755819,2.5989999999999958,28.755819470000024,62.39438001500016,1.6565954089353772,-4.909090909,5.181069571297485,553.7647694110207,DJI_0056
00:01:48.601,1085.333333,3256,34,1.71855E+12,100,240,2.8,0,5555,224,10000,0,62.394377,28.755819,2.553999999999996,28.75581932500002,62.39437989500016,1.6210372809294376,-4.764705882,5.032910093722294,553.8123024507947,DJI_0056
00:01:48.635,1085.666667,3257,33,1.71855E+12,100,200,2.8,0,5555,224,10000,0,62.394377,28.755819,2.5089999999999963,28.75581918000002,62.39437977500016,1.6701596068843287,-4.909090909,5.185422515686303,553.8598354905218,DJI_0056
00:01:48.668,1086,3258,33,1.71855E+12,100,200,2.8,0,5559,224,10000,0,62.394377,28.755819,2.4654999999999947,28.755819035000016,62.39437966500016,1.565324234309034,-4.745454545,4.996956954136395,553.9056409292681,DJI_0056
00:01:48.701,1086.333333,3259,34,1.71855E+12,100,200,2.8,0,5559,224,10000,0,62.394378,28.755819,2.4214999999999964,28.75581889000002,62.39437955500016,1.5192851235664249,-4.658823529,4.900292232600952,553.9519214670204,DJI_0056
00:01:48.735,1086.666667,3260,33,1.71855E+12,100,200,2.8,0,5563,224,10000,0,62.394378,28.755819,2.3774999999999973,28.755818745000013,62.39437944500016,1.5653242374322542,-4.8,5.048785989551545,553.9982020052579,DJI_0056
00:01:48.768,1087,3261,34,1.71855E+12,100,200,2.8,0,5563,224,10000,0,62.394378,28.755819,2.3349999999999977,28.755818605000016,62.39437934000016,1.454775091057715,-4.5,4.729309734576659,554.0428677083066,DJI_0056
00:01:48.802,1087.333333,3262,33,1.71855E+12,100,200,2.8,0,5568,224,10000,0,62.394378,28.755819,2.2924999999999978,28.755818460000018,62.39437923500015,1.5138374729288813,-4.636363636,4.877250420374037,554.0875758371601,DJI_0056
00:01:48.835,1087.666667,3263,33,1.71855E+12,100,200,2.8,0,5568,224,10000,0,62.394378,28.755819,2.2499999999999982,28.755818315000024,62.394379130000154,1.513837363629656,-4.636363636,4.877250386448882,554.1322839657025,DJI_0056
00:01:48.868,1088,3264,34,1.71855E+12,100,200,2.8,0,5574,224,10000,0,62.394378,28.755819,2.208999999999998,28.755818170000026,62.39437903500015,1.3715044573591013,-4.341176471,4.5526736787678015,554.1752814393353,DJI_0056
00:01:48.902,1088.333333,3265,33,1.71855E+12,100,200,2.8,0,5574,224,10000,0,62.394378,28.755818,2.167999999999998,28.75581802500002,62.39437894000015,1.413065115187584,-4.472727273,4.690633462119841,554.2182789127381,DJI_0056
00:01:48.935,1088.666667,3266,33,1.71855E+12,100,200,2.8,0,5581,224,10000,0,62.394378,28.755818,2.126999999999998,28.755817880000023,62.39437884500015,1.4130650960116664,-4.472727273,4.690633456343048,554.2612764,DJI_0056
00:01:48.968,1089,3267,34,1.71855E+12,100,200,2.8,0,5581,224,10000,0,62.394378,28.755818,2.087499999999998,28.75581774000002,62.39437876000015,1.2603350353109941,-4.182352941,4.3681255162597745,554.3025309048527,DJI_0056
00:01:49.002,1089.333333,3268,33,1.71855E+12,100,200,2.8,0,5588,224,10000,0,62.394378,28.755818,2.0479999999999983,28.75581760500002,62.39437867000015,1.331041763703255,-4.309090909,4.509981889047013,554.3438724055023,DJI_0056
00:01:49.035,1089.666667,3269,33,1.71855E+12,100,200,2.8,0,5588,224,10000,0,62.394378,28.755818,2.0084999999999984,28.755817470000014,62.39437858000015,1.331041658573528,-4.309090909,4.5099818580198265,554.3852139058675,DJI_0056
00:01:49.068,1090,3270,34,1.71855E+12,100,200,2.8,0,5595,224,10000,0,62.394378,28.755818,1.9699999999999986,28.755817345000015,62.39437850000015,1.1641522336576429,-4.076470588,4.239441340539726,554.4252530740838,DJI_0056
00:01:49.102,1090.333333,3271,33,1.71855E+12,100,200,2.8,0,5595,224,10000,0,62.394378,28.755818,1.9314999999999987,28.75581721500001,62.39437842500015,1.1682090916213288,-4.2,4.359439469,554.4652146025473,DJI_0056
00:01:49.135,1090.666667,3272,34,1.71855E+12,100,200,2.8,0,5601,224,10000,0,62.394378,28.755818,1.8929999999999987,28.75581708500001,62.39437835000015,1.1338499800477617,-4.076470588,4.231220655319419,554.5051761309587,DJI_0056
00:01:49.169,1091,3273,33,1.71855E+12,100,200,2.8,0,5601,224,10000,0,62.394378,28.755818,1.8559999999999988,28.755816960000015,62.394378280000154,1.1033666670257702,-4.036363636,4.184453298444393,554.5435336195278,DJI_0056
00:01:49.202,1091.333333,3274,33,1.71855E+12,100,200,2.8,0,5605,224,10000,0,62.394378,28.755818,1.8189999999999986,28.75581683500002,62.39437821000015,1.1033667137142358,-4.036363636,4.184453310755344,554.5818911082097,DJI_0056
00:01:49.235,1091.666667,3275,34,1.71855E+12,100,200,2.8,0,5605,224,10000,0,62.394378,28.755818,1.7819999999999987,28.755816710000023,62.39437814000016,1.0709145927344907,-3.917647059,4.061381112680792,554.6202485964961,DJI_0056
00:01:49.269,1092,3276,33,1.71855E+12,100,200,2.8,0,5611,224,10000,0,62.394378,28.755818,1.7464999999999986,28.755816590000027,62.39437808000015,0.9934329176700257,-3.872727273,3.9981152423155684,554.6568979862174,DJI_0056
00:01:49.302,1092.333333,3277,33,1.71855E+12,100,200,2.8,0,5611,224,10000,0,62.394378,28.755818,1.7104999999999988,28.755816470000028,62.39437802000016,0.993432554,-3.927272727,4.050972638063055,554.6940319020663,DJI_0056
00:01:49.335,1092.666667,3278,34,1.71855E+12,100,200,2.8,0,5616,224,10000,0,62.394378,28.755818,1.6744999999999985,28.75581635000002,62.394377960000156,0.9642142178608538,-3.811764706,3.93182645,554.7311658185362,DJI_0056
00:01:49.369,1093,3279,33,1.71855E+12,100,200,2.8,0,5616,224,10000,0,62.394378,28.755818,1.6394999999999982,28.755816235000026,62.394377910000145,0.8873994259503114,-3.818181818,3.9199477213186733,554.7670986726482,DJI_0056
00:01:49.402,1093.333333,3280,33,1.71855E+12,100,200,2.8,0,5622,224,10000,0,62.394379,28.755818,1.6044999999999983,28.755816120000024,62.39437786000015,0.8873993471279461,-3.818181818,3.919947703474787,554.8030315265968,DJI_0056
00:01:49.435,1093.666667,3281,34,1.71855E+12,100,200,2.8,0,5622,224,10000,0,62.394379,28.755818,1.5694999999999981,28.75581600500002,62.39437781000015,0.861299264,-3.705882353,3.8046551009061464,554.8389643803275,DJI_0056
00:01:49.469,1094,3282,33,1.71855E+12,100,200,2.8,0,5627,224,10000,0,62.394379,28.755818,1.535499999999998,28.75581589500002,62.39437776500015,0.8257131669207749,-3.709090909,3.7998891570580295,554.8737966976006,DJI_0056
00:01:49.502,1094.333333,3283,34,1.71855E+12,100,200,2.8,0,5627,224,10000,0,62.394378,28.755818,1.5009999999999983,28.755815785000017,62.39437772000016,0.8014272616853997,-3.652941176,3.739821505704075,554.9091172340434,DJI_0056
00:01:49.536,1094.666667,3284,33,1.71855E+12,100,180,2.8,0,5632,224,10000,0,62.394378,28.755818,1.4664999999999981,28.75581567500002,62.39437767500015,0.8257131414800654,-3.763636364,3.8531494740924583,554.9444377708892,DJI_0056
00:01:49.569,1095,3285,33,1.71855E+12,100,180,2.8,0,5632,224,10000,0,62.394378,28.755818,1.4334999999999982,28.755815570000017,62.39437764000016,0.7278599171997184,-3.6,3.672843593057826,554.9781055038255,DJI_0056
00:01:49.602,1095.333333,3286,34,1.71855E+12,100,180,2.8,0,5637,224,10000,0,62.394378,28.755818,1.4004999999999987,28.75581546500002,62.39437760500015,0.70645242,-3.494117647,3.564818810722442,555.0117732370379,DJI_0056
00:01:49.636,1095.666667,3287,33,1.71855E+12,100,180,2.8,0,5637,224,10000,0,62.394378,28.755818,1.3674999999999988,28.75581536000002,62.39437757000015,0.7278600987602591,-3.6,3.6728436290383004,555.0454409703041,DJI_0056
00:01:49.669,1096,3288,33,1.71855E+12,100,180,2.8,0,5642,224,10000,0,62.394378,28.755818,1.335499999999999,28.755815260000023,62.39437754000016,0.6703673993209461,-3.490909091,3.554692494585702,555.0780256515044,DJI_0056
00:01:49.702,1096.333333,3289,34,1.71855E+12,100,180,2.8,0,5642,224,10000,0,62.394378,28.755818,1.3029999999999993,28.755815160000026,62.39437751000016,0.6506508745527293,-3.441176471,3.5021482067848235,555.1111014956796,DJI_0056
00:01:49.736,1096.666667,3290,33,1.71855E+12,100,180,2.8,0,5642,224,10000,0,62.394378,28.755818,1.2704999999999997,28.755815060000028,62.39437748000016,0.6703674842304499,-3.545454545,3.6082738945093116,555.1441773397125,DJI_0056
00:01:49.769,1097,3291,33,1.71855E+12,100,180,2.8,0,5646,224,10000,0,62.394378,28.755818,1.2394999999999994,28.75581496500003,62.39437745500016,0.614786191,-3.381818182,3.4372454487522623,555.1756854229927,DJI_0056
00:01:49.802,1097.333333,3292,34,1.71855E+12,100,180,2.8,0,5646,224,10000,0,62.394378,28.755817,1.208499999999999,28.75581487000003,62.39437742500016,0.6279021253738492,-3.282352941,3.341871019279331,555.2072475381748,DJI_0056
00:01:49.836,1097.666667,3293,33,1.71855E+12,100,180,2.8,0,5650,224,10000,0,62.394378,28.755817,1.1774999999999993,28.75581477500003,62.394377395000156,0.6469295221088813,-3.381818182,3.4431398492439764,555.2388096534595,DJI_0056
00:01:49.869,1098,3294,34,1.71855E+12,100,180,2.8,0,5650,224,10000,0,62.394378,28.755817,1.1474999999999995,28.75581468500003,62.39437737000015,0.5731162397362466,-3.176470588,3.227758916364907,555.2692940432252,DJI_0056
00:01:49.903,1098.333333,3295,33,1.71855E+12,100,180,2.8,0,5652,224,10000,0,62.394378,28.755817,1.1174999999999997,28.75581459000003,62.39437734500015,0.614786192,-3.272727273,3.329970850299314,555.2998187760196,DJI_0056
00:01:49.936,1098.666667,3296,33,1.71855E+12,100,180,2.8,0,5652,224,10000,0,62.394378,28.755817,1.0874999999999992,28.755814495000028,62.39437732000014,0.614786269,-3.272727273,3.3299708644568176,555.3303435089438,DJI_0056
00:01:49.969,1099,3297,34,1.71855E+12,100,180,2.8,0,5654,224,10000,0,62.394378,28.755817,1.0584999999999993,28.755814405000024,62.39437730000013,0.5451637105972732,-3.070588235,3.118607955815988,555.3597970285265,DJI_0056
00:01:50.003,1099.333333,3298,33,1.71855E+12,100,200,2.8,0,5654,224,10000,0,62.394378,28.755817,1.0289999999999992,28.755814315000023,62.394377280000135,0.5616836897308822,-3.218181818,3.2668306938355083,555.3897429765533,DJI_0056
00:01:50.036,1099.666667,3299,33,1.71855E+12,100,200,2.8,0,5656,224,10000,0,62.394378,28.755817,0.9994999999999998,28.755814225000023,62.39437726000013,0.5616837913730339,-3.218181818,3.2668307113113175,555.4196889247403,DJI_0056
00:01:50.069,1100,3300,34,1.71855E+12,100,200,2.8,0,5656,224,10000,0,62.394378,28.755817,0.971,28.75581414000002,62.39437724500012,0.4967784108494263,-3.017647059,3.058264632289307,555.4485725351564,DJI_0056
00:01:50.103,1100.333333,3301,33,1.71855E+12,100,200,2.8,0,5659,224,10000,0,62.394378,28.755817,0.9425000000000019,28.75581405500002,62.39437723000012,0.5118322688589455,-3.109090909,3.1509393127187346,555.4774561,DJI_0056
00:01:50.136,1100.666667,3302,33,1.71855E+12,100,200,2.8,0,5659,224,10000,0,62.394378,28.755817,0.9140000000000025,28.755813970000016,62.39437721500011,0.5118323025348772,-3.109090909,3.1509393181890215,555.5063397559397,DJI_0056
00:01:50.169,1101,3303,34,1.71855E+12,100,200,2.8,0,5659,224,10000,0,62.394378,28.755817,0.8860000000000019,28.755813890000013,62.39437720000011,0.471357703,-2.964705882,3.001942546531641,555.5346914355458,DJI_0056
00:01:50.203,1101.333333,3304,33,1.71855E+12,100,200,2.8,0,5662,224,10000,0,62.394378,28.755816,0.8580000000000019,28.755813810000014,62.39437718500011,0.4856411784411336,-3.054545455,3.092910488210418,555.5630431150211,DJI_0056
00:01:50.236,1101.666667,3305,34,1.71855E+12,100,200,2.8,0,5662,224,10000,0,62.394378,28.755816,0.8300000000000017,28.75581373000001,62.394377170000105,0.47135770302470076,-2.964705882,3.0019425465952776,555.5913947946278,DJI_0056
00:01:50.270,1102,3306,33,1.71855E+12,100,200,2.8,0,5665,224,10000,0,62.394378,28.755816,0.8025000000000014,28.755813645000007,62.394377160000104,0.49349557671528255,-3,3.0403187142531203,555.6192643828418,DJI_0056
00:01:50.303,1102.333333,3307,33,1.71855E+12,100,200,2.8,0,5665,224,10000,0,62.394378,28.755815,0.7745000000000013,28.75581355500001,62.39437715,0.5208127919426897,-3.054545455,3.0986277443629024,555.6476684704985,DJI_0056
00:01:50.336,1102.666667,3308,34,1.71855E+12,100,200,2.8,0,5669,224,10000,0,62.394378,28.755815,0.7465000000000014,28.75581346500001,62.394377140000095,0.5054948375603397,-2.964705882,3.007491645816865,555.6760725582645,DJI_0056
00:01:50.370,1103,3309,33,1.71855E+12,100,200,2.8,0,5669,224,10000,0,62.394378,28.755815,0.7190000000000015,28.755813375000013,62.394377130000095,0.5208128282961865,-3,3.0448720830468035,555.7039838856924,DJI_0056
00:01:50.403,1103.333333,3310,33,1.71855E+12,100,200,2.8,0,5674,224,10000,0,62.394377,28.755815,0.6915000000000014,28.755813285000013,62.39437712000009,0.5208128272449859,-3,3.044872082867024,555.7318952131187,DJI_0056
00:01:50.436,1103.666667,3311,34,1.71855E+12,100,200,2.8,0,5674,224,10000,0,62.394377,28.755815,0.6640000000000014,28.755813195000016,62.394377110000086,0.5054948042536264,-2.911764706,2.955317021835324,555.7598065405472,DJI_0056
00:01:50.470,1104,3312,33,1.71855E+12,100,200,2.8,0,5678,224,10000,0,62.394377,28.755815,0.6370000000000013,28.755813110000016,62.394377105000075,0.482158884,-2.945454545,2.984657378857865,555.7871658998533,DJI_0056
00:01:50.503,1104.333333,3313,33,1.71855E+12,100,200,2.8,0,5678,224,10000,0,62.394377,28.755814,0.6100000000000011,28.75581302500002,62.39437710000007,0.4821588295388589,-2.945454545,2.984657369990948,555.8145252590782,DJI_0056
00:01:50.536,1104.666667,3314,34,1.71855E+12,100,200,2.8,0,5683,224,10000,0,62.394377,28.755814,0.5830000000000011,28.755812940000027,62.394377095000074,0.4679777064546163,-2.858823529,2.896873332760146,555.8418846183321,DJI_0056
00:01:50.570,1105,3315,33,1.71855E+12,100,200,2.8,0,5683,224,10000,0,62.394377,28.755814,0.5560000000000008,28.755812860000027,62.39437709000006,0.45426023430133655,-2.945454545,2.980277644751661,555.8692038300757,DJI_0056
00:01:50.603,1105.333333,3316,34,1.71855E+12,100,200,2.8,0,5689,224,10000,0,62.394377,28.755813,0.5285000000000007,28.75581278000003,62.394377080000055,0.4525616291458899,-2.911764706,2.946724576643935,555.8970340066329,DJI_0056
00:01:50.637,1105.666667,3317,33,1.71855E+12,100,200,2.8,0,5689,224,10000,0,62.394377,28.755813,0.5010000000000009,28.75581270000004,62.39437707000005,0.46627566396914355,-3,3.036019267858782,555.9248642,DJI_0056
00:01:50.670,1106,3318,33,1.71855E+12,100,200,2.8,0,5694,224,10000,0,62.394377,28.755813,0.4735000000000009,28.755812620000043,62.39437706000004,0.4662756181980321,-3,3.036019260829209,555.9526943598125,DJI_0056
00:01:50.703,1106.333333,3319,34,1.71855E+12,100,200,2.8,0,5694,224,10000,0,62.394377,28.755812,0.44600000000000084,28.755812540000043,62.39437705000004,0.45256170216713704,-2.911764706,2.9467245878586295,555.9805245364756,DJI_0056
00:01:50.737,1106.666667,3320,33,1.71855E+12,100,200,2.8,0,5700,224,10000,0,62.394377,28.755812,0.4185000000000008,28.755812460000048,62.394377040000045,0.4662756184881774,-3,3.036019260873776,556.0083547130337,DJI_0056
00:01:50.770,1107,3321,33,1.71855E+12,100,200,2.8,0,5700,224,10000,0,62.394377,28.755812,0.39100000000000085,28.755812380000048,62.39437703500004,0.4542601789943791,-3,3.0341971442574374,556.0361682,DJI_0056
00:01:50.803,1107.333333,3322,34,1.71855E+12,100,200,2.8,0,5705,224,10000,0,62.394377,28.755812,0.36300000000000104,28.755812295000045,62.39437703000003,0.4679777763866701,-2.964705882,3.0014136949194157,556.0645148717524,DJI_0056
00:01:50.837,1107.666667,3323,33,1.71855E+12,100,200,2.8,0,5705,224,10000,0,62.394377,28.755812,0.3350000000000011,28.755812210000045,62.39437702500003,0.4821588856939758,-3.054545455,3.09236562,556.0928615565982,DJI_0056
00:01:50.870,1108,3324,34,1.71855E+12,100,200,2.8,0,5710,224,10000,0,62.394377,28.755812,0.30700000000000105,28.75581212500005,62.394377015000025,0.47898089885727146,-2.964705882,3.003148959,556.1212246301005,DJI_0056
00:01:50.904,1108.333333,3325,33,1.71855E+12,100,200,2.8,0,5710,224,10000,0,62.394377,28.755811,0.27900000000000125,28.755812040000045,62.39437700000001,0.5118323607278595,-3.054545455,3.097130978724087,556.1496149974055,DJI_0056
00:01:50.937,1108.666667,3326,33,1.71855E+12,100,200,2.8,0,5716,224,10000,0,62.394377,28.755811,0.2510000000000014,28.75581195500005,62.39437698500001,0.5118322390621226,-3.054545455,3.097130958617596,556.1780053645261,DJI_0056
00:01:50.970,1109,3327,34,1.71855E+12,100,200,2.8,0,5716,224,10000,0,62.394377,28.755811,0.22300000000000153,28.75581187000005,62.39437697500001,0.47898097003336754,-2.964705882,3.003148970416244,556.2063684381357,DJI_0056
00:01:51.004,1109.333333,3328,33,1.71855E+12,100,200,2.8,0,5716,224,10000,0,62.394377,28.75581,0.19500000000000153,28.755811785000045,62.39437696499999,0.4934955797327161,-3.054545455,3.0941534902296017,556.2347315117961,DJI_0056
00:01:51.037,1109.666667,3329,33,1.71855E+12,100,200,2.8,0,5723,224,10000,0,62.394377,28.75581,0.16700000000000137,28.755811700000045,62.39437695499999,0.49349554519234395,-3.054545455,3.0941534847206746,556.2630945854061,DJI_0056
00:01:51.070,1110,3330,34,1.71855E+12,100,200,2.8,0,5723,224,10000,0,62.394377,28.75581,0.1390000000000011,28.75581161500004,62.39437693999999,0.49677841526608135,-2.964705882,3.0060388824385793,556.291485,DJI_0056
00:01:51.104,1110.333333,3331,33,1.71855E+12,100,200,2.8,0,5731,224,10000,0,62.394377,28.75581,0.11050000000000093,28.75581153000004,62.39437691999997,0.5364518014395145,-3.109090909,3.1550319833972438,556.3204060791435,DJI_0056
00:01:51.137,1110.666667,3332,33,1.71855E+12,100,200,2.8,0,5731,224,10000,0,62.394377,28.75581,0.082,28.75581144500004,62.39437689999996,0.5364517317751502,-3.109090909,3.1550319715521775,556.3493272055493,DJI_0056
00:01:51.170,1111,3333,34,1.71855E+12,100,200,2.8,0,5739,224,10000,0,62.394377,28.75581,0.0535,28.75581136000004,62.39437687999995,0.520673839,-3.017647059,3.062236930423241,556.3782483321145,DJI_0056
00:01:51.204,1111.333333,3334,33,1.71855E+12,100,200,2.8,0,5739,224,10000,0,62.394377,28.755809,0.025000000000000445,28.755811275000042,62.394376859999944,0.5364517703767019,-3.109090909,3.155031978115607,556.4071694585806,DJI_0056
00:01:51.237,1111.666667,3335,34,1.71855E+12,100,200,2.8,0,5747,224,10000,0,62.394377,28.755809,-0.0035,28.755811190000042,62.39437683999993,0.520673808,-3.017647059,3.0622369252499744,556.4360905850968,DJI_0056
00:01:51.271,1112,3336,33,1.71855E+12,100,200,2.8,0,5747,224,10000,0,62.394377,28.755809,-0.032,28.755811105000042,62.39437681999993,0.5364516948818355,-3.109090909,3.1550319652791714,556.4650117114452,DJI_0056
00:01:51.304,1112.333333,3337,33,1.71855E+12,100,200,2.8,0,5755,224,10000,0,62.394377,28.755809,-0.0605,28.755811020000042,62.39437679999992,0.536451803,-3.109090909,3.1550319836876626,556.4939328379623,DJI_0056
00:01:51.337,1112.666667,3338,34,1.71855E+12,100,200,2.8,0,5755,224,10000,0,62.394377,28.755809,-0.089,28.755810935000042,62.394376779999924,0.5206736734303649,-3.017647059,3.062236902303554,556.5228539642619,DJI_0056
00:01:51.371,1113,3339,33,1.71855E+12,100,200,2.8,0,5763,224,10000,0,62.394377,28.755809,-0.117,28.755810850000042,62.394376759999915,0.5364518037171042,-3.054545455,3.101294644434131,556.5512824985026,DJI_0056
00:01:51.404,1113.333333,3340,33,1.71855E+12,100,200,2.8,0,5763,224,10000,0,62.394377,28.755809,-0.145,28.755810765000042,62.394376734999916,0.566535443,-3.054545455,3.106639718809841,556.5797600292583,DJI_0056
00:01:51.437,1113.666667,3341,34,1.71855E+12,100,200,2.8,0,5771,224,10000,0,62.394377,28.755809,-0.173,28.75581068000004,62.394376709999904,0.5498727462374496,-2.964705882,3.015267982437507,556.6082375602035,DJI_0056
00:01:51.471,1114,3342,33,1.71855E+12,100,200,2.8,0,5771,224,10000,0,62.394377,28.755809,-0.2,28.75581059500004,62.394376684999905,0.5665354440510483,-2.945454545,2.999444096612725,556.6357324644225,DJI_0056
00:01:51.504,1114.333333,3343,33,1.71855E+12,100,200,2.8,0,5779,224,10000,0,62.394377,28.755808,-0.2275,28.75581051000004,62.39437665999991,0.5665354443880243,-3,3.053025124323088,556.6637185280622,DJI_0056
00:01:51.537,1114.666667,3344,34,1.71855E+12,100,240,2.8,0,5779,224,10000,0,62.394377,28.755808,-0.255,28.75581042500004,62.39437663499991,0.549872638,-2.911764706,2.963230267786042,556.6917045917024,DJI_0056
00:01:51.571,1115,3345,33,1.71855E+12,100,240,2.8,0,5786,224,10000,0,62.394377,28.755808,-0.282,28.75581034000004,62.39437660999991,0.5665354450619763,-2.945454545,2.9994440968036775,556.7191994959231,DJI_0056
00:01:51.604,1115.333333,3346,34,1.71855E+12,100,240,2.8,0,5786,224,10000,0,62.394377,28.755808,-0.309,28.755810250000035,62.39437658499991,0.573116203,-2.858823529,2.915704744142103,556.7467367073956,DJI_0056
00:01:51.638,1115.666667,3347,33,1.71855E+12,100,240,2.8,0,5795,224,10000,0,62.394377,28.755808,-0.336,28.75581016000003,62.39437655999991,0.590483362,-2.945454545,3.0040594334297706,556.7742739188687,DJI_0056
00:01:51.671,1116,3348,33,1.71855E+12,100,240,2.8,0,5795,224,10000,0,62.394377,28.755808,-0.362,28.75581007500003,62.39437653499991,0.5665354460729043,-2.836363636,2.892390203506941,556.8007874957342,DJI_0056
00:01:51.704,1116.333333,3349,34,1.71855E+12,100,240,2.8,0,5803,224,10000,0,62.394376,28.755808,-0.388,28.75580999000003,62.39437650999991,0.5498726391625309,-2.752941176,2.807319903467852,556.8273010726003,DJI_0056
00:01:51.738,1116.666667,3350,33,1.71855E+12,100,240,2.8,0,5803,224,10000,0,62.394376,28.755808,-0.414,28.755809905000028,62.39437648499991,0.5665354769689442,-2.836363636,2.8923902095585916,556.8538146495213,DJI_0056
00:01:51.771,1117,3351,33,1.71855E+12,100,240,2.8,0,5812,224,10000,0,62.394376,28.755808,-0.439,28.755809820000028,62.39437645999991,0.5665353642905244,-2.727272727,2.7854943632894678,556.8793483478514,DJI_0056
00:01:51.804,1117.333333,3352,34,1.71855E+12,100,240,2.8,0,5812,224,10000,0,62.394377,28.755808,-0.464,28.755809740000032,62.39437643499991,0.5270191786951458,-2.647058824,2.699012713926612,556.904839,DJI_0056
00:01:51.838,1117.666667,3353,33,1.71855E+12,100,240,2.8,0,5820,224,10000,0,62.394377,28.755808,-0.489,28.755809660000033,62.394376409999914,0.5429894868266302,-2.727272727,2.780800983840803,556.9303296991682,DJI_0056
00:01:51.871,1118,3354,33,1.71855E+12,100,240,2.8,0,5820,224,10000,0,62.394377,28.755808,-0.5125,28.755809580000037,62.394376384999916,0.5429894277825418,-2.563636364,2.6205092870742326,556.9543510342996,DJI_0056
00:01:51.904,1118.333333,3355,34,1.71855E+12,100,240,2.8,0,5828,224,10000,0,62.394377,28.755807,-0.5365,28.755809500000034,62.394376359999924,0.5270192372117716,-2.541176471,2.5952508801776046,556.9788617370568,DJI_0056
00:01:51.938,1118.666667,3356,33,1.71855E+12,100,240,2.8,0,5828,224,10000,0,62.394377,28.755807,-0.5605,28.755809420000034,62.394376334999926,0.5429894877609553,-2.618181818,2.673894840280154,557.0033724397593,DJI_0056
00:01:51.971,1119,3357,34,1.71855E+12,100,240,2.8,0,5836,224,10000,0,62.394377,28.755807,-0.5835,28.75580934000003,62.39437630999993,0.5270192090114442,-2.435294118,2.491667450947944,557.0269048545739,DJI_0056
00:01:52.005,1119.333333,3358,33,1.71855E+12,100,240,2.8,0,5836,224,10000,0,62.394377,28.755807,-0.6065,28.75580926000003,62.394376279999925,0.579131567,-2.509090909,2.5750593317572124,557.0505096,DJI_0056
00:01:52.038,1119.666667,3359,33,1.71855E+12,100,240,2.8,0,5844,224,10000,0,62.394377,28.755807,-0.6295,28.755809180000032,62.39437624999992,0.5791314980639534,-2.509090909,2.575059316235736,557.0741142755138,DJI_0056
00:01:52.071,1120,3360,34,1.71855E+12,100,240,2.8,0,5844,224,10000,0,62.394377,28.755807,-0.6515,28.755809100000032,62.39437621499992,0.6009208992308055,-2.329411765,2.405673522463624,557.0968345254482,DJI_0056
00:01:52.105,1120.333333,3361,33,1.71855E+12,100,240,2.8,0,5851,224,10000,0,62.394377,28.755806,-0.6735,28.755809020000033,62.394376179999924,0.6191306498602884,-2.4,2.478572726711133,557.1195547754431,DJI_0056
00:01:52.138,1120.666667,3362,33,1.71855E+12,100,240,2.8,0,5851,224,10000,0,62.394377,28.755806,-0.6955,28.755808940000033,62.39437614499993,0.61913065,-2.4,2.478572726806688,557.1422750254388,DJI_0056
00:01:52.171,1121,3363,34,1.71855E+12,100,240,2.8,0,5860,224,10000,0,62.394377,28.755806,-0.7165,28.755808860000034,62.39437610999993,0.6009210032887546,-2.223529412,2.3032996108140527,557.1640284106521,DJI_0056
00:01:52.205,1121.333333,3364,33,1.71855E+12,100,240,2.8,0,5860,224,10000,0,62.394377,28.755806,-0.7375,28.75580878000003,62.394376069999936,0.662288452,-2.290909091,2.3847202049743252,557.1858883458644,DJI_0056
00:01:52.238,1121.666667,3365,33,1.71855E+12,100,240,2.8,0,5868,224,10000,0,62.394377,28.755806,-0.7585,28.75580870000003,62.39437602999994,0.662288452,-2.290909091,2.384720205087764,557.2077482810778,DJI_0056
00:01:52.271,1122,3366,34,1.71855E+12,100,240,2.8,0,5868,224,10000,0,62.394377,28.755806,-0.779,28.75580862500002,62.394375989999936,0.624567787,-2.170588235,2.2586584972832515,557.2290800557744,DJI_0056
00:01:52.305,1122.333333,3367,33,1.71855E+12,100,240,2.8,0,5876,224,10000,0,62.394376,28.755807,-0.8,28.755808555000023,62.39437594999994,0.6254010076981712,-2.290909091,2.3747401717324514,557.2508485073486,DJI_0056
00:01:52.338,1122.666667,3368,34,1.71855E+12,100,240,2.8,0,5876,224,10000,0,62.394376,28.755807,-0.821,28.75580848500002,62.394375909999944,0.607006883,-2.223529412,2.3048948784115204,557.272617,DJI_0056
00:01:52.372,1123,3369,33,1.71855E+12,100,240,2.8,0,5884,224,10000,0,62.394376,28.755807,-0.841,28.75580841500002,62.39437586999995,0.6254008658138015,-2.181818182,2.2696820970067724,557.2934223782006,DJI_0056
00:01:52.405,1123.333333,3370,33,1.71855E+12,100,240,2.8,0,5884,224,10000,0,62.394377,28.755806,-0.861,28.755808345000013,62.394375829999944,0.6254010537841713,-2.181818182,2.2696821488011834,557.3142278,DJI_0056
00:01:52.438,1123.666667,3371,34,1.71855E+12,100,240,2.8,0,5891,224,10000,0,62.394377,28.755806,-0.881,28.755808275000014,62.39437578999995,0.6070067233446305,-2.117647059,2.2029267413896427,557.3350332171221,DJI_0056
00:01:52.472,1124,3372,33,1.71855E+12,100,240,2.8,0,5891,224,10000,0,62.394377,28.755806,-0.901,28.755808205000015,62.39437574999995,0.6254008668075283,-2.181818182,2.269682097280589,557.3558386363472,DJI_0056
00:01:52.505,1124.333333,3373,33,1.71855E+12,100,240,2.8,0,5897,224,10000,0,62.394377,28.755806,-0.921,28.755808135000017,62.39437570499996,0.6736493400683927,-2.181818182,2.283447834281963,557.3767702414948,DJI_0056
00:01:52.538,1124.666667,3374,34,1.71855E+12,100,240,2.8,0,5897,224,10000,0,62.394377,28.755806,-0.941,28.755808065000014,62.39437565999995,0.6538361448355131,-2.117647059,2.216287609954396,557.3977018466999,DJI_0056
00:01:52.572,1125,3375,33,1.71855E+12,100,240,2.8,0,5903,224,10000,0,62.394377,28.755806,-0.9605,28.755807995000012,62.39437561499995,0.6736493198289796,-2.127272727,2.231388057309716,557.4181562372252,DJI_0056
00:01:52.605,1125.333333,3376,33,1.71855E+12,100,240,2.8,0,5903,224,10000,0,62.394377,28.755806,-0.98,28.755807925000013,62.39437556999996,0.6736492157745397,-2.127272727,2.2313880258959853,557.4386106274626,DJI_0056
00:01:52.638,1125.666667,3377,34,1.71855E+12,100,240,2.8,0,5907,224,10000,0,62.394377,28.755806,-0.9995,28.75580785500001,62.39437552499996,0.6538361458428604,-2.064705882,2.1657590092698484,557.4590650181057,DJI_0056
00:01:52.672,1126,3378,33,1.71855E+12,100,240,2.8,0,5907,224,10000,0,62.394377,28.755806,-1.0185,28.755807785000012,62.39437547999995,0.6736494461985943,-2.072727273,2.179449913044819,557.4790433089753,DJI_0056
00:01:52.705,1126.333333,3379,34,1.71855E+12,100,240,2.8,0,5912,224,10000,0,62.394377,28.755806,-1.0375,28.755807720000007,62.39437543499996,0.6382519188646635,-2.011764706,2.110583507887899,557.4989765976609,DJI_0056
00:01:52.739,1126.666667,3380,33,1.71855E+12,100,240,2.8,0,5912,224,10000,0,62.394377,28.755806,-1.0565,28.75580765500001,62.39437538999996,0.6575929948896929,-2.072727273,2.174540616782173,557.5189098866481,DJI_0056
00:01:52.772,1127,3381,33,1.71855E+12,100,240,2.8,0,5918,224,10000,0,62.394377,28.755806,-1.0755,28.755807590000003,62.39437533999996,0.7088577936910904,-2.072727273,2.1905884412148477,557.5389902806926,DJI_0056
00:01:52.805,1127.333333,3382,34,1.71855E+12,100,240,2.8,0,5918,224,10000,0,62.394377,28.755806,-1.0945,28.755807525000005,62.394375289999964,0.6880089995036515,-2.011764706,2.126159357910874,557.5590706746284,DJI_0056
00:01:52.839,1127.666667,3383,33,1.71855E+12,100,240,2.8,0,5924,224,10000,0,62.394377,28.755806,-1.1135,28.755807460000007,62.39437523999996,0.7088577573793503,-2.072727273,2.1905884294646216,557.5791510685651,DJI_0056
00:01:52.872,1128,3384,33,1.71855E+12,100,240,2.8,0,5924,224,10000,0,62.394377,28.755806,-1.132,28.7558074,62.39437519499997,0.657592888,-2.018181818,2.1226130728977366,557.5986083550666,DJI_0056
00:01:52.905,1128.333333,3385,34,1.71855E+12,100,240,2.8,0,5924,224,10000,0,62.394377,28.755806,-1.1505,28.755807329999996,62.394375144999955,0.6880091646937037,-1.958823529,2.0761373341086484,557.6182163187776,DJI_0056
00:01:52.939,1128.666667,3386,33,1.71855E+12,100,240,2.8,0,5929,224,10000,0,62.394377,28.755806,-1.169,28.755807264999998,62.39437509499996,0.7088577582927982,-2.018181818,2.139050531,557.6378242819753,DJI_0056
00:01:52.972,1129,3387,33,1.71855E+12,100,240,2.8,0,5929,224,10000,0,62.394377,28.755806,-1.1875,28.755807199999996,62.394375044999954,0.7088577586077804,-2.018181818,2.139050530767822,557.6574322,DJI_0056
00:01:53.005,1129.333333,3388,34,1.71855E+12,100,240,2.8,0,5936,224,10000,0,62.394377,28.755806,-1.206,28.755807134999994,62.39437499499995,0.6880091476832682,-1.958823529,2.0761373284715545,557.6770402088318,DJI_0056
00:01:53.039,1129.666667,3389,33,1.71855E+12,100,240,2.8,0,5936,224,10000,0,62.394377,28.755806,-1.2245,28.755807069999992,62.39437494499995,0.7088577777085965,-2.018181818,2.1390505370976216,557.6966481720885,DJI_0056
00:01:53.072,1130,3390,34,1.71855E+12,100,240,2.8,0,5942,224,10000,0,62.394377,28.755806,-1.2425,28.755807004999994,62.394374894999956,0.6880090019188227,-1.905882353,2.026263539121707,557.7157851055135,DJI_0056
00:01:53.106,1130.333333,3391,33,1.71855E+12,100,240,2.8,0,5942,224,10000,0,62.394376,28.755806,-1.2605,28.75580693999999,62.394374844999945,0.7088577783385607,-1.963636364,2.087665470928264,557.7349220389971,DJI_0056
00:01:53.139,1130.666667,3392,33,1.71855E+12,100,240,2.8,0,5949,224,10000,0,62.394376,28.755806,-1.2785,28.75580687499999,62.39437479499995,0.7088577601826909,-1.963636364,2.0876654647634934,557.7540589724241,DJI_0056
00:01:53.172,1131,3393,34,1.71855E+12,100,240,2.8,0,5949,224,10000,0,62.394376,28.755806,-1.296,28.755806814999985,62.39437474499995,0.6743233336117697,-1.852941176,1.9718273153888313,557.7726817859583,DJI_0056
00:01:53.206,1131.333333,3394,33,1.71855E+12,100,240,2.8,0,5954,224,10000,0,62.394376,28.755805,-1.3135,28.75580675499998,62.394374694999954,0.6947573742980818,-1.909090909,2.031579658,557.7913045994934,DJI_0056
00:01:53.239,1131.666667,3395,33,1.71855E+12,100,240,2.8,0,5954,224,10000,0,62.394376,28.755805,-1.331,28.75580669499998,62.39437464499995,0.6947573571758603,-1.909090909,2.0315796525175864,557.8099274129748,DJI_0056
00:01:53.272,1132,3396,34,1.71855E+12,100,200,2.8,0,5961,224,10000,0,62.394376,28.755805,-1.348,28.755806634999978,62.39437459499995,0.6743233175247033,-1.8,1.9221633480424225,557.8280811779285,DJI_0056
00:01:53.306,1132.333333,3397,33,1.71855E+12,100,200,2.8,0,5961,224,10000,0,62.394376,28.755805,-1.365,28.755806574999973,62.39437454499996,0.6947573751195844,-1.854545455,1.9804107284243393,557.8462349429391,DJI_0056
00:01:53.339,1132.666667,3398,33,1.71855E+12,100,200,2.8,0,5968,224,10000,0,62.394376,28.755805,-1.382,28.75580651499997,62.394374494999965,0.6947572229707948,-1.854545455,1.9804106750483212,557.8643887074603,DJI_0056
00:01:53.372,1133,3399,34,1.71855E+12,100,200,2.8,0,5968,224,10000,0,62.394376,28.755805,-1.3985,28.755806454999973,62.39437444499997,0.6743233183220438,-1.747058824,1.8726789555353074,557.8820751198182,DJI_0056
00:01:53.406,1133.333333,3400,33,1.71855E+12,100,200,2.8,0,5975,224,10000,0,62.394376,28.755805,-1.4155,28.755806394999972,62.39437439499997,0.6947573759410868,-1.854545455,1.9804107287125345,557.9002288848313,DJI_0056
00:01:53.439,1133.666667,3401,34,1.71855E+12,100,200,2.8,0,5975,224,10000,0,62.394376,28.755805,-1.4325,28.75580633499997,62.39437434499997,0.6743234499088102,-1.8,1.922163394484684,557.9183826502236,DJI_0056
00:01:53.473,1134,3402,33,1.71855E+12,100,200,2.8,0,5981,224,10000,0,62.394376,28.755805,-1.4485,28.75580627499997,62.39437429499997,0.6947573590926993,-1.745454545,1.8786429565676925,557.9356035439922,DJI_0056
00:01:53.506,1134.333333,3403,33,1.71855E+12,100,200,2.8,0,5981,224,10000,0,62.394376,28.755805,-1.4645,28.755806214999964,62.39437424499997,0.6947572417360252,-1.745454545,1.878642913166977,557.9528244373629,DJI_0056
00:01:53.539,1134.666667,3404,34,1.71855E+12,100,200,2.8,0,5987,224,10000,0,62.394376,28.755805,-1.4805,28.75580615499997,62.394374194999976,0.6743232858821341,-1.694117647,1.8233887396710022,557.9700453310153,DJI_0056
00:01:53.573,1135,3405,33,1.71855E+12,100,200,2.8,0,5987,224,10000,0,62.394376,28.755805,-1.4955,28.75580609999997,62.39437414499997,0.6815273970657295,-1.636363636,1.7726154527602136,557.9862943,DJI_0056
00:01:53.606,1135.333333,3406,33,1.71855E+12,100,200,2.8,0,5993,224,10000,0,62.394376,28.755804,-1.5105,28.755806044999968,62.39437409499998,0.6815273647884126,-1.636363636,1.772615440350418,558.0025432808688,DJI_0056
00:01:53.639,1135.666667,3407,34,1.71855E+12,100,200,2.8,0,5993,224,10000,0,62.394376,28.755804,-1.5255,28.755805989999967,62.394374044999985,0.6614823247008493,-1.588235294,1.7204796468928372,558.0187922553117,DJI_0056
00:01:53.673,1136,3408,33,1.71855E+12,100,200,2.8,0,6000,224,10000,0,62.394376,28.755804,-1.5395,28.75580593999997,62.39437399499998,0.6692195626394042,-1.527272727,1.6674581873289516,558.0340772886956,DJI_0056
00:01:53.706,1136.333333,3409,33,1.71855E+12,100,200,2.8,0,6000,224,10000,0,62.394376,28.755804,-1.5535,28.755805889999966,62.39437394499998,0.6692196079865715,-1.527272727,1.6674582055286138,558.0493623222462,DJI_0056
00:01:53.739,1136.666667,3410,34,1.71855E+12,100,240,2.8,0,6006,224,10000,0,62.394376,28.755804,-1.5675,28.75580583999996,62.39437389499997,0.6495365132606051,-1.482352941,1.6184152508776233,558.0646473551711,DJI_0056
00:01:53.773,1137,3411,33,1.71855E+12,100,240,2.8,0,6006,224,10000,0,62.394376,28.755804,-1.581,28.755805789999965,62.394373849999965,0.6146576715770162,-1.472727273,1.5958476346641652,558.0792759584889,DJI_0056
00:01:53.806,1137.333333,3412,34,1.71855E+12,100,240,2.8,0,6013,224,10000,0,62.394376,28.755804,-1.5945,28.75580573999996,62.39437380499996,0.5965793875371743,-1.429411765,1.5489108943750662,558.0939045613802,DJI_0056
00:01:53.840,1137.666667,3413,33,1.71855E+12,100,240,2.8,0,6013,224,10000,0,62.394376,28.755804,-1.608,28.75580568999996,62.39437375999995,0.614657535,-1.472727273,1.5958475819073037,558.1085331642144,DJI_0056
00:01:53.873,1138,3414,33,1.71855E+12,100,240,2.8,0,6020,224,10000,0,62.394376,28.755804,-1.6205,28.75580564499996,62.394373714999944,0.6022975288187271,-1.363636364,1.4907268178484403,558.1221981600446,DJI_0056
00:01:53.906,1138.333333,3415,34,1.71855E+12,100,240,2.8,0,6020,224,10000,0,62.394375,28.755804,-1.633,28.75580559999996,62.39437366999994,0.5845830318297538,-1.323529412,1.4468819664746484,558.1358631563946,DJI_0056
00:01:53.940,1138.666667,3416,33,1.71855E+12,100,240,2.8,0,6028,224,10000,0,62.394375,28.755804,-1.6455,28.755805554999956,62.394373624999936,0.6022975291385465,-1.363636364,1.4907268179776347,558.1495281522261,DJI_0056
00:01:53.973,1139,3417,33,1.71855E+12,100,240,2.8,0,6028,224,10000,0,62.394375,28.755804,-1.6575,28.755805514999953,62.39437357999993,0.5910195126406349,-1.309090909,1.4363227605891287,558.1626944441982,DJI_0056
00:01:54.006,1139.333333,3418,34,1.71855E+12,100,240,2.8,0,6037,224,10000,0,62.394375,28.755804,-1.6695,28.755805479999953,62.39437353499992,0.5638017419228717,-1.270588235,1.390060023115199,558.1758228,DJI_0056
00:01:54.040,1139.666667,3419,33,1.71855E+12,100,240,2.8,0,6037,224,10000,0,62.394375,28.755804,-1.6815,28.75580544499995,62.39437348999991,0.5808866432935629,-1.309090909,1.4321830541593938,558.1889511,DJI_0056
00:01:54.073,1140,3420,34,1.71855E+12,100,240,2.8,0,6045,224,10000,0,62.394375,28.755804,-1.6935,28.755805414999955,62.39437344,0.5551371687490001,-1.270588235,1.386568332176391,558.2020465011057,DJI_0056
00:01:54.107,1140.333333,3421,33,1.71855E+12,100,240,2.8,0,6045,224,10000,0,62.394375,28.755803,-1.706,28.755805384999952,62.39437339999989,0.5719593702214962,-1.363636364,1.478729743197055,558.2156015237516,DJI_0056
00:01:54.140,1140.666667,3422,33,1.71855E+12,100,240,2.8,0,6053,224,10000,0,62.394375,28.755803,-1.7185,28.755805354999953,62.394373354999885,0.5719593597308676,-1.363636364,1.4787297391393521,558.2291565463604,DJI_0056
00:01:54.173,1141,3423,34,1.71855E+12,100,240,2.8,0,6053,224,10000,0,62.394375,28.755803,-1.73,28.75580532499995,62.394373309999885,0.5551370359484961,-1.217647059,1.3382232581087845,558.2417953215759,DJI_0056
00:01:54.207,1141.333333,3424,33,1.71855E+12,100,240,2.8,0,6062,224,10000,0,62.394374,28.755803,-1.7415,28.755805294999956,62.39437326499988,0.5719595074953023,-1.254545455,1.378775534934874,558.2544340973128,DJI_0056
00:01:54.240,1141.666667,3425,33,1.71855E+12,100,240,2.8,0,6062,224,10000,0,62.394374,28.755803,-1.753,28.755805264999953,62.39437321999987,0.5719593705208594,-1.254545455,1.3787754781135677,558.2670728725288,DJI_0056
00:01:54.273,1142,3426,34,1.71855E+12,100,240,2.8,0,6070,224,10000,0,62.394374,28.755803,-1.764,28.755805239999955,62.39437317499986,0.5476984101382759,-1.164705882,1.2870560752568292,558.2792284021285,DJI_0056
00:01:54.307,1142.333333,3427,33,1.71855E+12,100,240,2.8,0,6070,224,10000,0,62.394374,28.755803,-1.775,28.755805214999956,62.394373129999856,0.5642954902540261,-1.2,1.3260578419967226,558.2913839323468,DJI_0056
00:01:54.340,1142.666667,3428,33,1.71855E+12,100,240,2.8,0,6078,224,10000,0,62.394374,28.755803,-1.786,28.75580518999995,62.39437308499986,0.5642951999916616,-1.2,1.3260577184774434,558.3035394614328,DJI_0056
00:01:54.373,1143,3429,34,1.71855E+12,100,240,2.8,0,6078,224,10000,0,62.394374,28.755803,-1.7965,28.755805169999952,62.394373039999856,0.5415362906389403,-1.111764706,1.2366415468213492,558.3152188538195,DJI_0056
00:01:54.407,1143.333333,3430,33,1.71855E+12,100,240,2.8,0,6086,224,10000,0,62.394373,28.755803,-1.8075,28.75580514999995,62.39437299499985,0.5579466254000254,-1.2,1.3233685944570581,558.3273497,DJI_0056
00:01:54.440,1143.666667,3431,34,1.71855E+12,100,240,2.8,0,6086,224,10000,0,62.394373,28.755803,-1.8185,28.755805129999953,62.39437294999984,0.5415364375765908,-1.164705882,1.2844459917064528,558.3394806114126,DJI_0056
00:01:54.474,1144,3432,33,1.71855E+12,100,240,2.8,0,6095,224,10000,0,62.394373,28.755803,-1.8285,28.75580510999995,62.39437290499985,0.5579463300445477,-1.090909091,1.2253108796702497,558.3507126278096,DJI_0056
00:01:54.507,1144.333333,3433,33,1.71855E+12,100,240,2.8,0,6095,224,10000,0,62.394373,28.755803,-1.8385,28.755805089999953,62.39437285999984,0.5579466255023192,-1.090909091,1.225311014,558.3619446454398,DJI_0056
00:01:54.540,1144.666667,3434,34,1.71855E+12,100,240,2.8,0,6103,224,10000,0,62.394373,28.755803,-1.8485,28.75580506999995,62.39437281499984,0.541536144,-1.058823529,1.1892723244159913,558.3731766618371,DJI_0056
00:01:54.574,1145,3435,33,1.71855E+12,100,240,2.8,0,6103,224,10000,0,62.394373,28.755803,-1.858,28.75580505499995,62.39437276999983,0.5529580788743109,-1.036363636,1.174654086856719,558.3839443242999,DJI_0056
00:01:54.607,1145.333333,3436,33,1.71855E+12,100,240,2.8,0,6111,224,10000,0,62.394373,28.755803,-1.868,28.755805039999956,62.39437272499983,0.552958232,-1.090909091,1.2230476076184338,558.3951555940364,DJI_0056
00:01:54.640,1145.666667,3437,34,1.71855E+12,100,240,2.8,0,6111,224,10000,0,62.394373,28.755803,-1.878,28.755805024999955,62.394372679999826,0.5366946060038108,-1.058823529,1.1870755521657304,558.4063668631402,DJI_0056
00:01:54.674,1146,3438,33,1.71855E+12,100,240,2.8,0,6120,224,10000,0,62.394373,28.755803,-1.8875,28.755805009999953,62.39437263499982,0.5529580843966362,-1.036363636,1.174654089456305,558.4171345256269,DJI_0056
00:01:54.707,1146.333333,3439,33,1.71855E+12,100,240,2.8,0,6120,224,10000,0,62.394372,28.755803,-1.897,28.75580499499996,62.39437259499982,0.49303713916994774,-1.036363636,1.147665111161662,558.4276547891459,DJI_0056
00:01:54.740,1146.666667,3440,34,1.71855E+12,100,240,2.8,0,6130,224,10000,0,62.394372,28.755803,-1.9065,28.755804979999958,62.39437255499982,0.4785360528082594,-1.005882353,1.1139102575144229,558.4381750526891,DJI_0056
00:01:54.774,1147,3441,33,1.71855E+12,100,240,2.8,0,6130,224,10000,0,62.394372,28.755803,-1.9155,28.755804964999957,62.394372514999816,0.4930369992483845,-0.981818182,1.0986593761382744,558.4482460969704,DJI_0056
00:01:54.807,1147.333333,3442,34,1.71855E+12,100,240,2.8,0,6138,224,10000,0,62.394372,28.755803,-1.9245,28.75580494999996,62.39437246999981,0.5366947542879008,-0.952941176,1.0936810070095042,558.4585753064811,DJI_0056
00:01:54.841,1147.666667,3443,33,1.71855E+12,100,240,2.8,0,6138,224,10000,0,62.394372,28.755803,-1.9335,28.75580493499996,62.39437242499981,0.5529580790226848,-0.981818182,1.1268227807890416,558.4689045,DJI_0056
00:01:54.874,1148,3444,33,1.71855E+12,100,240,2.8,0,6148,224,10000,0,62.394372,28.755803,-1.942,28.75580492499996,62.39437238,0.5493672073818484,-0.927272727,1.0777935977219026,558.4787842899508,DJI_0056
00:01:54.907,1148.333333,3445,34,1.71855E+12,100,240,2.8,0,6148,224,10000,0,62.394372,28.755802,-1.9505,28.755804914999963,62.39437233,0.5332094939558982,-0.9,1.0460938602461523,558.4886640652976,DJI_0056
00:01:54.941,1148.666667,3446,33,1.71855E+12,100,240,2.8,0,6156,224,10000,0,62.394372,28.755802,-1.959,28.755804904999962,62.394372289999794,0.5493672073991638,-0.927272727,1.0777935977307287,558.4985438399434,DJI_0056
00:01:54.974,1149,3447,33,1.71855E+12,100,240,2.8,0,6156,224,10000,0,62.394372,28.755802,-1.967,28.755804894999965,62.39437224499979,0.5493670537225678,-0.872727273,1.0312405404549208,558.5079968782309,DJI_0056
00:01:55.007,1149.333333,3448,34,1.71855E+12,100,240,2.8,0,6163,224,10000,0,62.394372,28.755802,-1.9755,28.755804884999964,62.394372199999786,0.5332094939811071,-0.9,1.0460938602590417,558.5178766535778,DJI_0056
00:01:55.041,1149.666667,3449,33,1.71855E+12,100,240,2.8,0,6163,224,10000,0,62.394372,28.755802,-1.984,28.755804874999967,62.394372154999786,0.5493672074251366,-0.927272727,1.0777935977439674,558.5277564282238,DJI_0056
00:01:55.074,1150,3450,33,1.71855E+12,100,240,2.8,0,6171,224,10000,0,62.394372,28.755802,-1.9925,28.75580486499997,62.394372114999776,0.48900660960633313,-0.927272727,1.048313967751321,558.5373659729282,DJI_0056
00:01:55.107,1150.333333,3451,34,1.71855E+12,100,240,2.8,0,6171,224,10000,0,62.394372,28.755803,-2.001,28.75580485499997,62.39437207499978,0.4746237683561187,-0.9,1.0174810668944352,558.5469755163377,DJI_0056
00:01:55.141,1150.666667,3452,33,1.71855E+12,100,240,2.8,0,6179,224,10000,0,62.394372,28.755803,-2.0095,28.75580484499997,62.394372034999776,0.48900646027133476,-0.927272727,1.0483138980910478,558.5565850604036,DJI_0056
00:01:55.174,1151,3453,34,1.71855E+12,100,240,2.8,0,6179,224,10000,0,62.394372,28.755803,-2.018,28.75580483499997,62.39437198999977,0.5332093448552204,-0.9,1.0460937842473623,558.5664648350325,DJI_0056
00:01:55.208,1151.333333,3454,33,1.71855E+12,100,240,2.8,0,6187,224,10000,0,62.394372,28.755803,-2.0265,28.755804824999974,62.394371944999776,0.5493672074655387,-0.927272727,1.0777935977645818,558.5763446096787,DJI_0056
00:01:55.241,1151.666667,3455,33,1.71855E+12,100,240,2.8,0,6187,224,10000,0,62.394372,28.755803,-2.035,28.755804814999973,62.394371899999776,0.5493670537889428,-0.927272727,1.0777935194333745,558.5862243836068,DJI_0056
00:01:55.274,1152,3456,34,1.71855E+12,100,240,2.8,0,6194,224,10000,0,62.394372,28.755803,-2.0435,28.755804809999972,62.394371854999775,0.5311073629189353,-0.9,1.0450239379778121,558.5960940541321,DJI_0056
00:01:55.308,1152.333333,3457,33,1.71855E+12,100,240,2.8,0,6194,224,10000,0,62.394371,28.755803,-2.052,28.755804804999975,62.394371809999775,0.5472012168467159,-0.927272727,1.076691173207231,558.6059637232198,DJI_0056
00:01:55.341,1152.666667,3458,33,1.71855E+12,100,240,2.8,0,6202,224,10000,0,62.394371,28.755803,-2.0605,28.75580479999998,62.394371764999775,0.5472015254359764,-0.927272727,1.0766913300399965,558.6158333937452,DJI_0056
00:01:55.374,1153,3459,34,1.71855E+12,100,240,2.8,0,6202,224,10000,0,62.394371,28.755803,-2.0685,28.755804794999975,62.394371719999775,0.5311070652007155,-0.847058824,0.9997916609099865,558.6252758705427,DJI_0056
00:01:55.408,1153.333333,3460,33,1.71855E+12,100,240,2.8,0,6208,224,10000,0,62.394371,28.755803,-2.0765,28.755804789999978,62.394371674999775,0.5472013711467785,-0.872727273,1.0300884588941375,558.6347183480826,DJI_0056
00:01:55.441,1153.666667,3461,33,1.71855E+12,100,240,2.8,0,6208,224,10000,0,62.394371,28.755803,-2.0845,28.755804784999977,62.39437162999977,0.5472015254424952,-0.872727273,1.030088540858825,558.6441608263739,DJI_0056
00:01:55.474,1154,3462,34,1.71855E+12,100,240,2.8,0,6213,224,10000,0,62.394371,28.755803,-2.093,28.755804784999977,62.39437158499976,0.530404651,-0.9,1.0446669775625403,558.6540271256064,DJI_0056
00:01:55.508,1154.333333,3463,33,1.71855E+12,100,240,2.8,0,6213,224,10000,0,62.39437,28.755803,-2.1015,28.755804784999977,62.39437153999977,0.5464775194134331,-0.927272727,1.0763235526402348,558.6638934248389,DJI_0056
00:01:55.541,1154.666667,3464,34,1.71855E+12,100,240,2.8,0,6218,224,10000,0,62.39437,28.755803,-2.11,28.75580478499998,62.39437149499976,0.530404651,-0.9,1.0446669775625403,558.6737597240714,DJI_0056
00:01:55.575,1155,3465,33,1.71855E+12,100,240,2.8,0,6218,224,10000,0,62.39437,28.755803,-2.1185,28.75580478499998,62.39437144999976,0.5464773649155158,-0.927272727,1.076323474197582,558.6836260225848,DJI_0056
00:01:55.608,1155.333333,3466,33,1.71855E+12,100,240,2.8,0,6223,224,10000,0,62.39437,28.755804,-2.127,28.75580478499998,62.39437140499976,0.5464776739113507,-0.927272727,1.076323631082862,558.6934923225364,DJI_0056
00:01:55.641,1155.666667,3467,34,1.71855E+12,100,240,2.8,0,6223,224,10000,0,62.39437,28.755804,-2.1355,28.75580478499998,62.39437135999976,0.5304045012415299,-0.9,1.0446669014270649,558.7033586210498,DJI_0056
00:01:55.675,1156,3468,33,1.71855E+12,100,240,2.8,0,6227,224,10000,0,62.39437,28.755804,-2.144,28.75580477999998,62.394371319999756,0.4865720195109042,-0.927272727,1.0471805197360944,558.7129577758141,DJI_0056
00:01:55.708,1156.333333,3469,33,1.71855E+12,100,240,2.8,0,6227,224,10000,0,62.39437,28.755804,-2.1525,28.755804774999984,62.39437127999976,0.48657186527368335,-0.927272727,1.047180448069796,558.7225569299213,DJI_0056
00:01:55.741,1156.666667,3470,34,1.71855E+12,100,240,2.8,0,6231,224,10000,0,62.39437,28.755804,-2.161,28.755804769999983,62.39437123999976,0.47226107977385007,-0.9,1.0163810936204962,558.7321560846945,DJI_0056
00:01:55.775,1157,3471,33,1.71855E+12,100,240,2.8,0,6231,224,10000,0,62.39437,28.755804,-2.1695,28.755804769999987,62.394371194999756,0.5464776739113519,-0.927272727,1.0763236310828213,558.7420224,DJI_0056
00:01:55.808,1157.333333,3472,33,1.71855E+12,100,240,2.8,0,6235,224,10000,0,62.394369,28.755804,-2.178,28.755804769999987,62.39437114999975,0.5464775194134331,-0.927272727,1.0763235526402348,558.7518886838785,DJI_0056
00:01:55.841,1157.666667,3473,34,1.71855E+12,100,240,2.8,0,6235,224,10000,0,62.394369,28.755804,-2.1865,28.755804769999987,62.394371104999756,0.530404651,-0.9,1.0446669775625808,558.761755,DJI_0056
00:01:55.875,1158,3474,33,1.71855E+12,100,240,2.8,0,6239,224,10000,0,62.394369,28.755804,-2.195,28.755804769999987,62.394371059999756,0.5464773649155158,-0.927272727,1.076323474197582,558.7716212816244,DJI_0056
00:01:55.908,1158.333333,3475,34,1.71855E+12,100,240,2.8,0,6239,224,10000,0,62.394369,28.755804,-2.2035,28.755804769999987,62.39437101499976,0.530404651,-0.9,1.0446669775625808,558.7814876,DJI_0056
00:01:55.942,1158.666667,3476,33,1.71855E+12,100,240,2.8,0,6244,224,10000,0,62.394369,28.755804,-2.212,28.755804769999987,62.39437096999976,0.5464773649155158,-0.927272727,1.076323474197582,558.7913538793704,DJI_0056
00:01:55.975,1159,3477,33,1.71855E+12,100,240,2.8,0,6244,224,10000,0,62.394369,28.755804,-2.22,28.755804769999987,62.39437092499977,0.5464775194134331,-0.872727273,1.0297041185633105,558.8007928337905,DJI_0056
00:01:56.008,1159.333333,3478,34,1.71855E+12,100,240,2.8,0,6244,224,10000,0,62.394369,28.755805,-2.228,28.755804769999987,62.39437087999977,0.5304045012415299,-0.847058824,0.999418624,558.8102317874591,DJI_0056
00:01:56.042,1159.666667,3479,33,1.71855E+12,100,240,2.8,0,6250,224,10000,0,62.394369,28.755805,-2.236,28.755804769999987,62.39437083499977,0.5464776739113507,-0.872727273,1.0297042005573955,558.8196707426308,DJI_0056
00:01:56.075,1160,3480,33,1.71855E+12,100,240,2.8,0,6250,224,10000,0,62.394369,28.755805,-2.244,28.755804769999987,62.39437078999977,0.5464773649155158,-0.872727273,1.0297040365692418,558.8291096962994,DJI_0056
00:01:56.108,1160.333333,3481,34,1.71855E+12,100,240,2.8,0,6257,224,10000,0,62.394369,28.755805,-2.252,28.755804769999987,62.39437074499977,0.530404651,-0.847058824,0.9994187033114484,558.8385486507195,DJI_0056
00:01:56.142,1160.666667,3482,33,1.71855E+12,100,240,2.8,0,6257,224,10000,0,62.394369,28.755805,-2.26,28.755804769999987,62.39437069999977,0.5464775194134331,-0.872727273,1.0297041185633105,558.8479876051397,DJI_0056
00:01:56.175,1161,3483,33,1.71855E+12,100,240,2.8,0,6257,224,10000,0,62.394369,28.755805,-2.2675,28.75580476999999,62.394370654999776,0.5464775194134331,-0.818181818,0.9838999780605427,558.8570066882719,DJI_0056
00:01:56.208,1161.333333,3484,34,1.71855E+12,100,240,2.8,0,6266,224,10000,0,62.394368,28.755805,-2.275,28.75580476499999,62.39437060999979,0.5311069137107911,-0.794117647,0.9553519723963608,558.8660295,DJI_0056
00:01:56.242,1161.666667,3485,33,1.71855E+12,100,240,2.8,0,6266,224,10000,0,62.394368,28.755805,-2.2825,28.755804759999986,62.39437056499979,0.5472013748815489,-0.818181818,0.9843022057658585,558.8750522271196,DJI_0056
00:01:56.275,1162,3486,34,1.71855E+12,100,240,2.8,0,6277,224,10000,0,62.394368,28.755805,-2.29,28.755804754999986,62.394370519999796,0.5311072132260057,-0.794117647,0.9553521389053272,558.8840749973203,DJI_0056
00:01:56.309,1162.333333,3487,33,1.71855E+12,100,240,2.8,0,6277,224,10000,0,62.394368,28.755805,-2.2975,28.755804749999985,62.394370474999796,0.5472012169111805,-0.818181818,0.9843021179456813,558.8930977667349,DJI_0056
00:01:56.342,1162.666667,3488,33,1.71855E+12,100,240,2.8,0,6288,224,10000,0,62.394368,28.755805,-2.305,28.75580474499999,62.394370429999796,0.5472013712068972,-0.818181818,0.9843022037230161,558.9021205369356,DJI_0056
00:01:56.375,1163,3489,34,1.71855E+12,100,240,2.8,0,6288,224,10000,0,62.394368,28.755805,-2.312,28.75580474499999,62.39437038499981,0.5304045012415299,-0.741176471,0.9114118144345771,558.9107283151831,DJI_0056
00:01:56.409,1163.333333,3490,33,1.71855E+12,100,240,2.8,0,6300,224,10000,0,62.394368,28.755805,-2.319,28.75580474499999,62.39437033999982,0.5464773649155158,-0.763636364,0.939030354,558.9193360934305,DJI_0056
00:01:56.442,1163.666667,3491,33,1.71855E+12,100,240,2.8,0,6300,224,10000,0,62.394368,28.755805,-2.326,28.75580474499999,62.39437029499982,0.5464775194134331,-0.763636364,0.9390304441774225,558.9279438725022,DJI_0056
00:01:56.475,1164,3492,34,1.71855E+12,100,240,2.8,0,6312,224,10000,0,62.394368,28.755805,-2.333,28.75580474499999,62.39437025499982,0.4714708343856501,-0.741176471,0.8784231942690738,558.9362400915592,DJI_0056
00:01:56.509,1164.333333,3493,33,1.71855E+12,100,240,2.8,0,6312,224,10000,0,62.394368,28.755805,-2.34,28.75580474499999,62.39437021499982,0.4857576748691159,-0.763636364,0.9050419960211592,558.9445363098561,DJI_0056
00:01:56.542,1164.666667,3494,33,1.71855E+12,100,240,2.8,0,6312,224,10000,0,62.394368,28.755805,-2.347,28.75580474499999,62.394370174999814,0.48575782936703343,-0.763636364,0.9050420789439759,558.9528325289131,DJI_0056
00:01:56.575,1165,3495,34,1.71855E+12,100,240,2.8,0,6324,224,10000,0,62.394368,28.755805,-2.354,28.75580474999999,62.39437013499982,0.4722610778230424,-0.741176471,0.8788475898471608,558.9611327561505,DJI_0056
00:01:56.609,1165.333333,3496,33,1.71855E+12,100,240,2.8,0,6324,224,10000,0,62.394368,28.755805,-2.361,28.75580475499999,62.394370094999815,0.4865720195774279,-0.763636364,0.9054793349952527,558.969433,DJI_0056
00:01:56.642,1165.666667,3497,34,1.71855E+12,100,240,2.8,0,6335,224,10000,0,62.394368,28.755805,-2.368,28.755804759999993,62.39437005499982,0.47226093214242243,-0.741176471,0.8788475115636849,558.9777332098861,DJI_0056
00:01:56.676,1166,3498,33,1.71855E+12,100,240,2.8,0,6335,224,10000,0,62.394368,28.755805,-2.3745,28.755804764999993,62.394370014999815,0.4865720195817724,-0.709090909,0.859978051,558.9856163,DJI_0056
00:01:56.709,1166.333333,3499,33,1.71855E+12,100,240,2.8,0,6346,224,10000,0,62.394368,28.755805,-2.381,28.75580476999999,62.39436997499982,0.4865720195839446,-0.709090909,0.8599780506485981,558.9934994741479,DJI_0056
00:01:56.742,1166.666667,3500,34,1.71855E+12,100,240,2.8,0,6346,224,10000,0,62.394368,28.755805,-2.3875,28.75580477499999,62.394369934999816,0.4722609281306436,-0.688235294,0.8346844938705965,559.0013826,DJI_0056
00:01:56.776,1167,3501,33,1.71855E+12,100,240,2.8,0,6356,224,10000,0,62.394368,28.755805,-2.394,28.755804779999995,62.39436989499982,0.4865720237281524,-0.709090909,0.8599780529934137,559.0092657376314,DJI_0056
00:01:56.809,1167.333333,3502,33,1.71855E+12,100,240,2.8,0,6356,224,10000,0,62.394368,28.755805,-2.4005,28.755804784999995,62.394369854999816,0.48657201959046115,-0.709090909,0.8599780506522452,559.0171488697623,DJI_0056
00:01:56.842,1167.666667,3503,34,1.71855E+12,100,240,2.8,0,6365,224,10000,0,62.394368,28.755805,-2.407,28.755804789999992,62.39436981499982,0.47226092813696846,-0.688235294,0.834684494,559.0250320010933,DJI_0056
00:01:56.876,1168,3504,33,1.71855E+12,100,240,2.8,0,6365,224,10000,0,62.394368,28.755805,-2.4135,28.755804794999996,62.39436977499982,0.48657202166473595,-0.709090909,0.8599780518258612,559.0329151332351,DJI_0056
00:01:56.909,1168.333333,3505,33,1.71855E+12,100,240,2.8,0,6374,224,10000,0,62.394368,28.755805,-2.42,28.755804799999996,62.39436973499982,0.4865718674275158,-0.709090909,0.859977965,559.0407982645769,DJI_0056
00:01:56.942,1168.666667,3506,34,1.71855E+12,100,240,2.8,0,6374,224,10000,0,62.394368,28.755805,-2.4265,28.755804804999997,62.394369694999824,0.47226092814329346,-0.688235294,0.8346844938777538,559.0486813959079,DJI_0056
00:01:56.976,1169,3507,33,1.71855E+12,100,240,2.8,0,6382,224,10000,0,62.394368,28.755805,-2.4325,28.755804809999994,62.39436965499982,0.4865720196013223,-0.654545455,0.8155869557104612,559.0561576096686,DJI_0056
00:01:57.009,1169.333333,3508,34,1.71855E+12,100,240,2.8,0,6382,224,10000,0,62.394368,28.755805,-2.4385,28.755804814999998,62.39436961499982,0.47226107985950055,-0.635294118,0.7915991052716821,559.0636338234407,DJI_0056
00:01:57.043,1169.666667,3509,33,1.71855E+12,100,240,2.8,0,6388,224,10000,0,62.394368,28.755805,-2.4445,28.755804819999994,62.39436957499982,0.48657201960566665,-0.654545455,0.8155869557130141,559.0711100372014,DJI_0056
00:01:57.076,1170,3510,33,1.71855E+12,100,240,2.8,0,6388,224,10000,0,62.394368,28.755805,-2.4505,28.755804824999995,62.39436953499981,0.4865720216777693,-0.654545455,0.8155869569492512,559.0785862509734,DJI_0056
00:01:57.109,1170.333333,3511,34,1.71855E+12,100,240,2.8,0,6388,224,10000,0,62.394368,28.755805,-2.4565,28.75580483,62.39436949499982,0.4722609281538351,-0.635294118,0.7915990147654605,559.0860624638907,DJI_0056
00:01:57.143,1170.666667,3512,33,1.71855E+12,100,240,2.8,0,6388,224,10000,0,62.394368,28.755805,-2.4625,28.755804834999996,62.39436945499981,0.4865720196121832,-0.654545455,0.8155869557169019,559.0935386776514,DJI_0056
00:01:57.176,1171,3513,33,1.71855E+12,100,240,2.8,0,6375,224,10000,0,62.394368,28.755805,-2.4685,28.755804844999997,62.39436941499982,0.4890064649568723,-0.654545455,0.8170416604039854,559.1010282262051,DJI_0056
00:01:57.209,1171.333333,3514,34,1.71855E+12,100,240,2.8,0,6375,224,10000,0,62.394368,28.755805,-2.4745,28.75580486,62.394369374999826,0.47462376892253105,-0.635294118,0.7930109317929697,559.1085177738943,DJI_0056
00:01:57.243,1171.666667,3515,33,1.71855E+12,100,240,2.8,0,6349,224,10000,0,62.394368,28.755805,-2.4805,28.755804865000005,62.39436933499982,0.48900646085491106,-0.654545455,0.8170416579489265,559.1160073224255,DJI_0056
00:01:57.276,1172,3516,34,1.71855E+12,100,240,2.8,0,6349,224,10000,0,62.394368,28.755805,-2.486,28.755804875000003,62.39436929999982,0.41613673583389954,-0.582352941,0.7157546583902415,559.1227672275326,DJI_0056
00:01:57.310,1172.333333,3517,33,1.71855E+12,100,240,2.8,0,6313,224,10000,0,62.394368,28.755806,-2.4915,28.755804885000007,62.394369264999824,0.42874693995870655,-0.6,0.7374441934980319,559.1295271326396,DJI_0056
00:01:57.343,1172.666667,3518,33,1.71855E+12,100,250,2.8,0,6313,224,10000,0,62.394368,28.755806,-2.497,28.75580489500001,62.39436922999983,0.42874694466553975,-0.6,0.7374441962345253,559.1362870377718,DJI_0056
00:01:57.376,1173,3519,34,1.71855E+12,100,250,2.8,0,6272,224,10000,0,62.394368,28.755806,-2.5025,28.75580490500001,62.394369194999825,0.4161370286123226,-0.582352941,0.7157548286104198,559.1430469444865,DJI_0056
00:01:57.410,1173.333333,3520,33,1.71855E+12,100,320,2.8,0,6272,224,10000,0,62.394368,28.755806,-2.508,28.755804915000013,62.394369159999826,0.428746945,-0.6,0.7374441962445974,559.1498068496188,DJI_0056
00:01:57.443,1173.666667,3521,33,1.71855E+12,100,350,2.8,0,6229,224,10000,0,62.394368,28.755806,-2.5135,28.75580492500001,62.39436912499983,0.4287469352950166,-0.6,0.7374441907865428,559.1565668,DJI_0056
00:01:57.476,1174,3522,34,1.71855E+12,100,350,2.8,0,6229,224,10000,0,62.394368,28.755806,-2.5185,28.755804940000015,62.39436908999983,0.420593395,-0.529411765,0.6761476324641124,559.1629526,DJI_0056
00:01:57.510,1174.333333,3523,33,1.71855E+12,100,400,2.8,0,6183,224,10000,0,62.394368,28.755806,-2.509,28.755804955000016,62.39436905499983,0.43333849134316893,1.0363636363636433,1.1233128837756858,559.1732496,DJI_0056
00:01:57.543,1174.666667,3524,34,1.71855E+12,100,400,2.8,0,6183,224,10000,0,62.394368,28.755806,-2.4995,28.755804970000018,62.39436901999982,0.42059339546550617,1.0058823529411831,1.0902743289042875,559.1835466635486,DJI_0056
00:01:57.577,1175,3525,33,1.71855E+12,100,400,2.8,0,6183,224,10000,0,62.394368,28.755806,-2.49,28.75580498500002,62.39436898999983,0.37396896331282226,1.0363636363636433,1.1017723777160786,559.1936462436776,DJI_0056
00:01:57.610,1175.333333,3526,33,1.71855E+12,100,400,2.8,0,6138,224,10000,0,62.394368,28.755806,-2.4805,28.755805000000024,62.39436895999983,0.3739689633318996,1.0363636363636433,1.1017723777225539,559.2037458238067,DJI_0056
00:01:57.643,1175.666667,3527,34,1.71855E+12,100,500,2.8,0,6138,224,10000,0,62.394368,28.755806,-2.471,28.755805015000025,62.39436892999983,0.3629698683516534,1.0058823529411831,1.069367305134072,559.2138454039107,DJI_0056
00:01:57.677,1176,3528,33,1.71855E+12,100,500,2.8,0,6096,224,10000,0,62.394368,28.755806,-2.4615,28.755805030000023,62.39436889999983,0.37396895529047774,1.0363636363636433,1.101772374993095,559.2239449840148,DJI_0056
00:01:57.710,1176.333333,3529,33,1.71855E+12,100,500,2.8,0,6096,224,10000,0,62.394368,28.755806,-2.452,28.755805045000024,62.39436886999984,0.3739689633891314,1.0363636363636433,1.1017723777419797,559.2340445641441,DJI_0056
00:01:57.743,1176.666667,3530,34,1.71855E+12,100,500,2.8,0,6055,224,10000,0,62.394368,28.755806,-2.4425,28.75580506000003,62.39436883999984,0.36296987624914373,1.0058823529411831,1.0693673078146768,559.2441441442735,DJI_0056
00:01:57.777,1177,3531,33,1.71855E+12,100,500,2.8,0,6055,224,10000,0,62.394368,28.755806,-2.4325,28.75580507500003,62.394368814999844,0.3151143799446438,1.0909090909091161,1.1355085719958486,559.2545529728501,DJI_0056
00:01:57.810,1177.333333,3532,33,1.71855E+12,100,500,2.8,0,6017,224,10000,0,62.394368,28.755806,-2.4225,28.75580509000003,62.394368789999845,0.31511437996351077,1.0909090909090677,1.135508572001038,559.2649618014268,DJI_0056
00:01:57.843,1177.666667,3533,34,1.71855E+12,100,640,2.8,0,6017,224,10000,0,62.394368,28.755806,-2.4125,28.755805105000036,62.39436876499985,0.3058461748156657,1.0588235294117891,1.1021112235547792,559.2753706296493,DJI_0056
00:01:57.877,1178,3534,33,1.71855E+12,100,640,2.8,0,5982,224,10000,0,62.394368,28.755806,-2.4025,28.755805120000037,62.39436873999985,0.31511438000124475,1.0909090909090677,1.1355085720115095,559.2857794582261,DJI_0056
00:01:57.910,1178.333333,3535,33,1.71855E+12,100,640,2.8,0,5982,224,10000,0,62.394368,28.755806,-2.3925,28.755805135000042,62.39436871499984,0.31511453846055604,1.0909090909091161,1.1355086159855254,559.2961883,DJI_0056
00:01:57.943,1178.666667,3536,34,1.71855E+12,100,640,2.8,0,5982,224,10000,0,62.394368,28.755806,-2.3825,28.755805150000043,62.394368689999844,0.30584631934443013,1.0588235294117891,1.1021112636628725,559.3065971158072,DJI_0056
00:01:57.977,1179,3537,33,1.71855E+12,100,640,2.8,0,5949,224,10000,0,62.394368,28.755806,-2.3725,28.75580516500004,62.394368664999845,0.3151143800578457,1.0909090909090677,1.1355085720272167,559.3170059443842,DJI_0056
00:01:58.010,1179.333333,3538,34,1.71855E+12,100,640,2.8,0,5949,224,10000,0,62.394369,28.755806,-2.3625,28.75580518000005,62.39436863999985,0.3058463286876559,1.0588235294117891,1.102111266255706,559.3274147730099,DJI_0056
00:01:58.044,1179.666667,3539,33,1.71855E+12,100,640,2.8,0,5920,224,10000,0,62.394369,28.755806,-2.3525,28.755805195000047,62.39436861499985,0.31511437050696744,1.0909090909091161,1.1355085693768041,559.3378236015625,DJI_0056
00:01:58.077,1180,3540,33,1.71855E+12,100,640,2.8,0,5920,224,10000,0,62.394369,28.755806,-2.3425,28.755805210000048,62.394368594999854,0.2571286312347101,1.0909090909090677,1.1208022919447855,559.3480976,DJI_0056
00:01:58.110,1180.333333,3541,34,1.71855E+12,100,640,2.8,0,5893,224,10000,0,62.394368,28.755806,-2.3325,28.755805225000053,62.39436857499985,0.2495658828080239,1.0588235294117891,1.087837486161323,559.3583716432746,DJI_0056
00:01:58.144,1180.666667,3542,33,1.71855E+12,100,640,2.8,0,5893,224,10000,0,62.394368,28.755806,-2.3225,28.755805240000058,62.39436855499986,0.2571286312717049,1.0909090909091161,1.1208022919533198,559.3686456642841,DJI_0056
00:01:58.177,1181,3543,33,1.71855E+12,100,640,2.8,0,5870,224,10000,0,62.394368,28.755806,-2.312,28.75580525500006,62.39436853499985,0.25712863129020225,1.1454545454545404,1.1739596452739083,559.3794069610325,DJI_0056
00:01:58.210,1181.333333,3544,34,1.71855E+12,100,640,2.8,0,5870,224,10000,0,62.394368,28.755806,-2.3015,28.75580527000006,62.394368514999854,0.24956601310014898,1.111764705882348,1.139431417918765,559.3901682577573,DJI_0056
00:01:58.244,1181.666667,3545,33,1.71855E+12,100,640,2.8,0,5849,224,10000,0,62.394368,28.755806,-2.291,28.75580528500006,62.39436849499985,0.2571284736403705,1.1454545454545404,1.1739596107443793,559.4009295541891,DJI_0056
00:01:58.277,1182,3546,33,1.71855E+12,100,640,2.8,0,5849,224,10000,0,62.394368,28.755806,-2.2805,28.755805305000063,62.39436847499986,0.2676878178015662,1.1454545454545888,1.176317509646925,559.4117124646942,DJI_0056
00:01:58.310,1182.333333,3547,34,1.71855E+12,100,640,2.8,0,5831,224,10000,0,62.394368,28.755806,-2.27,28.75580532500006,62.39436845499986,0.25981463211313677,1.111764705882301,1.1417199325165712,559.4224954,DJI_0056
00:01:58.344,1182.666667,3548,33,1.71855E+12,100,640,2.8,0,5831,224,10000,0,62.394368,28.755806,-2.2595,28.75580534500006,62.39436843499986,0.2676876776854648,1.1454545454545888,1.1763174777615166,559.4332782853808,DJI_0056
00:01:58.377,1183,3549,34,1.71855E+12,100,640,2.8,0,5814,224,10000,0,62.394368,28.755806,-2.249,28.75580536500006,62.39436841499986,0.2598147828381008,1.111764705882348,1.141719966816239,559.4440611961785,DJI_0056
00:01:58.411,1183.333333,3550,33,1.71855E+12,100,640,2.8,0,5814,224,10000,0,62.394368,28.755806,-2.2385,28.75580538500006,62.39436839499986,0.2676876626987096,1.1454545454545404,1.1763174743510212,559.4548441,DJI_0056
00:01:58.444,1183.666667,3551,33,1.71855E+12,100,640,2.8,0,5800,224,10000,0,62.394368,28.755806,-2.228,28.755805405000057,62.39436837499986,0.26768781795950175,1.1454545454545404,1.1763175096828182,559.4656270168655,DJI_0056
00:01:58.477,1184,3552,34,1.71855E+12,100,640,2.8,0,5800,224,10000,0,62.394368,28.755806,-2.2175,28.755805420000055,62.39436835499986,0.24956586019479485,1.111764705882395,1.139431384428451,559.4763883,DJI_0056
00:01:58.511,1184.333333,3553,33,1.71855E+12,100,640,2.8,0,5786,224,10000,0,62.394368,28.755806,-2.207,28.755805435000056,62.39436833499986,0.2571287774110357,1.145454545454492,1.173959677278249,559.4871496103158,DJI_0056
00:01:58.544,1184.666667,3554,33,1.71855E+12,100,640,2.8,0,5786,224,10000,0,62.394368,28.755806,-2.1965,28.755805450000057,62.394368314999866,0.25712848555782425,1.1454545454545888,1.173959613354667,559.4979109067715,DJI_0056
00:01:58.577,1185,3555,34,1.71855E+12,100,640,2.8,0,5775,224,10000,0,62.394368,28.755806,-2.1855,28.75580546500005,62.39436829499986,0.2495661435359275,1.1647058823529068,1.1911435901631922,559.5091605962341,DJI_0056
00:01:58.611,1185.333333,3556,33,1.71855E+12,100,640,2.8,0,5775,224,10000,0,62.394368,28.755806,-2.1745,28.755805480000053,62.39436827499986,0.2571284738438419,1.200000000000013,1.227238791784751,559.5204102851588,DJI_0056
00:01:58.644,1185.666667,3557,33,1.71855E+12,100,640,2.8,0,5766,224,10000,0,62.394368,28.755806,-2.1635,28.755805495000054,62.39436825499986,0.2571286315491658,1.1999999999999647,1.2272388248267987,559.5316599743865,DJI_0056
00:01:58.677,1186,3558,34,1.71855E+12,100,640,2.8,0,5766,224,10000,0,62.394368,28.755806,-2.1525,28.755805510000055,62.39436823999986,0.19486101200081896,1.164705882352954,1.1808939860908583,559.5428128620329,DJI_0056
00:01:58.711,1186.333333,3559,33,1.71855E+12,100,640,2.8,0,5758,224,10000,0,62.394368,28.755806,-2.1415,28.75580552500005,62.39436822499986,0.20076573594091707,1.1999999999999647,1.2166786267243348,559.5539657494445,DJI_0056
00:01:58.744,1186.666667,3560,34,1.71855E+12,100,640,2.8,0,5758,224,10000,0,62.394368,28.755806,-2.1305,28.75580554000005,62.394368209999854,0.19486102664258562,1.164705882352954,1.1808939885069172,559.5651186371138,DJI_0056
00:01:58.778,1187,3561,33,1.71855E+12,100,640,2.8,0,5752,224,10000,0,62.394368,28.755806,-2.1195,28.75580555500005,62.39436819999986,0.14789348527687948,1.1999999999999647,1.2090791880548013,559.5762018630043,DJI_0056
00:01:58.811,1187.333333,3562,33,1.71855E+12,100,640,2.8,0,5752,224,10000,0,62.394368,28.755806,-2.1085,28.755805570000053,62.39436818999986,0.14789363258574437,1.200000000000013,1.209079206073547,559.5872851,DJI_0056
00:01:58.844,1187.666667,3563,34,1.71855E+12,100,640,2.8,0,5747,224,10000,0,62.394368,28.755806,-2.0975,28.755805585000047,62.394368179999866,0.1435436570881776,1.1647058823529068,1.1735180330432557,559.5983683149276,DJI_0056
00:01:58.878,1188,3564,33,1.71855E+12,100,640,2.8,0,5747,224,10000,0,62.394368,28.755806,-2.0865,28.755805600000052,62.39436817499986,0.10398003060901359,1.1999999999999647,1.2044965117281852,559.6094095329518,DJI_0056
00:01:58.911,1188.333333,3565,33,1.71855E+12,100,640,2.8,0,5745,224,10000,0,62.394368,28.755806,-2.0755,28.75580561500005,62.394368169999865,0.10398000156187555,1.200000000000013,1.2044965092206947,559.6204508,DJI_0056
00:01:58.944,1188.666667,3566,34,1.71855E+12,100,640,2.8,0,5745,224,10000,0,62.394368,28.755806,-2.0645,28.75580563000005,62.39436816499987,0.10092176623291944,1.164705882352954,1.1690701413033973,559.6314919689542,DJI_0056
00:01:58.978,1189,3567,33,1.71855E+12,100,640,2.8,0,5744,224,10000,0,62.394368,28.755806,-2.053,28.755805640000048,62.394368159999864,0.082786055,1.2545454545453891,1.2572739671600541,559.6430169803198,DJI_0056
00:01:59.011,1189.333333,3568,33,1.71855E+12,100,640,2.8,0,5744,224,10000,0,62.394368,28.755806,-2.0415,28.75580565000005,62.39436815499987,0.082786169,1.2545454545454375,1.2572739746219652,559.6545419917538,DJI_0056
00:01:59.044,1189.666667,3569,34,1.71855E+12,100,640,2.8,0,5744,224,10000,0,62.394368,28.755806,-2.03,28.75580566000005,62.39436814999987,0.080351061,1.2176470588235129,1.220295313826004,559.6660670030511,DJI_0056
00:01:59.078,1190,3570,33,1.71855E+12,100,640,2.8,0,5744,224,10000,0,62.394368,28.755806,-2.0185,28.755805670000044,62.39436814499987,0.08278612,1.254545454545486,1.2572739714185577,559.6775920144557,DJI_0056
00:01:59.111,1190.333333,3571,34,1.71855E+12,100,500,2.8,0,5745,224,10000,0,62.394368,28.755806,-2.007,28.755805680000044,62.39436813999988,0.080351085,1.2176470588235129,1.2202953153818479,559.6891170257677,DJI_0056
00:01:59.145,1190.666667,3572,33,1.71855E+12,100,500,2.8,0,5745,224,10000,0,62.394368,28.755806,-1.9955,28.75580569000004,62.39436813499988,0.082786144,1.2545454545454375,1.2572739730214977,559.7006420371871,DJI_0056
00:01:59.178,1191,3573,33,1.71855E+12,100,500,2.8,0,5746,224,10000,0,62.394368,28.755806,-1.984,28.755805700000046,62.39436813499988,0.056272997293247626,1.2545454545454133,1.2558068911042508,559.7121536003556,DJI_0056
00:01:59.211,1191.333333,3574,34,1.71855E+12,100,500,2.8,0,5746,224,10000,0,62.394368,28.755806,-1.9725,28.755805710000047,62.39436813499989,0.054617909137769705,1.2176470588235129,1.2188713943070997,559.7236651635241,DJI_0056
00:01:59.245,1191.666667,3575,33,1.71855E+12,100,500,2.8,0,5748,224,10000,0,62.394368,28.755806,-1.961,28.755805720000044,62.39436813499989,0.056272997,1.2545454545454617,1.2558068911042992,559.7351767266925,DJI_0056
00:01:59.278,1192,3576,33,1.71855E+12,100,500,2.8,0,5748,224,10000,0,62.394368,28.755806,-1.9495,28.75580573000004,62.39436813499989,0.056272961,1.2545454545454617,1.2558068895002787,559.7466882898462,DJI_0056
00:01:59.311,1192.333333,3577,34,1.71855E+12,100,500,2.8,0,5749,224,10000,0,62.394368,28.755806,-1.938,28.755805740000042,62.394368134999894,0.054617909,1.2176470588235129,1.2188713943070997,559.7581998530147,DJI_0056
00:01:59.345,1192.666667,3578,33,1.71855E+12,100,500,2.8,0,5749,224,10000,0,62.394368,28.755806,-1.9265,28.75580575000004,62.394368134999894,0.056272997,1.2545454545454133,1.2558068911042508,559.7697114161832,DJI_0056
00:01:59.378,1193,3579,33,1.71855E+12,100,500,2.8,0,5751,224,10000,0,62.394368,28.755806,-1.915,28.755805755000043,62.39436812999989,0.066922067,1.2545454545454617,1.2563291211324998,559.7812277664602,DJI_0056
00:01:59.411,1193.333333,3580,34,1.71855E+12,100,500,2.8,0,5751,224,10000,0,62.394368,28.755806,-1.9035,28.75580576000004,62.39436812499989,0.064953606,1.2176470588235364,1.219378255825074,559.7927441166541,DJI_0056
00:01:59.445,1193.666667,3581,33,1.71855E+12,100,500,2.8,0,5752,224,10000,0,62.394368,28.755806,-1.892,28.75580576500004,62.39436811999989,0.066921927,1.2545454545454375,1.256329113665632,559.8042604668627,DJI_0056
00:01:59.478,1194,3582,34,1.71855E+12,100,500,2.8,0,5752,224,10000,0,62.394368,28.755806,-1.8805,28.755805770000038,62.39436811,0.06495362,1.2176470588235129,1.2193782566033522,559.8157768,DJI_0056
00:01:59.512,1194.333333,3583,33,1.71855E+12,100,500,2.8,0,5753,224,10000,0,62.394368,28.755805,-1.869,28.75580577500004,62.394368109999895,0.066921927,1.2545454545454617,1.256329113665866,559.8272931672726,DJI_0056
00:01:59.545,1194.666667,3584,33,1.71855E+12,100,500,2.8,0,5753,224,10000,0,62.394368,28.755805,-1.8575,28.755805780000042,62.39436810499989,0.066922052,1.2545454545454133,1.2563291203313003,559.8388095175424,DJI_0056
00:01:59.578,1195,3585,34,1.71855E+12,100,500,2.8,0,5754,224,10000,0,62.394368,28.755805,-1.846,28.75580578500004,62.394368109999895,0.064953757,1.2176470588235364,1.2193782638510149,559.8503258678121,DJI_0056
00:01:59.612,1195.333333,3586,33,1.71855E+12,100,500,2.8,0,5754,224,10000,0,62.394368,28.755805,-1.8345,28.75580579000004,62.39436811,0.066921927,1.2545454545454375,1.2563291136658423,559.8618422180207,DJI_0056
00:01:59.645,1195.666667,3587,33,1.71855E+12,100,500,2.8,0,5755,224,10000,0,62.394368,28.755805,-1.823,28.755805795000036,62.394368119999896,0.066921912,1.2545454545454375,1.256329113,559.8733586,DJI_0056
00:01:59.678,1196,3588,34,1.71855E+12,100,500,2.8,0,5755,224,10000,0,62.394368,28.755806,-1.8115,28.75580580000004,62.39436812,0.064953771,1.2176470588234893,1.219378265,559.8848749,DJI_0056
00:01:59.712,1196.333333,3589,33,1.71855E+12,100,500,2.8,0,5755,224,10000,0,62.394368,28.755806,-1.8,28.75580580500004,62.394368129999904,0.066921912,1.2545454545454375,1.2563291128638496,559.8963912687003,DJI_0056
00:01:59.745,1196.666667,3590,33,1.71855E+12,100,500,2.8,0,5755,224,10000,0,62.394368,28.755806,-1.7885,28.755805810000037,62.39436813,0.066921912,1.2545454545454617,1.2563291128637686,559.9079076189016,DJI_0056
00:01:59.778,1197,3591,34,1.71855E+12,100,500,2.8,0,5755,224,10000,0,62.394368,28.755806,-1.777,28.75580581500004,62.394368139999905,0.064953771,1.2176470588235129,1.2193782646284772,559.9194239691786,DJI_0056
00:01:59.812,1197.333333,3592,33,1.71855E+12,100,500,2.8,0,5755,224,10000,0,62.394368,28.755806,-1.7655,28.75580582000004,62.39436814499991,0.066921927,1.2545454545454133,1.256329113665187,559.9309403193872,DJI_0056
00:01:59.845,1197.666667,3593,34,1.71855E+12,100,500,2.8,0,5753,224,10000,0,62.394368,28.755806,-1.754,28.75580582500004,62.394368149999906,0.06495362,1.2176470588235364,1.2193782566027633,559.9424566695885,DJI_0056
00:01:59.879,1198,3594,33,1.71855E+12,100,500,2.8,0,5753,224,10000,0,62.394368,28.755806,-1.7425,28.75580583000004,62.39436815499991,0.066922052,1.2545454545454375,1.256329120330378,559.9539730198583,DJI_0056
00:01:59.912,1198.333333,3595,33,1.71855E+12,100,500,2.8,0,5751,224,10000,0,62.394368,28.755806,-1.731,28.755805835000036,62.394368159999914,0.066921912,1.2545454545454375,1.2563291128632186,559.9654893700595,DJI_0056
00:01:59.945,1198.666667,3596,34,1.71855E+12,100,500,2.8,0,5751,224,10000,0,62.394368,28.755806,-1.7195,28.75580584000004,62.39436816499992,0.064953771,1.2176470588234893,1.2193782646279434,559.9770057203365,DJI_0056
00:01:59.979,1199,3597,33,1.71855E+12,100,500,2.8,0,5748,224,10000,0,62.394368,28.755806,-1.708,28.75580584500004,62.394368169999915,0.066921927,1.2545454545454617,1.2563291136647097,559.9885220705451,DJI_0056
00:02:00.012,1199.333333,3598,33,1.71855E+12,100,500,2.8,0,5748,224,10000,0,62.394368,28.755806,-1.6965,28.755805850000037,62.39436817499992,0.066921912,1.2545454545454375,1.256329112862903,560.0000384207463,DJI_0056
00:02:00.045,1199.666667,3599,34,1.71855E+12,100,500,2.8,0,5744,224,10000,0,62.394368,28.755806,-1.685,28.75580585500004,62.39436817999992,0.064953757,1.2176470588235364,1.2193782638495858,560.0115548,DJI_0056
00:02:00.079,1200,3600,33,1.71855E+12,100,500,2.8,0,5744,224,10000,0,62.394368,28.755806,-1.673,28.75580586000004,62.39436818499992,0.066921927,1.309090909090886,1.3108003481020611,560.0235704408736,DJI_0056
00:02:00.112,1200.333333,3601,34,1.71855E+12,100,500,2.8,0,5740,224,10000,0,62.394368,28.755806,-1.661,28.75580586500004,62.39436818999992,0.06495362,1.2705882352941187,1.2722473959414564,560.0355861107242,DJI_0056
00:02:00.146,1200.666667,3602,33,1.71855E+12,100,500,2.8,0,5740,224,10000,0,62.394368,28.755806,-1.649,28.75580587000004,62.39436819499993,0.066922052,1.3090909090909344,1.3108003544903006,560.0476017806404,DJI_0056
00:02:00.179,1201,3603,33,1.71855E+12,100,500,2.8,0,5736,224,10000,0,62.394368,28.755806,-1.637,28.755805875000036,62.394368199999924,0.066921912,1.3090909090908618,1.310800347333372,560.0596175,DJI_0056
00:02:00.212,1201.333333,3604,34,1.71855E+12,100,500,2.8,0,5736,224,10000,0,62.394368,28.755806,-1.625,28.75580588000004,62.39436820499993,0.064953635,1.2705882352940951,1.2722473966869037,560.0716331203487,DJI_0056
00:02:00.246,1201.666667,3605,33,1.71855E+12,100,500,2.8,0,5732,224,10000,0,62.394368,28.755806,-1.613,28.75580588500004,62.39436820999993,0.066922067,1.3090909090909102,1.310800355258337,560.0836487902719,DJI_0056
00:02:00.279,1202,3606,33,1.71855E+12,100,500,2.8,0,5732,224,10000,0,62.394368,28.755805,-1.601,28.755805890000037,62.39436821499993,0.066921912,1.3090909090909102,1.310800347333118,560.0956644601225,DJI_0056
00:02:00.312,1202.333333,3607,34,1.71855E+12,100,500,2.8,0,5728,224,10000,0,62.394368,28.755805,-1.589,28.75580589500004,62.39436821999993,0.064953635,1.2705882352941187,1.2722473966866334,560.1076801299802,DJI_0056
00:02:00.346,1202.666667,3608,33,1.71855E+12,100,500,2.8,0,5728,224,10000,0,62.394368,28.755805,-1.577,28.75580590000004,62.39436822499994,0.066922052,1.309090909090886,1.3108003544896476,560.1196957998964,DJI_0056
00:02:00.379,1203,3609,33,1.71855E+12,100,500,2.8,0,5725,224,10000,0,62.394368,28.755805,-1.565,28.755805905000038,62.394368229999934,0.066921912,1.3090909090909102,1.3108003473328156,560.1317115,DJI_0056
00:02:00.412,1203.333333,3610,34,1.71855E+12,100,500,2.8,0,5725,224,10000,0,62.394368,28.755805,-1.553,28.75580591000004,62.39436823499994,0.064953635,1.2705882352940951,1.2722473966863166,560.1437271396046,DJI_0056
00:02:00.446,1203.666667,3611,33,1.71855E+12,100,500,2.8,0,5722,224,10000,0,62.394368,28.755805,-1.541,28.75580591500004,62.39436823999994,0.066922052,1.3090909090909344,1.3108003544893938,560.1557428095208,DJI_0056
00:02:00.479,1204,3612,34,1.71855E+12,100,640,2.8,0,5722,224,10000,0,62.394368,28.755806,-1.529,28.75580592000004,62.39436824499994,0.064953635,1.2705882352940951,1.2722473966861207,560.1677584793784,DJI_0056
00:02:00.513,1204.333333,3613,33,1.71855E+12,100,640,2.8,0,5720,224,10000,0,62.394368,28.755806,-1.517,28.75580592500004,62.39436824999994,0.066921912,1.3090909090909102,1.3108003473324121,560.1797741,DJI_0056
00:02:00.546,1204.666667,3614,33,1.71855E+12,100,640,2.8,0,5720,224,10000,0,62.394368,28.755806,-1.505,28.755805930000047,62.39436825499995,0.066922082,1.309090909090886,1.3108003560257697,560.1917898191593,DJI_0056
00:02:00.579,1205,3615,34,1.71855E+12,100,640,2.8,0,5719,224,10000,0,62.394368,28.755806,-1.493,28.755805935000048,62.39436825999994,0.06495362,1.2705882352941187,1.2722473959400868,560.2038054890099,DJI_0056
00:02:00.613,1205.333333,3616,33,1.71855E+12,100,640,2.8,0,5719,224,10000,0,62.394368,28.755806,-1.481,28.75580594000005,62.39436826499995,0.066921927,1.309090909090886,1.3108003481004487,560.2158211588675,DJI_0056
00:02:00.646,1205.666667,3617,33,1.71855E+12,100,640,2.8,0,5719,224,10000,0,62.394368,28.755806,-1.469,28.755805945000052,62.39436826999995,0.066922067,1.309090909090886,1.3108003552571035,560.2278368287907,DJI_0056
00:02:00.679,1206,3618,34,1.71855E+12,100,640,2.8,0,5719,224,10000,0,62.394368,28.755806,-1.457,28.755805945000052,62.39436827499995,0.058933817,1.2705882352941187,1.271954267429292,560.2398497302054,DJI_0056
00:02:00.713,1206.333333,3619,33,1.71855E+12,100,640,2.8,0,5719,224,10000,0,62.394368,28.755806,-1.445,28.755805945000052,62.39436827999995,0.06071969,1.309090909090886,1.3104983361392464,560.2518626,DJI_0056
00:02:00.746,1206.666667,3620,33,1.71855E+12,100,640,2.8,0,5719,224,10000,0,62.394368,28.755806,-1.433,28.755805945000052,62.394368284999956,0.060719844544317295,1.3090909090909102,1.3104983432976756,560.2638755331003,DJI_0056
00:02:00.779,1207,3621,34,1.71855E+12,100,640,2.8,0,5720,224,10000,0,62.394368,28.755806,-1.4205,28.755805945000052,62.39436828999996,0.058933817,1.3235294117646776,1.3248408578278064,560.2763879189798,DJI_0056
00:02:00.813,1207.333333,3622,33,1.71855E+12,100,640,2.8,0,5720,224,10000,0,62.394368,28.755806,-1.408,28.755805945000052,62.39436829499996,0.06071969,1.3636363636363587,1.3649875504892792,560.2889003048593,DJI_0056
00:02:00.846,1207.666667,3623,34,1.71855E+12,100,640,2.8,0,5721,224,10000,0,62.394368,28.755806,-1.3955,28.755805945000052,62.39436829999996,0.058933966763602075,1.3235294117646776,1.3248408644983167,560.3014126908018,DJI_0056
00:02:00.880,1208,3624,33,1.71855E+12,100,640,2.8,0,5721,224,10000,0,62.394368,28.755806,-1.383,28.755805945000052,62.394368304999965,0.06071969,1.3636363636363587,1.3649875504892792,560.3139250766814,DJI_0056
00:02:00.913,1208.333333,3625,33,1.71855E+12,100,640,2.8,0,5722,224,10000,0,62.394368,28.755806,-1.3705,28.755805945000052,62.39436830999996,0.06071969,1.3636363636363587,1.3649875504892792,560.3264374625609,DJI_0056
00:02:00.946,1208.666667,3626,34,1.71855E+12,100,640,2.8,0,5722,224,10000,0,62.394368,28.755806,-1.358,28.755805945000052,62.394368314999966,0.058933966763602075,1.3235294117646776,1.3248408644983167,560.3389498485034,DJI_0056
00:02:00.980,1209,3627,33,1.71855E+12,100,640,2.8,0,5722,224,10000,0,62.394368,28.755806,-1.3455,28.755805945000052,62.39436831999997,0.06071969,1.3636363636363587,1.3649875504892792,560.3514622343829,DJI_0056
00:02:01.013,1209.333333,3628,33,1.71855E+12,100,640,2.8,0,5723,224,10000,0,62.394368,28.755806,-1.333,28.755805945000052,62.39436832499997,0.06071969,1.3636363636363587,1.3649875504892792,560.3639746202624,DJI_0056
00:02:01.046,1209.666667,3629,34,1.71855E+12,100,640,2.8,0,5723,224,10000,0,62.394368,28.755806,-1.3205,28.755805945000052,62.39436832999997,0.058933966763602075,1.3235294117646776,1.3248408644983167,560.3764870062049,DJI_0056
00:02:01.080,1210,3630,33,1.71855E+12,100,640,2.8,0,5724,224,10000,0,62.394368,28.755806,-1.3075,28.755805945000052,62.394368334999974,0.06071969,1.4181818181818073,1.419481084826701,560.3894989161491,DJI_0056
00:02:01.113,1210.333333,3631,33,1.71855E+12,100,640,2.8,0,5724,224,10000,0,62.394368,28.755806,-1.2945,28.755805945000052,62.394368339999964,0.06071969,1.4181818181818315,1.4194810848267252,560.4025108260934,DJI_0056
00:02:01.146,1210.666667,3632,34,1.71855E+12,100,640,2.8,0,5726,224,10000,0,62.394368,28.755806,-1.2815,28.755805945000052,62.39436834499997,0.058933817,1.3764705882352837,1.3777316411553273,560.4155227360376,DJI_0056
00:02:01.180,1211,3633,33,1.71855E+12,100,640,2.8,0,5726,224,10000,0,62.394368,28.755806,-1.2685,28.755805945000052,62.39436834999996,0.06071969,1.4181818181818073,1.419481084826701,560.4285346459818,DJI_0056
00:02:01.213,1211.333333,3634,34,1.71855E+12,100,640,2.8,0,5729,224,10000,0,62.394368,28.755806,-1.2555,28.755805945000052,62.39436835499996,0.058933817,1.3764705882352837,1.3777316411553273,560.4415466,DJI_0056
00:02:01.247,1211.666667,3635,33,1.71855E+12,100,640,2.8,0,5729,224,10000,0,62.394368,28.755806,-1.2425,28.755805945000052,62.39436835999995,0.06071969,1.4181818181818315,1.4194810848267252,560.4545584658703,DJI_0056
00:02:01.280,1212,3636,33,1.71855E+12,100,640,2.8,0,5732,224,10000,0,62.394368,28.755806,-1.229,28.755805945000052,62.394368364999956,0.06071969,1.4727272727272802,1.473978460016992,560.4680699350871,DJI_0056
00:02:01.313,1212.333333,3637,34,1.71855E+12,100,640,2.8,0,5732,224,10000,0,62.394368,28.755806,-1.2155,28.755805945000056,62.394368369999945,0.058933667,1.429411764705866,1.4306261461921552,560.4815814042456,DJI_0056
00:02:01.347,1212.666667,3638,33,1.71855E+12,100,640,2.8,0,5737,224,10000,0,62.394368,28.755806,-1.202,28.755805945000056,62.39436837499995,0.060719844544317295,1.4727272727272802,1.4739784663814526,560.4950928735208,DJI_0056
00:02:01.380,1213,3639,33,1.71855E+12,100,640,2.8,0,5737,224,10000,0,62.394368,28.755806,-1.1885,28.755805945000063,62.39436837499994,3.579586492470209e-8,1.4727272727272802,1.4727272727272804,560.5085928735208,DJI_0056
00:02:01.413,1213.333333,3640,34,1.71855E+12,100,640,2.8,0,5742,224,10000,0,62.394368,28.755806,-1.175,28.755805945000063,62.39436837499994,0,1.4294117647058895,1.4294117647058895,560.5220928735208,DJI_0056
00:02:01.447,1213.666667,3641,33,1.71855E+12,100,640,2.8,0,5742,224,10000,0,62.394368,28.755806,-1.1615,28.755805945000066,62.39436837499994,3.579586492470209e-8,1.4727272727272558,1.4727272727272562,560.5355928735208,DJI_0056
00:02:01.480,1214,3642,33,1.71855E+12,100,640,2.8,0,5747,224,10000,0,62.394368,28.755806,-1.148,28.755805945000066,62.39436837999993,0.060719536,1.4727272727272802,1.4739784536525478,560.5491043426794,DJI_0056
00:02:01.513,1214.333333,3643,34,1.71855E+12,100,640,2.8,0,5747,224,10000,0,62.394368,28.755806,-1.1345,28.755805945000066,62.394368384999936,0.058933966763602075,1.4294117647058895,1.430626158546704,560.5626158119545,DJI_0056
00:02:01.547,1214.666667,3644,33,1.71855E+12,100,640,2.8,0,5753,224,10000,0,62.394368,28.755806,-1.121,28.755805945000066,62.394368389999926,0.060719536,1.4727272727272558,1.4739784536525236,560.5761273,DJI_0056
00:02:01.580,1215,3645,34,1.71855E+12,100,640,2.8,0,5753,224,10000,0,62.394368,28.755806,-1.1075,28.755805945000066,62.39436839499993,0.058933966763602075,1.4294117647058895,1.430626158546704,560.5896387503882,DJI_0056
00:02:01.614,1215.333333,3646,33,1.71855E+12,100,640,2.8,0,5758,224,10000,0,62.394368,28.755806,-1.094,28.755805945000066,62.39436839999992,0.060719536,1.4727272727272802,1.4739784536525478,560.6031502195467,DJI_0056
00:02:01.647,1215.666667,3647,33,1.71855E+12,100,640,2.8,0,5758,224,10000,0,62.394368,28.755806,-1.0805,28.755805945000066,62.39436840499992,0.06071969,1.4727272727272802,1.473978460016992,560.6166616887635,DJI_0056
00:02:01.680,1216,3648,34,1.71855E+12,100,640,2.8,0,5764,224,10000,0,62.394368,28.755806,-1.0665,28.755805945000066,62.39436840999993,0.058933966763602075,1.4823529411764718,1.4835239986778204,560.6306727487511,DJI_0056
00:02:01.714,1216.333333,3649,33,1.71855E+12,100,640,2.8,0,5764,224,10000,0,62.394368,28.755806,-1.0525,28.755805945000063,62.394368414999924,0.060719690046410355,1.5272727272727287,1.528479265227504,560.6446838086823,DJI_0056
00:02:01.747,1216.666667,3650,33,1.71855E+12,100,640,2.8,0,5771,224,10000,0,62.394368,28.755806,-1.0385,28.755805945000063,62.39436841999993,0.06071969,1.5272727272727287,1.5284792652275037,560.6586948686136,DJI_0056
00:02:01.780,1217,3651,34,1.71855E+12,100,640,2.8,0,5771,224,10000,0,62.394368,28.755806,-1.0245,28.755805945000063,62.39436842499993,0.058933966763602075,1.4823529411764718,1.4835239986778204,560.6727059286011,DJI_0056
00:02:01.814,1217.333333,3652,33,1.71855E+12,100,640,2.8,0,5778,224,10000,0,62.394368,28.755806,-1.0105,28.755805945000063,62.39436842999993,0.06071969,1.5272727272727287,1.5284792652275037,560.6867169885323,DJI_0056
00:02:01.847,1217.666667,3653,33,1.71855E+12,100,640,2.8,0,5778,224,10000,0,62.394368,28.755806,-0.9965,28.755805945000063,62.39436843499993,0.06071969,1.5272727272727409,1.5284792652275154,560.7007280484636,DJI_0056
00:02:01.880,1218,3654,34,1.71855E+12,100,640,2.8,0,5778,224,10000,0,62.394368,28.755806,-0.9825,28.755805945000063,62.39436843999992,0.058933817,1.4823529411764718,1.4835239927208124,560.7147391083948,DJI_0056
00:02:01.914,1218.333333,3655,33,1.71855E+12,100,640,2.8,0,5786,224,10000,0,62.394368,28.755806,-0.9685,28.755805945000063,62.39436844499993,0.06071969,1.5272727272727409,1.5284792652275154,560.7287501683261,DJI_0056
00:02:01.947,1218.666667,3656,34,1.71855E+12,100,640,2.8,0,5786,224,10000,0,62.394368,28.755806,-0.9545,28.755805945000063,62.39436844999992,0.058933667,1.4823529411764718,1.4835239867638192,560.7427612282011,DJI_0056
00:02:01.981,1219,3657,33,1.71855E+12,100,640,2.8,0,5793,224,10000,0,62.394368,28.755806,-0.9405,28.755805945000063,62.39436845499992,0.060719844544317295,1.5272727272727167,1.528479271365015,560.7567722881886,DJI_0056
00:02:02.014,1219.333333,3658,33,1.71855E+12,100,640,2.8,0,5793,224,10000,0,62.394368,28.755806,-0.9265,28.755805945000063,62.39436845999992,0.06071969,1.5272727272727287,1.5284792652275037,560.7707833481198,DJI_0056
00:02:02.047,1219.666667,3659,34,1.71855E+12,100,640,2.8,0,5801,224,10000,0,62.394368,28.755806,-0.9125,28.755805945000063,62.394368464999914,0.058933817,1.4823529411764838,1.483523992720824,560.7847944080511,DJI_0056
00:02:02.081,1220,3660,33,1.71855E+12,100,640,2.8,0,5801,224,10000,0,62.394369,28.755806,-0.8985,28.755805945000063,62.39436846999991,0.06071969,1.5272727272727287,1.5284792652275037,560.7988054679823,DJI_0056
00:02:02.114,1220.333333,3661,33,1.71855E+12,100,640,2.8,0,5807,224,10000,0,62.394369,28.755806,-0.8845,28.755805945000063,62.39436847499991,0.06071969,1.5272727272727409,1.5284792652275154,560.8128165279136,DJI_0056
00:02:02.147,1220.666667,3662,34,1.71855E+12,100,640,2.8,0,5807,224,10000,0,62.394369,28.755806,-0.87,28.755805945000063,62.394368479999905,0.058933817,1.5352941176470543,1.5364248183511653,560.8273272067536,DJI_0056
00:02:02.181,1221,3663,33,1.71855E+12,100,640,2.8,0,5807,224,10000,0,62.394369,28.755806,-0.8555,28.755805945000063,62.39436848,0.06071969,1.5818181818181893,1.5829831461800006,560.8418378855936,DJI_0056
00:02:02.214,1221.333333,3664,33,1.71855E+12,100,640,2.8,0,5813,224,10000,0,62.394369,28.755806,-0.841,28.755805945000063,62.39436849,0.06071969,1.5818181818181893,1.5829831461800006,560.8563485644336,DJI_0056
00:02:02.247,1221.666667,3665,34,1.71855E+12,100,640,2.8,0,5813,224,10000,0,62.394369,28.755806,-0.8265,28.755805945000063,62.394368494999895,0.058933817,1.5352941176470543,1.5364248183511653,560.8708592432736,DJI_0056
00:02:02.281,1222,3666,33,1.71855E+12,100,640,2.8,0,5817,224,10000,0,62.394369,28.755806,-0.812,28.755805945000063,62.39436849999989,0.06071969,1.5818181818181893,1.5829831461800006,560.8853699221136,DJI_0056
00:02:02.314,1222.333333,3667,34,1.71855E+12,100,640,2.8,0,5817,224,10000,0,62.394369,28.755806,-0.7975,28.755805945000063,62.394368504999896,0.058933817,1.5352941176470543,1.5364248183511653,560.8998806009536,DJI_0056
00:02:02.348,1222.666667,3668,33,1.71855E+12,100,640,2.8,0,5819,224,10000,0,62.394369,28.755806,-0.783,28.755805945000063,62.394368509999886,0.06071969,1.5818181818181893,1.5829831461800006,560.9143912797936,DJI_0056
00:02:02.381,1223,3669,33,1.71855E+12,100,640,2.8,0,5819,224,10000,0,62.394369,28.755806,-0.7685,28.755805945000063,62.39436851499989,0.06071969,1.5818181818181893,1.5829831461800006,560.9289019586336,DJI_0056
00:02:02.414,1223.333333,3670,34,1.71855E+12,100,640,2.8,0,5821,224,10000,0,62.394369,28.755806,-0.754,28.755805945000063,62.39436851999988,0.058933817,1.5352941176470543,1.5364248183511653,560.9434126374736,DJI_0056
00:02:02.448,1223.666667,3671,33,1.71855E+12,100,640,2.8,0,5821,224,10000,0,62.394369,28.755806,-0.7395,28.755805945000063,62.394368524999884,0.06071969,1.5818181818181893,1.5829831461800006,560.9579233163136,DJI_0056
00:02:02.481,1224,3672,33,1.71855E+12,100,640,2.8,0,5822,224,10000,0,62.394369,28.755806,-0.725,28.755805945000063,62.39436852999987,0.06071969,1.5818181818181893,1.5829831461800006,560.9724339951536,DJI_0056
00:02:02.514,1224.333333,3673,34,1.71855E+12,100,640,2.8,0,5822,224,10000,0,62.394369,28.755806,-0.7105,28.755805945000063,62.39436853499988,0.058933817,1.5352941176470543,1.5364248183511653,560.9869446739935,DJI_0056
00:02:02.548,1224.666667,3674,33,1.71855E+12,100,640,2.8,0,5821,224,10000,0,62.394369,28.755806,-0.696,28.755805945000063,62.39436853999987,0.06071969,1.5818181818181893,1.5829831461800006,561.0014553528335,DJI_0056
00:02:02.581,1225,3675,33,1.71855E+12,100,640,2.8,0,5821,224,10000,0,62.394369,28.755806,-0.6815,28.755805945000056,62.39436854499987,0.060719690046410355,1.5818181818181893,1.5829831461800008,561.0159660316735,DJI_0056
00:02:02.614,1225.333333,3676,34,1.71855E+12,100,640,2.8,0,5820,224,10000,0,62.394369,28.755806,-0.667,28.755805945000056,62.39436854999986,0.058933817,1.5352941176470543,1.5364248183511653,561.0304767105135,DJI_0056
00:02:02.648,1225.666667,3677,33,1.71855E+12,100,640,2.8,0,5820,224,10000,0,62.394369,28.755806,-0.6525,28.755805945000056,62.394368554999865,0.06071969,1.5818181818181893,1.5829831461800006,561.0449873893535,DJI_0056
00:02:02.681,1226,3678,34,1.71855E+12,100,640,2.8,0,5821,224,10000,0,62.394368,28.755806,-0.638,28.755805945000056,62.394368559999855,0.058933817,1.5352941176470543,1.5364248183511653,561.0594980681935,DJI_0056
00:02:02.715,1226.333333,3679,33,1.71855E+12,100,640,2.8,0,5821,224,10000,0,62.394368,28.755806,-0.6235,28.755805945000056,62.39436856499986,0.06071969,1.5818181818181893,1.5829831461800006,561.0740087470335,DJI_0056
00:02:02.748,1226.666667,3680,33,1.71855E+12,100,640,2.8,0,5821,224,10000,0,62.394368,28.755806,-0.609,28.755805945000056,62.39436856999985,0.06071969,1.5818181818181773,1.5829831461799884,561.0885194258735,DJI_0056
00:02:02.781,1227,3681,34,1.71855E+12,100,640,2.8,0,5821,224,10000,0,62.394368,28.755806,-0.5945,28.755805945000056,62.39436857499985,0.058933817,1.535294117647066,1.5364248183511768,561.1030301047135,DJI_0056
00:02:02.815,1227.333333,3682,33,1.71855E+12,100,640,2.8,0,5822,224,10000,0,62.394368,28.755806,-0.58,28.755805945000056,62.39436857999985,0.060719536,1.5818181818181773,1.582983140253802,561.1175407834992,DJI_0056
00:02:02.848,1227.666667,3683,33,1.71855E+12,100,640,2.8,0,5822,224,10000,0,62.394368,28.755806,-0.5655,28.755805945000056,62.394368584999846,0.060719844544317295,1.5818181818181893,1.5829831521062026,561.1320514623935,DJI_0056
00:02:02.881,1228,3684,34,1.71855E+12,100,640,2.8,0,5823,224,10000,0,62.394369,28.755806,-0.551,28.75580595000006,62.39436858999984,0.064953499,1.535294117647066,1.5366674932127222,561.1465644331628,DJI_0056
00:02:02.915,1228.333333,3685,33,1.71855E+12,100,640,2.8,0,5823,224,10000,0,62.394369,28.755806,-0.5365,28.75580595500006,62.39436859499984,0.066922067,1.5818181818181773,1.5832331866756506,561.1610774040406,DJI_0056
00:02:02.948,1228.666667,3686,34,1.71855E+12,100,640,2.8,0,5824,224,10000,0,62.394369,28.755806,-0.522,28.755805960000057,62.39436859999984,0.064953484,1.535294117647066,1.5366674925951227,561.1755904,DJI_0056
00:02:02.982,1229,3687,33,1.71855E+12,100,640,2.8,0,5824,224,10000,0,62.394369,28.755806,-0.5075,28.755805965000057,62.39436860499983,0.066922052,1.5818181818181893,1.5832331860393478,561.1901033,DJI_0056
00:02:03.015,1229.333333,3688,33,1.71855E+12,100,640,2.8,0,5825,224,10000,0,62.394369,28.755806,-0.493,28.755805970000054,62.39436860999983,0.066921772,1.5818181818181833,1.5832331741887415,561.2046163164393,DJI_0056
00:02:03.048,1229.666667,3689,34,1.71855E+12,100,640,2.8,0,5825,224,10000,0,62.394369,28.755806,-0.4785,28.755805970000054,62.39436861499983,0.058933966763602075,1.5352941176470603,1.5364248241030731,561.2191269953337,DJI_0056
00:02:03.082,1230,3690,33,1.71855E+12,100,640,2.8,0,5826,224,10000,0,62.394369,28.755806,-0.464,28.755805970000054,62.394368619999824,0.060719536,1.5818181818181833,1.582983140253808,561.2336376741193,DJI_0056
00:02:03.115,1230.333333,3691,33,1.71855E+12,100,640,2.8,0,5826,224,10000,0,62.394369,28.755806,-0.4495,28.755805970000054,62.39436862499983,0.060719844544317295,1.5818181818181833,1.5829831521061968,561.2481483530137,DJI_0056
00:02:03.148,1230.666667,3692,34,1.71855E+12,100,640,2.8,0,5827,224,10000,0,62.394369,28.755806,-0.435,28.755805970000054,62.39436862999982,0.058933667,1.535294117647066,1.5364248125992899,561.2626590317993,DJI_0056
00:02:03.182,1231,3693,33,1.71855E+12,100,640,2.8,0,5827,224,10000,0,62.394369,28.755806,-0.4205,28.755805970000054,62.39436863499982,0.060719844544317295,1.5818181818181833,1.5829831521061968,561.2771697106937,DJI_0056
00:02:03.215,1231.333333,3694,33,1.71855E+12,100,640,2.8,0,5828,224,10000,0,62.394369,28.755806,-0.406,28.755805970000054,62.39436863999981,0.060719536,1.5818181818181833,1.582983140253808,561.2916803894793,DJI_0056
00:02:03.248,1231.666667,3695,34,1.71855E+12,100,640,2.8,0,5828,224,10000,0,62.394369,28.755806,-0.3915,28.755805970000054,62.394368644999815,0.058933966763602075,1.535294117647066,1.536424824103079,561.3061910683737,DJI_0056
00:02:03.282,1232,3696,33,1.71855E+12,100,640,2.8,0,5829,224,10000,0,62.394369,28.755806,-0.377,28.755805970000054,62.39436864999981,0.06071969,1.5818181818181833,1.5829831461799946,561.3207017472137,DJI_0056
00:02:03.315,1232.333333,3697,34,1.71855E+12,100,640,2.8,0,5829,224,10000,0,62.394369,28.755806,-0.3625,28.755805970000054,62.39436865499981,0.058933667,1.5352941176470603,1.536424812599284,561.3352124259993,DJI_0056
00:02:03.349,1232.666667,3698,33,1.71855E+12,100,640,2.8,0,5831,224,10000,0,62.394369,28.755806,-0.348,28.755805970000054,62.394368659999806,0.060719844544317295,1.5818181818181833,1.5829831521061968,561.3497231048937,DJI_0056
00:02:03.382,1233,3699,33,1.71855E+12,100,640,2.8,0,5831,224,10000,0,62.394369,28.755806,-0.3335,28.755805970000054,62.39436866499981,0.06071969,1.5818181818181893,1.5829831461800006,561.3642337837337,DJI_0056
00:02:03.415,1233.333333,3700,34,1.71855E+12,100,640,2.8,0,5833,224,10000,0,62.394369,28.755806,-0.319,28.755805970000054,62.394368669999814,0.058933817,1.5352941176470543,1.5364248183511653,561.3787444625736,DJI_0056
00:02:03.449,1233.666667,3701,33,1.71855E+12,100,640,2.8,0,5833,224,10000,0,62.394369,28.755806,-0.3045,28.755805970000054,62.394368674999804,0.06071969,1.5818181818181833,1.5829831461799946,561.3932551414136,DJI_0056
00:02:03.482,1234,3702,33,1.71855E+12,100,640,2.8,0,5835,224,10000,0,62.394369,28.755806,-0.29,28.755805970000054,62.39436867999981,0.06071969,1.5818181818181833,1.5829831461799946,561.4077658202536,DJI_0056
00:02:03.515,1234.333333,3703,34,1.71855E+12,100,640,2.8,0,5835,224,10000,0,62.394369,28.755806,-0.2755,28.755805970000054,62.39436868499981,0.058933966763602075,1.5352941176470543,1.5364248241030674,561.4222765,DJI_0056
00:02:03.549,1234.666667,3704,33,1.71855E+12,100,640,2.8,0,5837,224,10000,0,62.394369,28.755806,-0.261,28.755805970000054,62.39436868999981,0.06071969,1.5818181818181833,1.5829831461799946,561.4367872,DJI_0056
00:02:03.582,1235,3705,33,1.71855E+12,100,640,2.8,0,5837,224,10000,0,62.394369,28.755806,-0.2465,28.755805970000054,62.394368694999805,0.06071969,1.5818181818181802,1.5829831461799915,561.4512979,DJI_0056
00:02:03.615,1235.333333,3706,34,1.71855E+12,100,640,2.8,0,5839,224,10000,0,62.394369,28.755806,-0.232,28.755805970000054,62.3943687,0.058933817,1.5352941176470571,1.5364248183511682,561.4658085,DJI_0056
00:02:03.649,1235.666667,3707,33,1.71855E+12,100,640,2.8,0,5839,224,10000,0,62.394369,28.755806,-0.2175,28.755805975000058,62.394368704999806,0.066921927,1.5818181818181833,1.5832331807485547,561.4803215064915,DJI_0056
00:02:03.682,1236,3708,34,1.71855E+12,100,640,2.8,0,5842,224,10000,0,62.394369,28.755806,-0.203,28.75580598000006,62.39436870999981,0.064953771,1.5352941176470571,1.5366675047127416,561.4948344773693,DJI_0056
00:02:03.716,1236.333333,3709,33,1.71855E+12,100,640,2.8,0,5842,224,10000,0,62.394369,28.755806,-0.1885,28.755805985000055,62.39436871,0.066921772,1.5818181818181802,1.5832331741869863,561.5093474481326,DJI_0056
00:02:03.749,1236.666667,3710,33,1.71855E+12,100,640,2.8,0,5844,224,10000,0,62.394369,28.755806,-0.174,28.75580599000006,62.394368719999804,0.066922067,1.5818181818181802,1.5832331866735672,561.5238604190105,DJI_0056
00:02:03.782,1237,3711,34,1.71855E+12,100,640,2.8,0,5844,224,10000,0,62.394369,28.755806,-0.1595,28.75580599500006,62.39436872,0.06495362,1.5352941176470603,1.536667498344071,561.5383733898282,DJI_0056
00:02:03.816,1237.333333,3712,33,1.71855E+12,100,640,2.8,0,5847,224,10000,0,62.394369,28.755806,-0.145,28.755806000000057,62.394368729999805,0.066921912,1.5818181818181802,1.5832331801119868,561.5528863606459,DJI_0056
00:02:03.849,1237.666667,3713,33,1.71855E+12,100,640,2.8,0,5847,224,10000,0,62.394369,28.755806,-0.1305,28.755806000000057,62.39436873,0.060719844544317295,1.5818181818181802,1.5829831521061934,561.5673970395402,DJI_0056
00:02:03.882,1238,3714,34,1.71855E+12,100,640,2.8,0,5850,224,10000,0,62.394369,28.755806,-0.116,28.755806000000057,62.39436874,0.058933667,1.5352941176470587,1.5364248125992825,561.5819077183259,DJI_0056
00:02:03.916,1238.333333,3715,33,1.71855E+12,100,640,2.8,0,5850,224,10000,0,62.394369,28.755806,-0.1015,28.755806000000057,62.394368744999795,0.060719844544317295,1.5818181818181818,1.582983152106195,561.5964183972202,DJI_0056
00:02:03.949,1238.666667,3716,33,1.71855E+12,100,640,2.8,0,5852,224,10000,0,62.394369,28.755806,-0.087,28.755806000000057,62.39436874999979,0.060719536,1.5818181818181802,1.5829831402538048,561.6109290760058,DJI_0056
00:02:03.982,1239,3717,34,1.71855E+12,100,640,2.8,0,5852,224,10000,0,62.394369,28.755806,-0.0725,28.755806000000057,62.39436875499979,0.058933966763602075,1.5352941176470587,1.5364248241030716,561.6254397549002,DJI_0056
00:02:04.016,1239.333333,3718,33,1.71855E+12,100,640,2.8,0,5854,224,10000,0,62.394369,28.755806,-0.058,28.755806000000057,62.394368759999786,0.060719536,1.5818181818181818,1.5829831402538064,561.6399504336858,DJI_0056
00:02:04.049,1239.666667,3719,34,1.71855E+12,100,640,2.8,0,5854,224,10000,0,62.394369,28.755806,-0.0435,28.755806000000057,62.39436876499978,0.058933966763602075,1.5352941176470587,1.5364248241030716,561.6544611125802,DJI_0056
00:02:04.083,1240,3720,33,1.71855E+12,100,640,2.8,0,5857,224,10000,0,62.394369,28.755806,-0.029,28.755806000000057,62.39436876999978,0.060719536,1.5818181818181818,1.5829831402538064,561.6689717913658,DJI_0056
00:02:04.116,1240.333333,3721,33,1.71855E+12,100,640,2.8,0,5857,224,10000,0,62.394369,28.755806,-0.0145,28.755806000000057,62.39436877499978,0.060719844544317295,1.5818181818181818,1.582983152106195,561.6834824702602,DJI_0056
00:02:04.149,1240.666667,3722,34,1.71855E+12,100,640,2.8,0,5858,224,10000,0,62.394369,28.755806,0,28.755806000000057,62.39436877999979,0.058933966763602075,1.5352941176470587,1.5364248241030716,561.6979931491545,DJI_0056
00:02:04.183,1241,3723,33,1.71855E+12,100,640,2.8,0,5858,224,10000,0,62.394369,28.755806,0,28.755806000000057,62.39436878499978,0.060719381050564826,0,0.060719381050564826,561.6985497434808,DJI_0056
00:02:04.216,1241.333333,3724,33,1.71855E+12,100,640,2.8,0,5861,224,10000,0,62.394369,28.755806,0,28.755806000000057,62.39436878999978,0.060719999,0,0.060719999,561.6991063434721,DJI_0056
00:02:04.249,1241.666667,3725,34,1.71855E+12,100,640,2.8,0,5861,224,10000,0,62.394369,28.755806,0,28.755806000000057,62.394368794999785,0.058933817,0,0.058933817,561.6996629406308,DJI_0056
00:02:04.283,1242,3726,33,1.71855E+12,100,640,2.8,0,5862,224,10000,0,62.394369,28.755806,0,28.755806000000057,62.39436879999978,0.060719536,0,0.060719536,561.7002195363733,DJI_0056
00:02:04.316,1242.333333,3727,33,1.71855E+12,100,640,2.8,0,5862,224,10000,0,62.394369,28.755806,0,28.755806000000057,62.39436880499978,0.060719844544317295,0,0.060719844544317295,561.7007761349483,DJI_0056
00:02:04.349,1242.666667,3728,34,1.71855E+12,100,640,2.8,0,5864,224,10000,0,62.394369,28.755806,0,28.755806000000057,62.394368809999776,0.058933667,0,0.058933667,561.7013327306909,DJI_0056
00:02:04.383,1243,3729,33,1.71855E+12,100,640,2.8,0,5864,224,10000,0,62.394369,28.755806,0,28.755806000000057,62.39436881499978,0.060719844544317295,0,0.060719844544317295,561.7018893292659,DJI_0056
00:02:04.416,1243.333333,3730,34,1.71855E+12,100,640,2.8,0,5865,224,10000,0,62.394369,28.755806,0,28.755806000000057,62.394368819999784,0.058933966763602075,0,0.058933966763602075,561.7024459278409,DJI_0056
00:02:04.450,1243.666667,3731,33,1.71855E+12,100,640,2.8,0,5865,224,10000,0,62.394369,28.755806,0,28.755806000000057,62.39436882499978,0.060719536,0,0.060719536,561.7030025235835,DJI_0056
00:02:04.483,1244,3732,33,1.71855E+12,100,640,2.8,0,5865,224,10000,0,62.394369,28.755806,0,28.755806000000057,62.394368829999785,0.060719844544317295,0,0.060719844544317295,561.7035591221585,DJI_0056
00:02:04.516,1244.333333,3733,34,1.71855E+12,100,640,2.8,0,5865,224,10000,0,62.394369,28.755806,0,28.755806000000057,62.39436883499979,0.058933966763602075,0,0.058933966763602075,561.7041157207335,DJI_0056
00:02:04.550,1244.666667,3734,33,1.71855E+12,100,640,2.8,0,5866,224,10000,0,62.394369,28.755806,0,28.755806000000057,62.39436883999978,0.060719536,0,0.060719536,561.7046723,DJI_0056
00:02:04.583,1245,3735,33,1.71855E+12,100,640,2.8,0,5866,224,10000,0,62.394369,28.755806,0,28.755806000000057,62.39436884499978,0.060719844544317295,0,0.060719844544317295,561.7052289150511,DJI_0056
00:02:04.616,1245.333333,3736,34,1.71855E+12,100,640,2.8,0,5866,224,10000,0,62.394369,28.755806,0,28.755806000000057,62.39436884999978,0.058933667,0,0.058933667,561.7057855107936,DJI_0056
00:02:04.650,1245.666667,3737,33,1.71855E+12,100,640,2.8,0,5866,224,10000,0,62.394369,28.755806,0,28.755806000000057,62.39436885499978,0.060719844544317295,0,0.060719844544317295,561.7063421093686,DJI_0056
00:02:04.683,1246,3738,33,1.71855E+12,100,640,2.8,0,5868,224,10000,0,62.394369,28.755806,0,28.755806000000057,62.39436885999979,0.060719844544317295,0,0.060719844544317295,561.7068987079437,DJI_0056
00:02:04.716,1246.333333,3739,34,1.71855E+12,100,640,2.8,0,5868,224,10000,0,62.394369,28.755806,0,28.755806000000057,62.39436886499979,0.058933817,0,0.058933817,561.7074553051024,DJI_0056
00:02:04.750,1246.666667,3740,33,1.71855E+12,100,640,2.8,0,5868,224,10000,0,62.394369,28.755806,0,28.755806000000057,62.39436886999979,0.06071969,0,0.06071969,561.7080119022611,DJI_0056
00:02:04.783,1247,3741,34,1.71855E+12,100,640,2.8,0,5868,224,10000,0,62.394369,28.755806,0,28.755806000000057,62.39436887499979,0.058933966763602075,0,0.058933966763602075,561.7085685008361,DJI_0056
00:02:04.817,1247.333333,3742,33,1.71855E+12,100,640,2.8,0,5869,224,10000,0,62.394369,28.755806,0,28.755806000000057,62.39436887999978,0.060719536,0,0.060719536,561.7091250965786,DJI_0056
00:02:04.850,1247.666667,3743,33,1.71855E+12,100,640,2.8,0,5869,224,10000,0,62.394369,28.755806,0,28.755806000000057,62.394368884999786,0.060719844544317295,0,0.060719844544317295,561.7096816951537,DJI_0056
00:02:04.883,1248,3744,34,1.71855E+12,100,640,2.8,0,5869,224,10000,0,62.394369,28.755806,0,28.755806000000057,62.39436888999979,0.058933817,0,0.058933817,561.7102382923124,DJI_0056
00:02:04.917,1248.333333,3745,33,1.71855E+12,100,640,2.8,0,5869,224,10000,0,62.394369,28.755806,0,28.755806000000057,62.394368894999786,0.06071969,0,0.06071969,561.7107948894711,DJI_0056
00:02:04.950,1248.666667,3746,33,1.71855E+12,100,640,2.8,0,5870,224,10000,0,62.394369,28.755806,0,28.755806000000057,62.39436889999979,0.060719844544317295,0,0.060719844544317295,561.7113514880461,DJI_0056
00:02:04.983,1249,3747,34,1.71855E+12,100,640,2.8,0,5870,224,10000,0,62.394369,28.755806,0,28.755806000000057,62.39436890499978,0.058933667,0,0.058933667,561.7119080837887,DJI_0056
00:02:05.017,1249.333333,3748,33,1.71855E+12,100,640,2.8,0,5872,224,10000,0,62.394369,28.755806,0,28.755806000000057,62.394368909999784,0.060719844544317295,0,0.060719844544317295,561.7124646823637,DJI_0056
00:02:05.050,1249.666667,3749,33,1.71855E+12,100,640,2.8,0,5872,224,10000,0,62.394369,28.755806,0,28.755806000000057,62.39436891499979,0.06071969,0,0.06071969,561.7130212795224,DJI_0056
00:02:05.083,1250,3750,34,1.71855E+12,100,640,2.8,0,5872,224,10000,0,62.394369,28.755806,0,28.755806000000057,62.39436891999978,0.058933817,0,0.058933817,561.7135778766811,DJI_0056
